Invoice,StockCode,Description,Quantity,InvoiceDate,Price,Customer ID,Country
489439,POST,POSTAGE,3,2009-12-01 09:28:00,18.0,12682.0,France
489444,POST,POSTAGE,1,2009-12-01 09:55:00,141.0,12636.0,USA
489447,POST,POSTAGE,1,2009-12-01 10:10:00,130.0,12362.0,Belgium
489526,POST,POSTAGE,6,2009-12-01 11:50:00,18.0,12533.0,Germany
C489538,POST,POSTAGE,-1,2009-12-01 12:18:00,9.58,15796.0,United Kingdom
489557,POST,POSTAGE,4,2009-12-01 12:52:00,18.0,12490.0,France
489597,DOT,DOTCOM POSTAGE,1,2009-12-01 14:28:00,647.19,,United Kingdom
489600,DOT,DOTCOM POSTAGE,1,2009-12-01 14:43:00,55.96,,United Kingdom
489601,DOT,DOTCOM POSTAGE,1,2009-12-01 14:44:00,68.39,,United Kingdom
489602,DOT,DOTCOM POSTAGE,1,2009-12-01 14:45:00,59.35,,United Kingdom
489603,DOT,DOTCOM POSTAGE,1,2009-12-01 14:46:00,42.39,,United Kingdom
489604,DOT,DOTCOM POSTAGE,1,2009-12-01 14:47:00,50.87,,United Kingdom
489607,DOT,DOTCOM POSTAGE,1,2009-12-01 14:49:00,76.3,,United Kingdom
489609,M,Manual,1,2009-12-01 14:50:00,4.0,,United Kingdom
489609,DOT,DOTCOM POSTAGE,1,2009-12-01 14:50:00,74.61,,United Kingdom
489612,DOT,DOTCOM POSTAGE,1,2009-12-01 14:55:00,87.39,,United Kingdom
489614,DOT,DOTCOM POSTAGE,1,2009-12-01 14:56:00,80.3,,United Kingdom
489615,DOT,DOTCOM POSTAGE,1,2009-12-01 14:56:00,77.13,,United Kingdom
489616,DOT,DOTCOM POSTAGE,1,2009-12-01 14:58:00,83.74,,United Kingdom
C489651,M,Manual,-1,2009-12-01 16:48:00,5.1,17804.0,United Kingdom
C489685,POST,POSTAGE,-1,2009-12-02 10:28:00,18.0,12523.0,France
489856,DOT,DOTCOM POSTAGE,1,2009-12-02 14:36:00,470.24,,United Kingdom
489857,DOT,DOTCOM POSTAGE,1,2009-12-02 14:43:00,775.24,,United Kingdom
C489859,M,Manual,-1,2009-12-02 14:45:00,69.57,,United Kingdom
489861,DOT,DOTCOM POSTAGE,1,2009-12-02 14:50:00,0.0,,United Kingdom
489883,POST,POSTAGE,3,2009-12-02 16:24:00,18.0,12437.0,France
490074,DOT,DOTCOM POSTAGE,1,2009-12-03 14:39:00,862.67,,United Kingdom
C490117,POST,POSTAGE,-1,2009-12-03 17:38:00,2.99,16570.0,United Kingdom
C490120,POST,POSTAGE,-2,2009-12-03 17:52:00,18.0,14277.0,France
C490126,M,Manual,-1,2009-12-03 18:12:00,5.95,15884.0,United Kingdom
C490129,M,Manual,-1,2009-12-03 18:26:00,1998.49,15482.0,United Kingdom
490149,DOT,DOTCOM POSTAGE,1,2009-12-04 09:43:00,922.05,,United Kingdom
490152,POST,POSTAGE,7,2009-12-04 10:00:00,18.0,12714.0,France
490158,POST,POSTAGE,3,2009-12-04 10:47:00,18.0,12759.0,Netherlands
490295,POST,POSTAGE,4,2009-12-04 13:47:00,28.0,12510.0,Spain
C490296,POST,POSTAGE,-1,2009-12-04 13:51:00,28.0,12510.0,Spain
490300,M,Manual,1,2009-12-04 14:19:00,0.85,12970.0,United Kingdom
490300,M,Manual,1,2009-12-04 14:19:00,0.21,12970.0,United Kingdom
C490307,POST,POSTAGE,-1,2009-12-04 14:49:00,8.97,,United Kingdom
490344,POST,POSTAGE,1,2009-12-04 15:53:00,18.0,,United Kingdom
490395,POST,POSTAGE,2,2009-12-06 10:16:00,18.0,13813.0,Germany
490397,POST,POSTAGE,2,2009-12-06 10:30:00,15.0,12417.0,Belgium
490458,POST,POSTAGE,4,2009-12-06 11:57:00,18.0,12583.0,France
490564,POST,POSTAGE,7,2009-12-07 10:42:00,18.0,12471.0,Germany
490682,POST,POSTAGE,2,2009-12-07 13:37:00,18.0,12600.0,Germany
490718,POST,POSTAGE,3,2009-12-07 15:42:00,40.0,12443.0,Norway
490727,M,Manual,1,2009-12-07 16:38:00,0.0,17231.0,United Kingdom
490733,POST,POSTAGE,3,2009-12-07 16:56:00,28.0,12540.0,Spain
490741,DOT,DOTCOM POSTAGE,1,2009-12-07 17:56:00,862.38,,United Kingdom
490745,DOT,DOTCOM POSTAGE,1,2009-12-07 18:02:00,630.36,,United Kingdom
C490748,M,Manual,-1,2009-12-07 18:14:00,309.73,12748.0,United Kingdom
490760,M,Manual,1,2009-12-08 09:49:00,10.0,14295.0,United Kingdom
C490798,POST,POSTAGE,-2,2009-12-08 11:51:00,18.0,14277.0,France
490806,POST,POSTAGE,1,2009-12-08 12:13:00,4.0,13485.0,United Kingdom
490881,M,Manual,1,2009-12-08 12:58:00,10.0,16210.0,United Kingdom
490936,POST,POSTAGE,2,2009-12-08 13:56:00,28.0,12785.0,Portugal
C490943,BANK CHARGES, Bank Charges,-1,2009-12-08 14:08:00,15.0,16703.0,United Kingdom
490948,BANK CHARGES, Bank Charges,1,2009-12-08 14:29:00,15.0,16805.0,United Kingdom
490959,POST,POSTAGE,2,2009-12-08 15:14:00,18.0,12682.0,France
490963,DOT,DOTCOM POSTAGE,1,2009-12-08 15:49:00,560.87,,United Kingdom
490964,POST,POSTAGE,1,2009-12-08 16:09:00,15.0,14646.0,Netherlands
490999,M,Manual,1,2009-12-08 17:26:00,15.95,13883.0,United Kingdom
490999,M,Manual,1,2009-12-08 17:26:00,8.7,13883.0,United Kingdom
491041,DOT,DOTCOM POSTAGE,1,2009-12-09 09:42:00,483.14,,United Kingdom
491043,DOT,DOTCOM POSTAGE,1,2009-12-09 09:51:00,660.21,,United Kingdom
491050,POST,POSTAGE,2,2009-12-09 10:46:00,18.0,12712.0,Germany
491094,POST,POSTAGE,1,2009-12-09 13:49:00,216.0,12709.0,Germany
491155,DOT,DOTCOM POSTAGE,1,2009-12-10 09:49:00,810.57,,United Kingdom
C491157,M,Manual,-1,2009-12-10 10:00:00,40.0,14942.0,United Kingdom
491176,M,Manual,1,2009-12-10 11:50:00,1213.02,13091.0,United Kingdom
C491423,M,Manual,-1,2009-12-10 19:45:00,2.2,16798.0,United Kingdom
C491623,POST,POSTAGE,-1,2009-12-11 14:20:00,15.0,16253.0,United Kingdom
491649,POST,POSTAGE,2,2009-12-13 10:28:00,40.0,12664.0,Finland
491698,POST,POSTAGE,4,2009-12-13 13:31:00,18.0,12681.0,France
491709,POST,POSTAGE,1,2009-12-13 14:51:00,18.0,12600.0,Germany
491710,POST,POSTAGE,2,2009-12-13 15:01:00,18.0,12683.0,France
491715,POST,POSTAGE,1,2009-12-13 15:43:00,18.0,14277.0,France
491738,POST,POSTAGE,5,2009-12-14 10:49:00,18.0,12472.0,Germany
491784,POST,POSTAGE,7,2009-12-14 12:48:00,18.0,12471.0,Germany
491805,POST,POSTAGE,7,2009-12-14 13:10:00,18.0,12613.0,Germany
491958,POST,POSTAGE,1,2009-12-14 16:10:00,5.0,13577.0,United Kingdom
491966,DOT,DOTCOM POSTAGE,1,2009-12-14 17:16:00,815.01,,United Kingdom
491969,DOT,DOTCOM POSTAGE,1,2009-12-14 17:57:00,882.72,,United Kingdom
491970,DOT,DOTCOM POSTAGE,1,2009-12-14 18:03:00,602.14,,United Kingdom
491971,DOT,DOTCOM POSTAGE,1,2009-12-14 18:37:00,632.06,,United Kingdom
491988,POST,POSTAGE,4,2009-12-15 10:02:00,18.0,13902.0,Denmark
C491989,POST,POSTAGE,-2,2009-12-15 10:04:00,18.0,13902.0,Denmark
C492013,POST,POSTAGE,-1,2009-12-15 11:55:00,5.0,13577.0,United Kingdom
C492205,M,Manual,-1,2009-12-15 16:28:00,398.05,,United Kingdom
C492206,BANK CHARGES, Bank Charges,-1,2009-12-15 16:32:00,848.43,,United Kingdom
C492207,M,Manual,-1,2009-12-15 16:34:00,906.26,,United Kingdom
492226,DOT,DOTCOM POSTAGE,1,2009-12-15 18:33:00,500.13,,United Kingdom
492248,POST,POSTAGE,6,2009-12-16 10:28:00,15.0,14646.0,Netherlands
492303,DOT,DOTCOM POSTAGE,1,2009-12-16 11:57:00,637.09,,United Kingdom
492414,DOT,DOTCOM POSTAGE,1,2009-12-16 17:01:00,945.56,,United Kingdom
492425,DOT,DOTCOM POSTAGE,1,2009-12-16 17:58:00,753.98,,United Kingdom
492446,POST,POSTAGE,3,2009-12-17 11:11:00,40.0,13520.0,Switzerland
492484,M,Manual,4,2009-12-17 11:43:00,0.35,15862.0,United Kingdom
492531,POST,POSTAGE,1,2009-12-17 12:54:00,3.95,,United Kingdom
492586,M,Manual,1,2009-12-17 15:27:00,1.25,,United Kingdom
492650,M,Manual,1,2009-12-17 17:43:00,803.25,14911.0,EIRE
C492651,M,Manual,-1,2009-12-17 17:44:00,803.25,14911.0,EIRE
C492653,POST,POSTAGE,-1,2009-12-17 17:47:00,22.0,13834.0,United Kingdom
492716,POST,POSTAGE,1,2009-12-18 10:25:00,18.0,12708.0,Germany
492782,DOT,DOTCOM POSTAGE,1,2009-12-18 17:06:00,692.24,,United Kingdom
492783,DOT,DOTCOM POSTAGE,1,2009-12-18 17:15:00,604.12,,United Kingdom
492816,POST,POSTAGE,2,2009-12-20 13:30:00,18.0,12609.0,Germany
492830,POST,POSTAGE,5,2009-12-20 15:38:00,18.0,12683.0,France
492831,M,Manual,1,2009-12-20 15:57:00,0.85,,United Kingdom
C492899,M,Manual,-1,2009-12-21 12:05:00,547.3,12748.0,United Kingdom
492935,M,Manual,1,2009-12-21 12:18:00,74.1,13641.0,United Kingdom
492944,POST,POSTAGE,1,2009-12-21 13:18:00,18.0,12682.0,France
492948,M,Manual,1,2009-12-21 14:33:00,68.96,14606.0,United Kingdom
492950,POST,POSTAGE,5,2009-12-21 14:52:00,18.0,12471.0,Germany
493066,M,Manual,1,2009-12-21 17:14:00,0.85,,United Kingdom
493073,DOT,DOTCOM POSTAGE,1,2009-12-22 09:41:00,440.9,,United Kingdom
493074,DOT,DOTCOM POSTAGE,1,2009-12-22 09:45:00,287.02,,United Kingdom
493079,DOT,DOTCOM POSTAGE,1,2009-12-22 09:52:00,467.05,,United Kingdom
493183,POST,POSTAGE,2,2009-12-22 12:03:00,40.0,12440.0,Austria
493260,DOT,DOTCOM POSTAGE,1,2009-12-22 14:31:00,429.14,,United Kingdom
493261,DOT,DOTCOM POSTAGE,1,2009-12-22 14:48:00,88.48,,United Kingdom
493264,DOT,DOTCOM POSTAGE,1,2009-12-22 15:04:00,123.96,,United Kingdom
493265,M,Manual,2,2009-12-22 15:05:00,4.0,,United Kingdom
493265,DOT,DOTCOM POSTAGE,1,2009-12-22 15:05:00,167.52,,United Kingdom
493267,M,Manual,1,2009-12-22 15:06:00,4.0,,United Kingdom
493267,DOT,DOTCOM POSTAGE,1,2009-12-22 15:06:00,122.3,,United Kingdom
493269,DOT,DOTCOM POSTAGE,1,2009-12-22 15:07:00,114.26,,United Kingdom
493271,DOT,DOTCOM POSTAGE,1,2009-12-22 15:08:00,102.52,,United Kingdom
493273,DOT,DOTCOM POSTAGE,1,2009-12-22 15:09:00,155.35,,United Kingdom
493276,DOT,DOTCOM POSTAGE,1,2009-12-22 15:10:00,110.22,,United Kingdom
493283,M,Manual,2,2009-12-22 15:12:00,4.0,,United Kingdom
493283,DOT,DOTCOM POSTAGE,1,2009-12-22 15:12:00,136.52,,United Kingdom
493290,DOT,DOTCOM POSTAGE,1,2009-12-22 15:13:00,3.43,,United Kingdom
493287,M,Manual,1,2009-12-22 15:13:00,4.0,,United Kingdom
493287,DOT,DOTCOM POSTAGE,1,2009-12-22 15:13:00,100.7,,United Kingdom
493288,DOT,DOTCOM POSTAGE,1,2009-12-22 15:13:00,34.13,,United Kingdom
493404,DOT,DOTCOM POSTAGE,1,2009-12-23 15:30:00,184.68,,United Kingdom
C493538,POST,POSTAGE,-1,2010-01-04 15:35:00,50.0,17949.0,United Kingdom
493759,M,Manual,3,2010-01-06 13:56:00,1.25,17965.0,United Kingdom
493806,POST,POSTAGE,1,2010-01-07 11:31:00,18.0,17404.0,Sweden
C493853,POST,POSTAGE,-1,2010-01-07 15:54:00,7.06,16325.0,United Kingdom
493876,POST,POSTAGE,1,2010-01-07 18:38:00,1.0,12648.0,Germany
493897,M,Manual,1,2010-01-08 10:39:00,780.52,14911.0,EIRE
C493898,M,Manual,-1,2010-01-08 10:40:00,780.52,14911.0,EIRE
493899,POST,POSTAGE,3,2010-01-08 10:43:00,15.0,12417.0,Belgium
493900,M,Manual,1,2010-01-08 10:44:00,780.52,14911.0,EIRE
493924,POST,POSTAGE,1,2010-01-08 11:25:00,180.0,12678.0,France
493950,POST,POSTAGE,4,2010-01-08 13:19:00,18.0,12681.0,France
493964,POST,POSTAGE,10,2010-01-08 16:29:00,18.0,12714.0,France
493975,POST,POSTAGE,4,2010-01-10 11:27:00,28.0,12540.0,Spain
494009,POST,POSTAGE,2,2010-01-11 08:51:00,18.0,12471.0,Germany
494011,DOT,DOTCOM POSTAGE,1,2010-01-11 09:30:00,217.09,,United Kingdom
494012,DOT,DOTCOM POSTAGE,1,2010-01-11 09:31:00,161.99,,United Kingdom
494013,DOT,DOTCOM POSTAGE,1,2010-01-11 09:32:00,44.56,,United Kingdom
494014,DOT,DOTCOM POSTAGE,1,2010-01-11 09:33:00,157.88,,United Kingdom
494015,DOT,DOTCOM POSTAGE,1,2010-01-11 09:34:00,166.51,,United Kingdom
494016,DOT,DOTCOM POSTAGE,1,2010-01-11 09:35:00,371.77,,United Kingdom
494017,DOT,DOTCOM POSTAGE,1,2010-01-11 09:37:00,311.56,,United Kingdom
494018,DOT,DOTCOM POSTAGE,1,2010-01-11 09:37:00,242.3,,United Kingdom
494019,DOT,DOTCOM POSTAGE,1,2010-01-11 09:38:00,148.36,,United Kingdom
C494024,M,Manual,-1,2010-01-11 10:09:00,17.6,12959.0,United Kingdom
494042,M,Manual,1,2010-01-11 11:57:00,975.11,12510.0,Spain
494045,M,Manual,1,2010-01-11 12:01:00,435.88,12510.0,Spain
494144,DOT,DOTCOM POSTAGE,1,2010-01-11 14:35:00,239.2,,United Kingdom
494146,POST,POSTAGE,2,2010-01-11 14:37:00,15.0,14646.0,Netherlands
494147,DOT,DOTCOM POSTAGE,1,2010-01-11 14:39:00,225.76,,United Kingdom
494166,DOT,DOTCOM POSTAGE,1,2010-01-12 09:48:00,291.71,,United Kingdom
494170,POST,POSTAGE,6,2010-01-12 10:36:00,18.0,12600.0,Germany
494213,M,Manual,1,2010-01-12 11:40:00,0.85,17945.0,United Kingdom
494214,POST,POSTAGE,10,2010-01-12 11:45:00,18.0,12623.0,Germany
C494215,POST,POSTAGE,-4,2010-01-12 11:56:00,18.0,12623.0,Germany
494234,POST,POSTAGE,1,2010-01-12 15:01:00,5.0,12549.0,USA
494268,POST,POSTAGE,2,2010-01-12 17:24:00,18.0,12649.0,Germany
494280,POST,POSTAGE,4,2010-01-13 10:43:00,18.0,12682.0,France
C494347,M,Manual,-1,2010-01-13 14:20:00,751.11,12510.0,Spain
494348,M,Manual,1,2010-01-13 14:25:00,546.95,14156.0,EIRE
494351,M,Manual,1,2010-01-13 14:48:00,354.45,14277.0,France
C494353,M,Manual,-1,2010-01-13 14:50:00,323.88,12510.0,Spain
C494352,M,Manual,-1,2010-01-13 14:50:00,546.95,14156.0,EIRE
C494355,POST,POSTAGE,-1,2010-01-13 15:04:00,174.75,12510.0,Spain
C494356,M,Manual,-1,2010-01-13 15:06:00,780.52,14911.0,EIRE
494357,POST,POSTAGE,13,2010-01-13 15:06:00,18.0,12647.0,Germany
C494360,POST,POSTAGE,-1,2010-01-13 15:32:00,161.25,12510.0,Spain
C494368,POST,POSTAGE,-1,2010-01-13 16:11:00,4.41,15152.0,United Kingdom
494378,DOT,DOTCOM POSTAGE,1,2010-01-13 17:03:00,407.75,,United Kingdom
494379,DOT,DOTCOM POSTAGE,1,2010-01-13 17:08:00,262.47,,United Kingdom
494381,DOT,DOTCOM POSTAGE,1,2010-01-13 17:44:00,378.8,,United Kingdom
494382,DOT,DOTCOM POSTAGE,1,2010-01-13 17:51:00,256.05,,United Kingdom
494386,DOT,DOTCOM POSTAGE,1,2010-01-14 09:41:00,441.1,,United Kingdom
494387,DOT,DOTCOM POSTAGE,1,2010-01-14 09:46:00,252.48,,United Kingdom
C494438,BANK CHARGES, Bank Charges,-1,2010-01-14 12:15:00,767.99,,United Kingdom
C494477,M,Manual,-1,2010-01-14 15:40:00,1747.62,,United Kingdom
494495,DOT,DOTCOM POSTAGE,1,2010-01-14 17:43:00,344.17,,United Kingdom
494511,POST,POSTAGE,6,2010-01-15 09:04:00,15.0,12431.0,Belgium
494513,POST,POSTAGE,3,2010-01-15 09:37:00,15.0,12431.0,Belgium
494591,POST,POSTAGE,1,2010-01-15 12:06:00,15.0,12789.0,Netherlands
494630,POST,POSTAGE,1,2010-01-15 16:52:00,18.0,12813.0,Netherlands
494685,DOT,DOTCOM POSTAGE,1,2010-01-18 11:39:00,307.59,,United Kingdom
494782,DOT,DOTCOM POSTAGE,1,2010-01-18 13:15:00,345.65,,United Kingdom
494784,DOT,DOTCOM POSTAGE,1,2010-01-18 13:20:00,266.66,,United Kingdom
494786,DOT,DOTCOM POSTAGE,1,2010-01-18 13:24:00,224.93,,United Kingdom
C494810,POST,POSTAGE,-1,2010-01-18 16:28:00,4.45,,United Kingdom
494814,DOT,DOTCOM POSTAGE,1,2010-01-19 09:05:00,451.02,,United Kingdom
494873,POST,POSTAGE,3,2010-01-19 12:26:00,18.0,12589.0,France
494899,POST,POSTAGE,4,2010-01-19 14:37:00,18.0,12437.0,France
494918,DOT,DOTCOM POSTAGE,1,2010-01-19 17:49:00,1081.7,,United Kingdom
C494992,M,Manual,-10,2010-01-20 12:04:00,1.25,14290.0,United Kingdom
C495054,M,Manual,-1,2010-01-20 14:43:00,756.85,14911.0,EIRE
495055,M,Manual,1,2010-01-20 14:46:00,756.85,14911.0,EIRE
495056,M,Manual,1,2010-01-20 14:50:00,756.85,14911.0,EIRE
495070,DOT,DOTCOM POSTAGE,1,2010-01-20 17:50:00,687.39,,United Kingdom
C495231,M,Manual,-1,2010-01-22 09:13:00,756.85,14911.0,EIRE
C495234,M,Manual,-1,2010-01-22 09:39:00,1193.89,14156.0,EIRE
495235,M,Manual,1,2010-01-22 09:40:00,1193.89,14156.0,EIRE
495239,DOT,DOTCOM POSTAGE,1,2010-01-22 10:01:00,649.83,,United Kingdom
495280,POST,POSTAGE,2,2010-01-22 12:24:00,18.0,12708.0,Germany
495300,POST,POSTAGE,8,2010-01-22 13:39:00,28.0,12510.0,Spain
495310,POST,POSTAGE,9,2010-01-22 14:17:00,18.0,12531.0,Germany
495343,DOT,DOTCOM POSTAGE,1,2010-01-22 18:05:00,343.61,,United Kingdom
495360,POST,POSTAGE,3,2010-01-24 12:05:00,18.0,12703.0,Germany
495406,DOT,DOTCOM POSTAGE,1,2010-01-25 09:54:00,215.64,,United Kingdom
495409,M,Manual,1,2010-01-25 10:26:00,29.95,17810.0,United Kingdom
495535,DOT,DOTCOM POSTAGE,1,2010-01-25 15:36:00,13.4,,United Kingdom
495537,DOT,DOTCOM POSTAGE,1,2010-01-25 15:38:00,14.26,,United Kingdom
495538,DOT,DOTCOM POSTAGE,1,2010-01-25 15:38:00,10.04,,United Kingdom
495539,DOT,DOTCOM POSTAGE,1,2010-01-25 15:39:00,16.77,,United Kingdom
495540,DOT,DOTCOM POSTAGE,1,2010-01-25 15:40:00,23.45,,United Kingdom
495541,DOT,DOTCOM POSTAGE,1,2010-01-25 15:41:00,20.98,,United Kingdom
495542,DOT,DOTCOM POSTAGE,1,2010-01-25 15:42:00,20.13,,United Kingdom
495543,DOT,DOTCOM POSTAGE,1,2010-01-25 15:42:00,28.51,,United Kingdom
495545,DOT,DOTCOM POSTAGE,1,2010-01-25 15:42:00,25.15,,United Kingdom
C495552,M,Manual,-144,2010-01-25 16:22:00,0.35,13206.0,United Kingdom
C495552,M,Manual,-132,2010-01-25 16:22:00,0.35,13206.0,United Kingdom
495574,DOT,DOTCOM POSTAGE,1,2010-01-25 17:36:00,198.58,,United Kingdom
C495579,M,Manual,-1,2010-01-26 09:52:00,4.93,12600.0,Germany
495581,POST,POSTAGE,2,2010-01-26 10:09:00,18.0,12468.0,Germany
495609,POST,POSTAGE,3,2010-01-26 10:36:00,18.0,12471.0,Germany
495719,POST,POSTAGE,1,2010-01-26 14:37:00,15.0,12361.0,Belgium
495725,POST,POSTAGE,4,2010-01-26 15:03:00,18.0,12681.0,France
C495775,M,Manual,-16,2010-01-26 16:59:00,2.5,13528.0,United Kingdom
495804,DOT,DOTCOM POSTAGE,1,2010-01-26 17:48:00,188.55,,United Kingdom
495805,DOT,DOTCOM POSTAGE,1,2010-01-26 17:51:00,159.97,,United Kingdom
C495922,POST,POSTAGE,-1,2010-01-27 14:09:00,5.15,,United Kingdom
495951,DOT,DOTCOM POSTAGE,1,2010-01-27 17:44:00,202.84,,United Kingdom
495952,DOT,DOTCOM POSTAGE,1,2010-01-27 17:53:00,289.91,,United Kingdom
495953,DOT,DOTCOM POSTAGE,1,2010-01-27 17:56:00,236.69,,United Kingdom
496059,M,Manual,1,2010-01-28 15:26:00,20.0,16535.0,United Kingdom
496095,POST,POSTAGE,3,2010-01-29 10:15:00,28.0,12484.0,Spain
C496114,M,Manual,-1,2010-01-29 10:55:00,24.6,17949.0,United Kingdom
496115,M,Manual,1,2010-01-29 11:04:00,8985.6,17949.0,United Kingdom
C496116,M,Manual,-1,2010-01-29 11:05:00,8985.6,17949.0,United Kingdom
C496118,M,Manual,-1,2010-01-29 11:06:00,1065.54,17940.0,United Kingdom
C496123,M,Manual,-3,2010-01-29 11:07:00,55.01,17943.0,United Kingdom
496247,DOT,DOTCOM POSTAGE,1,2010-01-29 16:11:00,130.09,,United Kingdom
C496269,M,Manual,-1,2010-01-29 16:39:00,244.77,17940.0,United Kingdom
C496289,POST,POSTAGE,-1,2010-01-29 17:27:00,9.58,,United Kingdom
496290,DOT,DOTCOM POSTAGE,1,2010-01-29 17:55:00,265.66,,United Kingdom
496325,POST,POSTAGE,2,2010-01-31 13:05:00,18.0,12490.0,France
496326,POST,POSTAGE,2,2010-01-31 13:28:00,40.0,12483.0,Sweden
C496328,POST,POSTAGE,-1,2010-01-31 13:32:00,40.0,12483.0,Sweden
496340,POST,POSTAGE,13,2010-01-31 15:45:00,18.0,12668.0,Germany
C496350,M,Manual,1,2010-02-01 08:24:00,373.57,,United Kingdom
496357,POST,POSTAGE,2,2010-02-01 10:10:00,28.0,12540.0,Spain
C496358,POST,POSTAGE,-2,2010-02-01 10:12:00,28.0,12540.0,Spain
496359,POST,POSTAGE,2,2010-02-01 10:13:00,28.0,12540.0,Spain
496366,DOT,DOTCOM POSTAGE,1,2010-02-01 11:16:00,12.55,,United Kingdom
496365,DOT,DOTCOM POSTAGE,1,2010-02-01 11:16:00,6.94,,United Kingdom
496367,DOT,DOTCOM POSTAGE,1,2010-02-01 11:17:00,20.94,,United Kingdom
496368,DOT,DOTCOM POSTAGE,1,2010-02-01 11:19:00,33.53,,United Kingdom
496371,DOT,DOTCOM POSTAGE,1,2010-02-01 11:20:00,25.96,,United Kingdom
496369,DOT,DOTCOM POSTAGE,1,2010-02-01 11:20:00,33.57,,United Kingdom
496372,DOT,DOTCOM POSTAGE,1,2010-02-01 11:21:00,13.4,,United Kingdom
496373,POST,POSTAGE,4,2010-02-01 11:30:00,18.0,12711.0,Germany
496381,POST,POSTAGE,2,2010-02-01 11:44:00,18.0,12647.0,Germany
496439,POST,POSTAGE,2,2010-02-01 13:16:00,28.0,12800.0,Portugal
496467,M,Manual,1,2010-02-01 15:17:00,818.19,15480.0,Malta
C496468,M,Manual,-1,2010-02-01 15:18:00,818.19,15480.0,Malta
496487,DOT,DOTCOM POSTAGE,1,2010-02-01 17:13:00,245.56,,United Kingdom
496490,DOT,DOTCOM POSTAGE,1,2010-02-01 17:18:00,180.88,,United Kingdom
496584,M,Manual,1,2010-02-02 14:11:00,608.5,14911.0,EIRE
C496586,M,Manual,-1,2010-02-02 14:20:00,608.5,14911.0,EIRE
C496598,POST,POSTAGE,-1,2010-02-02 16:18:00,5.0,16454.0,United Kingdom
496615,DOT,DOTCOM POSTAGE,1,2010-02-03 08:50:00,180.37,,United Kingdom
496616,POST,POSTAGE,4,2010-02-03 09:03:00,18.0,12682.0,France
496617,POST,POSTAGE,2,2010-02-03 09:06:00,15.0,12805.0,Netherlands
496725,M,Manual,1,2010-02-03 14:16:00,1.5,13619.0,United Kingdom
496800,DOT,DOTCOM POSTAGE,1,2010-02-03 17:04:00,272.7,,United Kingdom
496801,DOT,DOTCOM POSTAGE,1,2010-02-03 17:06:00,183.67,,United Kingdom
496864,POST,POSTAGE,2,2010-02-04 12:08:00,40.0,12373.0,Austria
496872,M,Manual,2,2010-02-04 13:34:00,0.5,14648.0,United Kingdom
496872,M,Manual,1,2010-02-04 13:34:00,1.0,14648.0,United Kingdom
496914,POST,POSTAGE,5,2010-02-04 15:20:00,18.0,12500.0,Germany
496916,POST,POSTAGE,1,2010-02-04 15:33:00,51.0,12490.0,France
496975,POST,POSTAGE,2,2010-02-05 09:14:00,18.0,12712.0,Germany
496976,POST,POSTAGE,1,2010-02-05 09:28:00,18.0,12500.0,Germany
496979,DOT,DOTCOM POSTAGE,1,2010-02-05 09:58:00,235.91,,United Kingdom
C497008,POST,POSTAGE,-1,2010-02-05 12:33:00,0.61,,United Kingdom
C497028,M,Manual,-1,2010-02-05 13:21:00,4.8,18087.0,United Kingdom
497039,M,Manual,1,2010-02-05 14:34:00,102.84,13758.0,United Kingdom
C497051,POST,POSTAGE,-1,2010-02-05 14:45:00,8.97,13093.0,United Kingdom
497166,DOT,DOTCOM POSTAGE,1,2010-02-05 17:21:00,178.31,,United Kingdom
497201,POST,POSTAGE,7,2010-02-07 11:37:00,18.0,12681.0,France
497210,POST,POSTAGE,1,2010-02-07 12:41:00,15.0,12402.0,Belgium
497218,POST,POSTAGE,1,2010-02-07 14:27:00,18.0,12644.0,Germany
497238,POST,POSTAGE,5,2010-02-08 10:34:00,18.0,12472.0,Germany
C497262,M,Manual,-1,2010-02-08 13:14:00,503.9,,United Arab Emirates
497270,M,Manual,1,2010-02-08 13:38:00,503.9,,United Arab Emirates
497336,POST,POSTAGE,4,2010-02-08 14:41:00,18.0,12524.0,Germany
C497338,M,Manual,-1,2010-02-08 15:06:00,365.1,14911.0,EIRE
497339,M,Manual,1,2010-02-08 15:08:00,365.1,14911.0,EIRE
497340,POST,POSTAGE,1,2010-02-08 15:11:00,18.0,12665.0,Germany
497347,M,Manual,2,2010-02-08 16:06:00,0.5,17774.0,United Kingdom
497353,DOT,DOTCOM POSTAGE,1,2010-02-08 16:48:00,249.9,,United Kingdom
497354,DOT,DOTCOM POSTAGE,1,2010-02-08 16:53:00,170.38,,United Kingdom
497360,POST,POSTAGE,13,2010-02-09 09:17:00,18.0,12437.0,France
497363,POST,POSTAGE,4,2010-02-09 09:41:00,40.0,12370.0,Austria
497371,POST,POSTAGE,3,2010-02-09 10:24:00,18.0,12471.0,Germany
497374,POST,POSTAGE,2,2010-02-09 10:49:00,18.0,12645.0,Germany
C497375,M,Manual,-1,2010-02-09 10:51:00,29.95,17810.0,United Kingdom
497376,POST,POSTAGE,2,2010-02-09 11:11:00,18.0,12683.0,France
497377,POST,POSTAGE,3,2010-02-09 11:37:00,18.0,12490.0,France
497383,POST,POSTAGE,2,2010-02-09 12:01:00,18.0,12621.0,Germany
497384,POST,POSTAGE,6,2010-02-09 12:03:00,18.0,12647.0,Germany
497391,POST,POSTAGE,2,2010-02-09 12:38:00,18.0,12523.0,France
497394,POST,POSTAGE,1,2010-02-09 13:08:00,18.0,12681.0,France
497404,POST,POSTAGE,2,2010-02-09 14:28:00,18.0,12663.0,Germany
497493,DOT,DOTCOM POSTAGE,1,2010-02-09 17:38:00,185.33,,United Kingdom
497496,POST,POSTAGE,1,2010-02-10 09:07:00,40.0,12483.0,Sweden
497510,POST,POSTAGE,1,2010-02-10 12:11:00,28.0,12776.0,Portugal
497517,POST,POSTAGE,3,2010-02-10 13:04:00,18.0,13813.0,Germany
497584,M,Manual,2,2010-02-10 15:10:00,1.65,,United Kingdom
497590,DOT,DOTCOM POSTAGE,1,2010-02-10 17:59:00,328.26,,United Kingdom
497591,DOT,DOTCOM POSTAGE,1,2010-02-10 18:02:00,252.97,,United Kingdom
497594,POST,POSTAGE,2,2010-02-11 09:41:00,40.0,13520.0,Switzerland
497593,POST,POSTAGE,1,2010-02-11 09:41:00,18.0,12474.0,Germany
497601,POST,POSTAGE,1,2010-02-11 10:13:00,18.0,12670.0,France
497603,POST,POSTAGE,2,2010-02-11 10:30:00,18.0,12567.0,France
497606,POST,POSTAGE,2,2010-02-11 11:28:00,18.0,12682.0,France
497612,POST,POSTAGE,1,2010-02-11 11:53:00,18.0,12523.0,France
497662,POST,POSTAGE,1,2010-02-11 13:55:00,18.0,12677.0,France
497740,POST,POSTAGE,3,2010-02-12 10:26:00,18.0,13815.0,Germany
497839,M,Manual,3,2010-02-12 15:24:00,0.85,17954.0,United Kingdom
497873,DOT,DOTCOM POSTAGE,1,2010-02-12 17:03:00,321.59,,United Kingdom
497882,M,Manual,1,2010-02-14 11:42:00,100.0,12748.0,United Kingdom
497926,POST,POSTAGE,4,2010-02-15 08:41:00,18.0,12426.0,Germany
C497951,M,Manual,-1,2010-02-15 12:29:00,1508.65,12380.0,Belgium
497952,M,Manual,1,2010-02-15 12:31:00,1508.65,12380.0,Belgium
498114,M,Manual,12,2010-02-16 14:32:00,6.75,15311.0,United Kingdom
498121,M,Manual,3,2010-02-16 15:27:00,7.95,17351.0,United Kingdom
498133,DOT,DOTCOM POSTAGE,1,2010-02-16 17:24:00,543.57,,United Kingdom
498134,DOT,DOTCOM POSTAGE,1,2010-02-16 17:25:00,128.78,,United Kingdom
498269,BANK CHARGES, Bank Charges,1,2010-02-17 15:03:00,15.0,16928.0,United Kingdom
C498306,POST,POSTAGE,-1,2010-02-18 09:35:00,8.22,15416.0,United Kingdom
C498308,POST,POSTAGE,-1,2010-02-18 09:54:00,2.14,16714.0,United Kingdom
C498342,POST,POSTAGE,-1,2010-02-18 11:14:00,2.7,16481.0,United Kingdom
498343,POST,POSTAGE,1,2010-02-18 11:19:00,1.0,12600.0,Germany
498441,DOT,DOTCOM POSTAGE,1,2010-02-19 09:37:00,271.95,,United Kingdom
498443,DOT,DOTCOM POSTAGE,1,2010-02-19 09:49:00,206.49,,United Kingdom
498444,DOT,DOTCOM POSTAGE,1,2010-02-19 09:52:00,153.76,,United Kingdom
498485,DOT,DOTCOM POSTAGE,1,2010-02-19 10:49:00,42.77,,United Kingdom
498486,DOT,DOTCOM POSTAGE,1,2010-02-19 10:54:00,38.64,,United Kingdom
498487,DOT,DOTCOM POSTAGE,1,2010-02-19 10:54:00,35.23,,United Kingdom
498489,DOT,DOTCOM POSTAGE,1,2010-02-19 10:55:00,13.4,,United Kingdom
498488,DOT,DOTCOM POSTAGE,1,2010-02-19 10:55:00,15.91,,United Kingdom
498490,DOT,DOTCOM POSTAGE,1,2010-02-19 10:55:00,28.55,,United Kingdom
498491,DOT,DOTCOM POSTAGE,1,2010-02-19 10:56:00,47.83,,United Kingdom
498492,DOT,DOTCOM POSTAGE,1,2010-02-19 10:56:00,31.87,,United Kingdom
498493,DOT,DOTCOM POSTAGE,1,2010-02-19 11:03:00,45.36,,United Kingdom
498494,DOT,DOTCOM POSTAGE,1,2010-02-19 11:06:00,17.66,,United Kingdom
498495,DOT,DOTCOM POSTAGE,1,2010-02-19 11:06:00,5.87,,United Kingdom
498496,DOT,DOTCOM POSTAGE,1,2010-02-19 11:06:00,10.89,,United Kingdom
498497,DOT,DOTCOM POSTAGE,1,2010-02-19 11:07:00,14.26,,United Kingdom
498498,DOT,DOTCOM POSTAGE,1,2010-02-19 11:07:00,40.26,,United Kingdom
498500,DOT,DOTCOM POSTAGE,1,2010-02-19 11:08:00,22.68,,United Kingdom
498501,DOT,DOTCOM POSTAGE,1,2010-02-19 11:08:00,16.77,,United Kingdom
498499,DOT,DOTCOM POSTAGE,1,2010-02-19 11:08:00,33.66,,United Kingdom
498502,DOT,DOTCOM POSTAGE,1,2010-02-19 11:09:00,20.13,,United Kingdom
498518,M,Manual,2,2010-02-19 12:48:00,7.49,15867.0,United Kingdom
498545,M,Manual,2,2010-02-19 17:02:00,1.25,13191.0,United Kingdom
498545,M,Manual,2,2010-02-19 17:02:00,1.49,13191.0,United Kingdom
498549,DOT,DOTCOM POSTAGE,1,2010-02-19 18:04:00,267.6,,United Kingdom
498570,M,Manual,2,2010-02-21 12:52:00,0.4,15059.0,United Kingdom
498571,M,Manual,1,2010-02-21 12:57:00,1.25,15774.0,United Kingdom
498768,POST,POSTAGE,5,2010-02-23 09:54:00,18.0,12727.0,France
498780,DOT,DOTCOM POSTAGE,1,2010-02-23 10:50:00,183.11,,United Kingdom
498797,M,Manual,1,2010-02-23 11:14:00,8.49,15493.0,United Kingdom
498890,POST,POSTAGE,3,2010-02-23 13:21:00,18.0,12682.0,France
498907,POST,POSTAGE,2,2010-02-23 14:52:00,18.0,12472.0,Germany
498911,M,Manual,2,2010-02-23 15:27:00,0.65,16702.0,United Kingdom
498934,DOT,DOTCOM POSTAGE,1,2010-02-24 10:42:00,133.97,,United Kingdom
499020,M,Manual,4,2010-02-24 12:19:00,2.95,14527.0,United Kingdom
499057,M,Manual,3,2010-02-24 13:48:00,1.25,15898.0,United Kingdom
499073,DOT,DOTCOM POSTAGE,1,2010-02-24 15:23:00,186.23,,United Kingdom
499218,POST,POSTAGE,5,2010-02-25 11:23:00,18.0,12647.0,Germany
499223,POST,POSTAGE,3,2010-02-25 11:45:00,18.0,12583.0,France
499246,DOT,DOTCOM POSTAGE,1,2010-02-25 13:40:00,272.81,,United Kingdom
499270,POST,POSTAGE,1,2010-02-25 16:21:00,18.0,12500.0,Germany
C499283,POST,POSTAGE,-1,2010-02-25 18:56:00,7.06,15240.0,United Kingdom
499285,M,Manual,1,2010-02-25 19:08:00,0.85,17207.0,United Kingdom
499314,DOT,DOTCOM POSTAGE,1,2010-02-26 10:51:00,195.94,,United Kingdom
C499374,BANK CHARGES, Bank Charges,-1,2010-02-26 11:55:00,467.54,,United Kingdom
C499375,M,Manual,-1,2010-02-26 11:57:00,664.23,,United Kingdom
C499376,M,Manual,-1,2010-02-26 11:58:00,1466.23,,United Kingdom
499382,POST,POSTAGE,1,2010-02-26 12:08:00,15.0,14646.0,Netherlands
499422,DOT,DOTCOM POSTAGE,1,2010-02-26 16:33:00,284.83,,United Kingdom
499454,POST,POSTAGE,2,2010-02-28 10:31:00,18.0,12708.0,Germany
499478,M,Manual,6,2010-02-28 12:50:00,3.75,15664.0,United Kingdom
499482,POST,POSTAGE,3,2010-02-28 13:25:00,18.0,12471.0,Germany
499517,POST,POSTAGE,3,2010-03-01 09:58:00,18.0,12598.0,France
499628,M,Manual,1,2010-03-01 13:22:00,3.75,16521.0,United Kingdom
499631,POST,POSTAGE,3,2010-03-01 13:29:00,28.0,12540.0,Spain
499638,DOT,DOTCOM POSTAGE,1,2010-03-01 13:45:00,243.32,,United Kingdom
499682,POST,POSTAGE,2,2010-03-02 09:25:00,18.0,12623.0,Germany
499765,DOT,DOTCOM POSTAGE,1,2010-03-02 13:15:00,343.84,,United Kingdom
499777,POST,POSTAGE,5,2010-03-02 14:01:00,18.0,12525.0,France
499780,POST,POSTAGE,1,2010-03-02 14:19:00,119.6,12809.0,Portugal
499858,DOT,DOTCOM POSTAGE,1,2010-03-02 17:04:00,304.24,,United Kingdom
499881,POST,POSTAGE,3,2010-03-03 10:19:00,18.0,12645.0,Germany
499895,M,Manual,2,2010-03-03 11:51:00,3.75,14593.0,United Kingdom
499959,POST,POSTAGE,1,2010-03-03 12:53:00,200.0,12380.0,Belgium
499964,POST,POSTAGE,1,2010-03-03 13:51:00,35.0,12594.0,Italy
499965,M,Manual,6,2010-03-03 13:57:00,1.0,16461.0,United Kingdom
499980,DOT,DOTCOM POSTAGE,1,2010-03-03 15:28:00,281.7,,United Kingdom
499982,POST,POSTAGE,2,2010-03-03 15:56:00,18.0,12681.0,France
C500081,M,Manual,-1,2010-03-04 11:52:00,102.84,13758.0,United Kingdom
500091,DOT,DOTCOM POSTAGE,1,2010-03-04 12:06:00,286.02,,United Kingdom
500094,M,Manual,3,2010-03-04 12:24:00,0.1,15005.0,United Kingdom
C500095,M,Manual,-1,2010-03-04 12:30:00,308.74,13097.0,United Kingdom
500098,M,Manual,3,2010-03-04 12:32:00,1.25,16771.0,United Kingdom
500098,M,Manual,3,2010-03-04 12:32:00,4.25,16771.0,United Kingdom
500113,M,Manual,1,2010-03-04 12:50:00,308.74,13097.0,United Kingdom
500115,M,Manual,1,2010-03-04 12:57:00,3.95,17847.0,United Kingdom
500121,POST,POSTAGE,2,2010-03-04 14:05:00,18.0,12490.0,France
500128,M,Manual,1,2010-03-04 14:45:00,1.25,13610.0,United Kingdom
500157,POST,POSTAGE,2,2010-03-04 18:23:00,40.0,12371.0,Switzerland
500158,POST,POSTAGE,1,2010-03-04 18:25:00,40.0,12371.0,Switzerland
500161,POST,POSTAGE,5,2010-03-05 07:15:00,18.0,12647.0,Germany
500163,POST,POSTAGE,1,2010-03-05 08:45:00,15.0,12399.0,Belgium
500167,POST,POSTAGE,1,2010-03-05 09:15:00,18.0,12568.0,Germany
500169,POST,POSTAGE,9,2010-03-05 09:39:00,18.0,12497.0,Germany
500176,POST,POSTAGE,3,2010-03-05 10:35:00,18.0,12437.0,France
500237,POST,POSTAGE,4,2010-03-05 11:56:00,15.0,12417.0,Belgium
500263,DOT,DOTCOM POSTAGE,1,2010-03-05 14:35:00,23.45,,United Kingdom
500264,DOT,DOTCOM POSTAGE,1,2010-03-05 14:35:00,15.06,,United Kingdom
500265,DOT,DOTCOM POSTAGE,1,2010-03-05 14:36:00,32.64,,United Kingdom
500269,DOT,DOTCOM POSTAGE,1,2010-03-05 14:40:00,13.28,,United Kingdom
500268,DOT,DOTCOM POSTAGE,1,2010-03-05 14:40:00,27.4,,United Kingdom
500270,DOT,DOTCOM POSTAGE,1,2010-03-05 14:41:00,19.91,,United Kingdom
500272,DOT,DOTCOM POSTAGE,1,2010-03-05 14:41:00,31.53,,United Kingdom
500273,DOT,DOTCOM POSTAGE,1,2010-03-05 14:42:00,18.26,,United Kingdom
500274,DOT,DOTCOM POSTAGE,1,2010-03-05 14:43:00,29.87,,United Kingdom
500276,DOT,DOTCOM POSTAGE,1,2010-03-05 14:45:00,28.21,,United Kingdom
500275,DOT,DOTCOM POSTAGE,1,2010-03-05 14:45:00,24.89,,United Kingdom
500277,DOT,DOTCOM POSTAGE,1,2010-03-05 14:46:00,35.11,,United Kingdom
500279,DOT,DOTCOM POSTAGE,1,2010-03-05 14:52:00,26.68,,United Kingdom
500281,DOT,DOTCOM POSTAGE,1,2010-03-05 14:53:00,3.32,,United Kingdom
500280,DOT,DOTCOM POSTAGE,1,2010-03-05 14:53:00,31.53,,United Kingdom
500317,POST,POSTAGE,11,2010-03-07 11:58:00,10.0,,United Kingdom
C500319,BANK CHARGES,Bank Charges,-11,2010-03-07 12:02:00,0.96,,United Kingdom
500329,M,Manual,1,2010-03-07 12:56:00,7.95,13764.0,United Kingdom
500343,POST,POSTAGE,2,2010-03-07 14:37:00,18.0,12530.0,Germany
500351,POST,POSTAGE,1,2010-03-07 15:05:00,24.75,,United Kingdom
500351,M,Manual,1,2010-03-07 15:05:00,283.95,,United Kingdom
C500352,BANK CHARGES,Bank Charges,-1,2010-03-07 15:08:00,11.29,,United Kingdom
500367,POST,POSTAGE,1,2010-03-08 08:09:00,40.0,12369.0,Austria
500374,POST,POSTAGE,1,2010-03-08 09:43:00,15.0,12765.0,Netherlands
500376,POST,POSTAGE,5,2010-03-08 09:57:00,18.0,12524.0,Germany
500461,DOT,DOTCOM POSTAGE,1,2010-03-08 12:35:00,347.43,,United Kingdom
500462,DOT,DOTCOM POSTAGE,1,2010-03-08 12:40:00,289.26,,United Kingdom
500472,DOT,DOTCOM POSTAGE,1,2010-03-08 12:44:00,217.75,,United Kingdom
500495,M,Manual,1,2010-03-08 13:04:00,10.0,15078.0,United Kingdom
500504,M,Manual,16,2010-03-08 13:41:00,0.5,16537.0,United Kingdom
500504,M,Manual,24,2010-03-08 13:41:00,0.2,16537.0,United Kingdom
500535,POST,POSTAGE,2,2010-03-08 14:27:00,18.0,12472.0,Germany
500575,DOT,DOTCOM POSTAGE,1,2010-03-08 16:53:00,370.64,,United Kingdom
500582,POST,POSTAGE,2,2010-03-09 09:46:00,18.0,12490.0,France
500584,POST,POSTAGE,1,2010-03-09 09:55:00,18.0,12648.0,Germany
500639,POST,POSTAGE,2,2010-03-09 10:53:00,40.0,12495.0,Sweden
500653,POST,POSTAGE,3,2010-03-09 11:10:00,18.0,12682.0,France
500654,POST,POSTAGE,1,2010-03-09 11:10:00,145.0,12668.0,Germany
C500694,M,Manual,-1,2010-03-09 12:37:00,2.55,15769.0,United Kingdom
500695,DOT,DOTCOM POSTAGE,1,2010-03-09 12:48:00,93.27,,United Kingdom
C500697,M,Manual,-1,2010-03-09 12:53:00,373.57,,United Kingdom
C500698,POST,POSTAGE,-1,2010-03-09 13:02:00,25.0,14911.0,EIRE
C500700,M,Manual,-1,2010-03-09 13:20:00,40.68,,United Kingdom
C500707,M,Manual,-1,2010-03-09 13:53:00,774.04,,United Kingdom
C500708,BANK CHARGES,Bank Charges,-1,2010-03-09 13:56:00,372.3,,United Kingdom
C500709,M,Manual,-2,2010-03-09 13:58:00,5.95,15722.0,United Kingdom
C500710,M,Manual,-1,2010-03-09 13:59:00,255.24,,United Kingdom
500754,POST,POSTAGE,2,2010-03-10 10:30:00,40.0,12638.0,Sweden
500827,DOT,DOTCOM POSTAGE,1,2010-03-10 11:11:00,268.44,,United Kingdom
C500842,M,Manual,-1,2010-03-10 12:12:00,7.32,13413.0,United Kingdom
500843,M,Manual,25,2010-03-10 12:13:00,0.42,17348.0,United Kingdom
500853,M,Manual,7,2010-03-10 12:22:00,0.55,13566.0,United Kingdom
500869,M,Manual,2,2010-03-10 13:21:00,2.95,17220.0,United Kingdom
500874,M,Manual,50,2010-03-10 13:43:00,0.1,16719.0,United Kingdom
C500877,POST,POSTAGE,-1,2010-03-10 14:05:00,2.7,17675.0,United Kingdom
500883,POST,POSTAGE,3,2010-03-10 14:52:00,18.0,12471.0,Germany
500884,POST,POSTAGE,3,2010-03-10 15:03:00,18.0,12483.0,Sweden
500891,DOT,DOTCOM POSTAGE,1,2010-03-10 16:24:00,370.96,,United Kingdom
500918,DOT,DOTCOM POSTAGE,1,2010-03-11 10:30:00,504.75,,United Kingdom
501042,POST,POSTAGE,2,2010-03-12 09:57:00,18.0,12523.0,France
501080,DOT,DOTCOM POSTAGE,1,2010-03-12 11:19:00,372.5,,United Kingdom
C501122,POST,POSTAGE,-1,2010-03-12 15:14:00,1.85,,United Kingdom
501128,M,Manual,1,2010-03-12 16:06:00,1.45,13573.0,United Kingdom
501146,M,Manual,2,2010-03-14 13:08:00,3.75,13634.0,United Kingdom
501146,M,Manual,2,2010-03-14 13:08:00,2.95,13634.0,United Kingdom
501147,M,Manual,25,2010-03-14 13:28:00,0.42,17905.0,United Kingdom
501160,POST,POSTAGE,1,2010-03-15 09:20:00,18.0,12703.0,Germany
501161,DOT,DOTCOM POSTAGE,1,2010-03-15 09:28:00,375.16,,United Kingdom
501164,M,Manual,1,2010-03-15 09:34:00,20.0,,United Kingdom
501169,POST,POSTAGE,1,2010-03-15 10:14:00,10.0,,United Kingdom
501275,M,Manual,50,2010-03-15 13:45:00,0.42,14667.0,United Kingdom
501275,M,Manual,25,2010-03-15 13:45:00,0.42,14667.0,United Kingdom
501284,POST,POSTAGE,6,2010-03-15 14:19:00,18.0,12714.0,France
501302,M,Manual,25,2010-03-15 17:01:00,0.42,17848.0,United Kingdom
501302,M,Manual,25,2010-03-15 17:01:00,0.42,17848.0,United Kingdom
501306,DOT,DOTCOM POSTAGE,1,2010-03-15 17:29:00,303.22,,United Kingdom
501307,DOT,DOTCOM POSTAGE,1,2010-03-15 17:32:00,158.37,,United Kingdom
C501311,POST,POSTAGE,-1,2010-03-16 09:11:00,4.41,13446.0,United Kingdom
C501313,POST,POSTAGE,-1,2010-03-16 09:27:00,4.41,14276.0,United Kingdom
C501322,M,Manual,-1,2010-03-16 09:56:00,3.39,15769.0,United Kingdom
501431,M,Manual,2,2010-03-16 13:00:00,3.75,14604.0,United Kingdom
C501436,POST,POSTAGE,-1,2010-03-16 13:20:00,18.0,12703.0,Germany
501437,POST,POSTAGE,1,2010-03-16 13:22:00,18.0,12703.0,Germany
501438,POST,POSTAGE,2,2010-03-16 13:23:00,18.0,12701.0,Germany
501441,DOT,DOTCOM POSTAGE,1,2010-03-16 13:44:00,152.8,,United Kingdom
501463,POST,POSTAGE,1,2010-03-16 15:19:00,18.0,12500.0,Germany
501475,DOT,DOTCOM POSTAGE,1,2010-03-16 16:59:00,206.12,,United Kingdom
501515,M,Manual,50,2010-03-17 11:53:00,0.42,15867.0,United Kingdom
501540,M,Manual,1,2010-03-17 14:12:00,0.42,16085.0,United Kingdom
501544,M,Manual,5,2010-03-17 14:55:00,0.3,18196.0,United Kingdom
501546,M,Manual,6,2010-03-17 15:11:00,1.45,17933.0,United Kingdom
501558,DOT,DOTCOM POSTAGE,1,2010-03-17 16:35:00,148.86,,United Kingdom
501638,POST,POSTAGE,6,2010-03-18 12:08:00,18.0,12621.0,Germany
501668,M,Manual,1,2010-03-18 14:38:00,373.57,,United Kingdom
501677,POST,POSTAGE,4,2010-03-18 16:16:00,18.0,12647.0,Germany
C501678,M,Manual,-1,2010-03-18 16:18:00,241.38,16943.0,United Kingdom
501680,M,Manual,1,2010-03-18 16:23:00,241.38,,United Kingdom
501683,DOT,DOTCOM POSTAGE,1,2010-03-18 16:32:00,0.0,,United Kingdom
501686,DOT,DOTCOM POSTAGE,1,2010-03-18 16:35:00,228.64,,United Kingdom
501699,M,Manual,4,2010-03-18 19:29:00,2.95,14702.0,United Kingdom
501700,M,Manual,25,2010-03-18 20:02:00,0.42,13230.0,United Kingdom
501730,M,Manual,3,2010-03-19 11:05:00,2.95,14159.0,United Kingdom
C501751,M,Manual,-1,2010-03-19 11:30:00,6958.17,15760.0,Norway
501766,M,Manual,1,2010-03-19 11:35:00,6958.17,15760.0,Norway
501768,M,Manual,1,2010-03-19 11:45:00,6958.17,15760.0,Norway
C501769,M,Manual,-1,2010-03-19 11:49:00,6958.17,15760.0,Norway
C501771,M,Manual,-1,2010-03-19 11:53:00,5795.87,15760.0,Norway
501772,M,Manual,1,2010-03-19 11:56:00,5795.87,,United Kingdom
C501774,M,Manual,-1,2010-03-19 12:27:00,506.51,17445.0,United Kingdom
501775,M,Manual,1,2010-03-19 12:29:00,506.51,,United Kingdom
C501777,M,Manual,-1,2010-03-19 12:35:00,934.66,14939.0,Channel Islands
501778,M,Manual,1,2010-03-19 12:37:00,934.66,,United Kingdom
C501796,POST,POSTAGE,-1,2010-03-19 13:43:00,2.5,15030.0,United Kingdom
C501798,M,Manual,-1,2010-03-19 13:48:00,134.86,16514.0,United Kingdom
501799,M,Manual,1,2010-03-19 13:49:00,134.86,,United Kingdom
C501803,M,Manual,-1,2010-03-19 13:56:00,322.69,14832.0,United Kingdom
501814,POST,POSTAGE,2,2010-03-19 14:49:00,40.0,,Sweden
501819,M,Manual,1,2010-03-19 15:14:00,322.69,14832.0,United Kingdom
C501820,M,Manual,-1,2010-03-19 15:15:00,274.63,14832.0,United Kingdom
501821,M,Manual,1,2010-03-19 15:18:00,274.63,,United Kingdom
501828,M,Manual,12,2010-03-19 15:45:00,1.25,15218.0,United Kingdom
501832,DOT,DOTCOM POSTAGE,1,2010-03-19 16:43:00,247.7,,United Kingdom
501854,M,Manual,3,2010-03-21 11:15:00,1.0,15446.0,United Kingdom
C501857,M,Manual,-3,2010-03-21 11:19:00,0.45,15446.0,United Kingdom
501877,M,Manual,50,2010-03-21 13:14:00,1.0,17611.0,United Kingdom
C501878,M,Manual,-50,2010-03-21 13:18:00,0.58,17611.0,United Kingdom
501880,M,Manual,2,2010-03-21 13:38:00,3.75,17285.0,United Kingdom
501887,M,Manual,1,2010-03-21 14:16:00,2.95,17587.0,United Kingdom
C501901,M,Manual,-1,2010-03-21 15:38:00,2.95,13798.0,United Kingdom
501902,POST,POSTAGE,2,2010-03-21 15:49:00,15.0,12796.0,Netherlands
501910,POST,POSTAGE,1,2010-03-22 09:05:00,40.0,12639.0,Sweden
501922,M,Manual,25,2010-03-22 10:26:00,0.42,13151.0,United Kingdom
501927,POST,POSTAGE,2,2010-03-22 10:56:00,18.0,12533.0,Germany
502030,DOT,DOTCOM POSTAGE,1,2010-03-22 13:11:00,256.23,,United Kingdom
502037,POST,POSTAGE,2,2010-03-22 13:44:00,18.0,12472.0,Germany
C502041,M,Manual,-8,2010-03-22 14:11:00,1.8,13267.0,United Kingdom
502055,M,Manual,25,2010-03-22 14:30:00,0.42,13357.0,United Kingdom
502055,M,Manual,25,2010-03-22 14:30:00,0.42,13357.0,United Kingdom
502090,DOT,DOTCOM POSTAGE,1,2010-03-22 16:16:00,203.16,,United Kingdom
C502114,POST,POSTAGE,-1,2010-03-23 11:05:00,7.06,,United Kingdom
502228,M,Manual,6,2010-03-23 12:11:00,0.42,15716.0,United Kingdom
502248,DOT,DOTCOM POSTAGE,1,2010-03-23 14:06:00,232.55,,United Kingdom
C502262,M,Manual,-1,2010-03-23 15:20:00,10953.5,12918.0,United Kingdom
502263,M,Manual,1,2010-03-23 15:22:00,10953.5,12918.0,United Kingdom
C502264,M,Manual,-1,2010-03-23 15:24:00,10953.5,12918.0,United Kingdom
502265,M,Manual,1,2010-03-23 15:28:00,10953.5,,United Kingdom
C502270,M,Manual,-1,2010-03-23 15:37:00,1144.73,16669.0,United Kingdom
502271,M,Manual,1,2010-03-23 15:39:00,1144.73,,United Kingdom
C502276,M,Manual,-1,2010-03-23 16:19:00,779.32,16994.0,United Kingdom
502277,M,Manual,1,2010-03-23 16:20:00,779.32,,United Kingdom
502288,POST,POSTAGE,3,2010-03-24 08:31:00,18.0,12681.0,France
C502305,M,Manual,-48,2010-03-24 09:34:00,0.42,14195.0,United Kingdom
502331,POST,POSTAGE,1,2010-03-24 10:39:00,40.0,12360.0,Austria
502334,M,Manual,1,2010-03-24 10:42:00,36.8,14911.0,EIRE
502363,M,Manual,2,2010-03-24 11:19:00,2.95,14606.0,United Kingdom
502393,POST,POSTAGE,9,2010-03-24 11:49:00,18.0,12524.0,Germany
502424,M,Manual,10,2010-03-24 12:30:00,2.9,14527.0,United Kingdom
C502431,M,Manual,-4,2010-03-24 12:53:00,4.95,15822.0,United Kingdom
502451,POST,POSTAGE,34,2010-03-24 14:14:00,1.0,,United Kingdom
502453,POST,POSTAGE,34,2010-03-24 14:16:00,9.0,,United Kingdom
C502452,M,Manual,-1,2010-03-24 14:16:00,91.8,14911.0,EIRE
C502454,M,Manual,-1,2010-03-24 14:16:00,782.56,14911.0,EIRE
502455,M,Manual,1,2010-03-24 14:17:00,782.56,14911.0,EIRE
502456,M,Manual,1,2010-03-24 14:19:00,91.8,14911.0,EIRE
C502459,BANK CHARGES,Bank Charges,-1,2010-03-24 14:25:00,39.24,,United Kingdom
502467,POST,POSTAGE,2,2010-03-24 15:24:00,18.0,12437.0,France
502486,DOT,DOTCOM POSTAGE,1,2010-03-24 17:43:00,306.52,,United Kingdom
502487,POST,POSTAGE,1,2010-03-25 09:40:00,18.0,12663.0,Germany
502488,POST,POSTAGE,2,2010-03-25 09:44:00,28.0,12540.0,Spain
502491,POST,POSTAGE,5,2010-03-25 10:20:00,18.0,12471.0,Germany
502493,POST,POSTAGE,1,2010-03-25 10:28:00,40.0,12370.0,Austria
502534,M,Manual,25,2010-03-25 11:32:00,0.42,15547.0,United Kingdom
502568,POST,POSTAGE,1,2010-03-25 12:10:00,40.0,12370.0,Austria
C502571,M,Manual,-1,2010-03-25 12:23:00,1899.67,15896.0,United Kingdom
C502576,M,Manual,-1,2010-03-25 12:28:00,1598.67,13100.0,United Kingdom
502582,M,Manual,1,2010-03-25 12:35:00,1899.67,,United Kingdom
502588,M,Manual,2,2010-03-25 12:43:00,2.95,16550.0,United Kingdom
502589,M,Manual,1,2010-03-25 12:51:00,1598.67,,United Kingdom
502602,M,Manual,1,2010-03-25 13:34:00,241.38,16943.0,United Kingdom
C502603,M,Manual,-1,2010-03-25 13:35:00,241.38,,United Kingdom
502607,POST,POSTAGE,2,2010-03-25 13:49:00,40.0,12373.0,Austria
502613,M,Manual,2,2010-03-25 14:22:00,0.42,14535.0,United Kingdom
502613,M,Manual,25,2010-03-25 14:22:00,0.42,14535.0,United Kingdom
C502626,M,Manual,-1,2010-03-25 15:24:00,525.65,13409.0,United Kingdom
502627,M,Manual,1,2010-03-25 15:26:00,525.65,,United Kingdom
C502629,M,Manual,-1,2010-03-25 15:39:00,1834.14,13401.0,United Kingdom
502631,M,Manual,1,2010-03-25 15:41:00,1834.14,,United Kingdom
502633,POST,POSTAGE,3,2010-03-25 16:19:00,28.0,12510.0,Spain
C502634,M,Manual,-1,2010-03-25 16:20:00,302.31,14313.0,United Kingdom
502635,M,Manual,1,2010-03-25 16:22:00,302.31,,United Kingdom
502636,POST,POSTAGE,2,2010-03-25 16:25:00,18.0,12726.0,France
502660,M,Manual,6,2010-03-25 17:18:00,1.0,13187.0,United Kingdom
502660,M,Manual,7,2010-03-25 17:18:00,1.0,13187.0,United Kingdom
502660,M,Manual,6,2010-03-25 17:18:00,1.0,13187.0,United Kingdom
502663,POST,POSTAGE,1,2010-03-25 17:29:00,15.0,12791.0,Netherlands
C502726,M,Manual,-1,2010-03-26 11:26:00,146.68,12791.0,Netherlands
502733,M,Manual,1,2010-03-26 11:56:00,5.95,15911.0,United Kingdom
502733,M,Manual,25,2010-03-26 11:56:00,0.42,15911.0,United Kingdom
502735,POST,POSTAGE,1,2010-03-26 12:05:00,15.0,12791.0,Netherlands
C502737,M,Manual,-1,2010-03-26 12:07:00,131.68,12791.0,Netherlands
502738,M,Manual,1,2010-03-26 12:08:00,131.68,12791.0,Netherlands
502746,DOT,DOTCOM POSTAGE,1,2010-03-26 12:53:00,239.24,,United Kingdom
502765,M,Manual,2,2010-03-26 14:01:00,2.0,17371.0,United Kingdom
502799,M,Manual,1,2010-03-26 16:17:00,2.95,15867.0,United Kingdom
502811,M,Manual,25,2010-03-28 10:13:00,0.42,17243.0,United Kingdom
502831,M,Manual,3,2010-03-28 12:26:00,10.0,17372.0,United Kingdom
502847,M,Manual,2,2010-03-28 13:47:00,2.95,14572.0,United Kingdom
502852,M,Manual,2,2010-03-28 14:32:00,2.95,18231.0,United Kingdom
502856,M,Manual,1,2010-03-28 15:05:00,1.65,14078.0,United Kingdom
502872,DOT,DOTCOM POSTAGE,1,2010-03-29 09:59:00,313.51,,United Kingdom
502972,DOT,DOTCOM POSTAGE,1,2010-03-29 14:52:00,30.09,,United Kingdom
502974,DOT,DOTCOM POSTAGE,1,2010-03-29 14:53:00,29.87,,United Kingdom
502975,DOT,DOTCOM POSTAGE,1,2010-03-29 14:53:00,16.6,,United Kingdom
502977,DOT,DOTCOM POSTAGE,1,2010-03-29 14:54:00,34.98,,United Kingdom
502976,DOT,DOTCOM POSTAGE,1,2010-03-29 14:54:00,28.21,,United Kingdom
502978,DOT,DOTCOM POSTAGE,1,2010-03-29 14:55:00,18.26,,United Kingdom
502980,DOT,DOTCOM POSTAGE,1,2010-03-29 14:55:00,18.26,,United Kingdom
502983,DOT,DOTCOM POSTAGE,1,2010-03-29 14:56:00,24.89,,United Kingdom
502987,DOT,DOTCOM POSTAGE,1,2010-03-29 14:56:00,21.7,,United Kingdom
502985,DOT,DOTCOM POSTAGE,1,2010-03-29 14:56:00,14.94,,United Kingdom
502990,DOT,DOTCOM POSTAGE,1,2010-03-29 14:57:00,30.0,,United Kingdom
502997,DOT,DOTCOM POSTAGE,1,2010-03-29 14:58:00,30.13,,United Kingdom
502994,DOT,DOTCOM POSTAGE,1,2010-03-29 14:58:00,21.57,,United Kingdom
503001,DOT,DOTCOM POSTAGE,1,2010-03-29 14:59:00,19.91,,United Kingdom
503004,DOT,DOTCOM POSTAGE,1,2010-03-29 14:59:00,14.94,,United Kingdom
503006,DOT,DOTCOM POSTAGE,1,2010-03-29 15:00:00,9.96,,United Kingdom
503009,DOT,DOTCOM POSTAGE,1,2010-03-29 15:00:00,18.26,,United Kingdom
503012,DOT,DOTCOM POSTAGE,1,2010-03-29 15:01:00,33.32,,United Kingdom
503016,DOT,DOTCOM POSTAGE,1,2010-03-29 15:02:00,23.36,,United Kingdom
503030,DOT,DOTCOM POSTAGE,1,2010-03-29 15:05:00,28.21,,United Kingdom
503029,DOT,DOTCOM POSTAGE,1,2010-03-29 15:05:00,14.94,,United Kingdom
503033,DOT,DOTCOM POSTAGE,1,2010-03-29 15:06:00,21.7,,United Kingdom
503035,DOT,DOTCOM POSTAGE,1,2010-03-29 15:06:00,23.49,,United Kingdom
503038,DOT,DOTCOM POSTAGE,1,2010-03-29 15:07:00,18.26,,United Kingdom
503047,DOT,DOTCOM POSTAGE,1,2010-03-29 15:26:00,21.7,,United Kingdom
C503050,BANK CHARGES,Bank Charges,-1,2010-03-29 15:38:00,25.0,,United Kingdom
C503050,BANK CHARGES,Bank Charges,-1,2010-03-29 15:38:00,361.11,,United Kingdom
C503050,M,Manual,-1,2010-03-29 15:38:00,9.95,,United Kingdom
C503057,POST,POSTAGE,-1,2010-03-29 15:46:00,25.89,,United Kingdom
C503057,M,Manual,-1,2010-03-29 15:46:00,31.19,,United Kingdom
C503057,BANK CHARGES,Bank Charges,-1,2010-03-29 15:46:00,188.55,,United Kingdom
503156,M,Manual,1,2010-03-30 12:36:00,3.75,15862.0,United Kingdom
C503161,POST,POSTAGE,-1,2010-03-30 13:09:00,10.0,16984.0,United Kingdom
C503173,M,Manual,-1,2010-03-30 13:55:00,43.17,14607.0,United Kingdom
503185,DOT,DOTCOM POSTAGE,1,2010-03-30 14:29:00,752.32,,United Kingdom
503220,M,Manual,7,2010-03-30 16:24:00,0.29,16658.0,United Kingdom
C503227,POST,POSTAGE,-1,2010-03-30 16:49:00,8.22,,United Kingdom
C503227,M,Manual,-1,2010-03-30 16:49:00,3.38,,United Kingdom
503344,M,Manual,5,2010-03-31 13:15:00,0.42,15454.0,United Kingdom
503426,DOT,DOTCOM POSTAGE,1,2010-03-31 17:28:00,315.45,,United Kingdom
503428,DOT,DOTCOM POSTAGE,1,2010-03-31 17:31:00,331.1,,United Kingdom
503433,POST,POSTAGE,2,2010-04-01 08:43:00,18.0,12609.0,Germany
503436,POST,POSTAGE,2,2010-04-01 09:50:00,18.0,12662.0,Germany
503438,POST,POSTAGE,1,2010-04-01 10:05:00,15.0,12417.0,Belgium
503439,POST,POSTAGE,7,2010-04-01 10:16:00,18.0,12647.0,Germany
C503440,M,Manual,-1,2010-04-01 10:18:00,376.17,14481.0,United Kingdom
503469,M,Manual,85,2010-04-01 11:55:00,0.4,15311.0,United Kingdom
503497,BANK CHARGES,Bank Charges,1,2010-04-01 12:07:00,15.0,17539.0,United Kingdom
503503,POST,POSTAGE,4,2010-04-01 12:30:00,18.0,12583.0,France
503531,POST,POSTAGE,1,2010-04-01 13:17:00,18.0,12708.0,Germany
503532,POST,POSTAGE,3,2010-04-01 13:20:00,18.0,12472.0,Germany
503549,DOT,DOTCOM POSTAGE,1,2010-04-01 15:04:00,277.7,,United Kingdom
C503571,BANK CHARGES,Bank Charges,-1,2010-04-01 15:45:00,15.0,17539.0,United Kingdom
503714,M,Manual,3,2010-04-06 14:42:00,0.85,13432.0,United Kingdom
503721,DOT,DOTCOM POSTAGE,1,2010-04-06 15:37:00,25.8,,United Kingdom
503782,POST,POSTAGE,3,2010-04-07 11:59:00,18.0,12711.0,Germany
503790,M,Manual,2,2010-04-07 12:45:00,1.95,13174.0,United Kingdom
503801,M,Manual,1,2010-04-07 13:48:00,10.0,15521.0,United Kingdom
503801,M,Manual,2,2010-04-07 13:48:00,0.3,15521.0,United Kingdom
503854,POST,POSTAGE,2,2010-04-08 10:08:00,15.0,12765.0,Netherlands
503871,DOT,DOTCOM POSTAGE,1,2010-04-08 11:36:00,40.68,,United Kingdom
503895,M,Manual,25,2010-04-08 11:59:00,0.42,13278.0,United Kingdom
503940,DOT,DOTCOM POSTAGE,1,2010-04-08 14:47:00,42.38,,United Kingdom
503956,M,Manual,2,2010-04-08 16:45:00,0.42,13443.0,United Kingdom
503960,BANK CHARGES,Bank Charges,1,2010-04-08 16:50:00,15.0,12843.0,United Kingdom
C503983,POST,POSTAGE,-1,2010-04-09 09:37:00,6.41,17888.0,United Kingdom
503985,POST,POSTAGE,15,2010-04-09 10:08:00,18.0,12468.0,Germany
C503996,POST,POSTAGE,-1,2010-04-09 11:31:00,8.96,13397.0,United Kingdom
C503999,M,Manual,-408,2010-04-09 11:36:00,0.33,16754.0,United Kingdom
504026,POST,POSTAGE,4,2010-04-09 12:12:00,15.0,12786.0,Netherlands
504094,POST,POSTAGE,2,2010-04-09 13:08:00,18.0,12681.0,France
504097,POST,POSTAGE,2,2010-04-09 14:01:00,18.0,12613.0,Germany
504103,DOT,DOTCOM POSTAGE,1,2010-04-09 14:53:00,31.53,,United Kingdom
504105,DOT,DOTCOM POSTAGE,1,2010-04-09 14:54:00,8.43,,United Kingdom
504104,DOT,DOTCOM POSTAGE,1,2010-04-09 14:54:00,30.0,,United Kingdom
504106,DOT,DOTCOM POSTAGE,1,2010-04-09 14:55:00,29.87,,United Kingdom
504107,DOT,DOTCOM POSTAGE,1,2010-04-09 14:56:00,21.57,,United Kingdom
504108,DOT,DOTCOM POSTAGE,1,2010-04-09 14:57:00,21.7,,United Kingdom
504110,DOT,DOTCOM POSTAGE,1,2010-04-09 14:58:00,21.57,,United Kingdom
504109,DOT,DOTCOM POSTAGE,1,2010-04-09 14:58:00,30.0,,United Kingdom
504111,DOT,DOTCOM POSTAGE,1,2010-04-09 14:59:00,14.94,,United Kingdom
504113,DOT,DOTCOM POSTAGE,1,2010-04-09 14:59:00,18.26,,United Kingdom
504115,DOT,DOTCOM POSTAGE,1,2010-04-09 15:00:00,16.6,,United Kingdom
504114,DOT,DOTCOM POSTAGE,1,2010-04-09 15:00:00,21.7,,United Kingdom
504119,M,Manual,12,2010-04-09 16:54:00,0.42,17609.0,United Kingdom
504120,M,Manual,1,2010-04-09 17:13:00,1.25,15889.0,United Kingdom
504125,POST,POSTAGE,1,2010-04-11 10:44:00,18.0,12500.0,Germany
504130,POST,POSTAGE,3,2010-04-11 11:14:00,40.0,13520.0,Switzerland
504142,M,Manual,1,2010-04-11 13:01:00,3.75,13259.0,United Kingdom
504153,M,Manual,1,2010-04-11 14:11:00,1.25,17068.0,United Kingdom
C504173,M,Manual,-24,2010-04-12 08:08:00,0.5,16029.0,United Kingdom
C504174,POST,POSTAGE,-1,2010-04-12 08:09:00,1.95,15079.0,United Kingdom
504193,POST,POSTAGE,1,2010-04-12 10:10:00,306.0,12481.0,Germany
504216,M,Manual,3,2010-04-12 12:48:00,3.75,15504.0,United Kingdom
504232,M,Manual,1,2010-04-12 13:01:00,0.5,15044.0,United Kingdom
504328,M,Manual,1,2010-04-12 15:59:00,21.95,16987.0,United Kingdom
504340,M,Manual,25,2010-04-12 16:50:00,0.42,13564.0,United Kingdom
504396,DOT,DOTCOM POSTAGE,1,2010-04-13 11:45:00,21.7,,United Kingdom
504414,POST,POSTAGE,4,2010-04-13 12:30:00,18.0,12805.0,Netherlands
504440,M,Manual,1,2010-04-13 14:02:00,0.85,13052.0,United Kingdom
504448,M,Manual,1,2010-04-13 14:46:00,1.49,,United Kingdom
504449,POST,POSTAGE,2,2010-04-13 14:53:00,28.0,12459.0,Spain
504477,POST,POSTAGE,2,2010-04-14 10:08:00,18.0,12437.0,France
504478,POST,POSTAGE,4,2010-04-14 10:13:00,18.0,12682.0,France
504532,POST,POSTAGE,5,2010-04-14 11:50:00,18.0,12471.0,Germany
504572,M,Manual,1,2010-04-14 14:49:00,0.85,18057.0,United Kingdom
504572,M,Manual,36,2010-04-14 14:49:00,0.42,18057.0,United Kingdom
504572,M,Manual,1,2010-04-14 14:49:00,0.85,18057.0,United Kingdom
504572,M,Manual,3,2010-04-14 14:49:00,1.45,18057.0,United Kingdom
504585,POST,POSTAGE,2,2010-04-15 09:15:00,28.0,12540.0,Spain
C504637,M,Manual,-1,2010-04-15 14:07:00,5843.7,17017.0,United Kingdom
504639,M,Manual,1,2010-04-15 14:12:00,5843.7,,United Kingdom
C504641,M,Manual,-1,2010-04-15 14:22:00,773.5,17013.0,United Kingdom
504642,M,Manual,1,2010-04-15 14:25:00,773.5,,United Kingdom
C504648,M,Manual,-1,2010-04-15 14:48:00,210.47,17949.0,United Kingdom
C504666,M,Manual,-1,2010-04-15 15:04:00,2451.26,17013.0,United Kingdom
504667,M,Manual,1,2010-04-15 15:07:00,2451.26,,United Kingdom
C504670,M,Manual,-1,2010-04-15 15:16:00,227.28,17452.0,United Kingdom
504671,M,Manual,1,2010-04-15 15:19:00,227.28,,United Kingdom
C504674,M,Manual,-1,2010-04-15 15:27:00,306.66,13633.0,United Kingdom
504678,M,Manual,1,2010-04-15 15:39:00,306.66,,United Kingdom
C504679,M,Manual,-1,2010-04-15 15:47:00,148.69,14380.0,United Kingdom
504681,M,Manual,1,2010-04-15 15:49:00,148.69,,United Kingdom
C504684,M,Manual,-1,2010-04-15 16:12:00,94.8,15354.0,United Kingdom
504685,M,Manual,1,2010-04-15 16:14:00,94.8,,United Kingdom
504686,M,Manual,1,2010-04-15 16:17:00,94.8,15354.0,United Kingdom
504687,M,Manual,1,2010-04-15 16:21:00,94.8,15354.0,United Kingdom
504688,M,Manual,1,2010-04-15 16:24:00,94.8,15354.0,United Kingdom
C504690,M,Manual,-1,2010-04-15 16:28:00,94.8,15354.0,United Kingdom
C504693,M,Manual,-1,2010-04-15 16:35:00,94.8,15354.0,United Kingdom
504697,POST,POSTAGE,2,2010-04-15 17:18:00,18.0,12474.0,Germany
504711,POST,POSTAGE,2,2010-04-16 09:57:00,15.0,12778.0,Netherlands
504714,POST,POSTAGE,6,2010-04-16 10:16:00,15.0,12395.0,Belgium
504789,POST,POSTAGE,2,2010-04-16 11:59:00,18.0,13813.0,Germany
504831,M,Manual,10,2010-04-16 13:35:00,0.42,17913.0,United Kingdom
C504849,M,Manual,-1,2010-04-18 09:32:00,660.86,14912.0,Italy
504860,POST,POSTAGE,1,2010-04-18 12:04:00,15.0,12402.0,Belgium
504891,POST,POSTAGE,1,2010-04-18 14:00:00,15.0,12791.0,Netherlands
504916,DOT,DOTCOM POSTAGE,1,2010-04-19 10:28:00,7.56,,United Kingdom
504919,DOT,DOTCOM POSTAGE,1,2010-04-19 10:40:00,170.85,,United Kingdom
504921,DOT,DOTCOM POSTAGE,1,2010-04-19 10:43:00,173.49,,United Kingdom
504924,DOT,DOTCOM POSTAGE,1,2010-04-19 10:49:00,171.57,,United Kingdom
504925,DOT,DOTCOM POSTAGE,1,2010-04-19 10:53:00,103.01,,United Kingdom
504928,DOT,DOTCOM POSTAGE,1,2010-04-19 10:59:00,166.59,,United Kingdom
504933,DOT,DOTCOM POSTAGE,1,2010-04-19 11:13:00,231.08,,United Kingdom
504935,DOT,DOTCOM POSTAGE,1,2010-04-19 11:19:00,199.37,,United Kingdom
504936,DOT,DOTCOM POSTAGE,1,2010-04-19 11:23:00,127.81,,United Kingdom
505002,M,Manual,2,2010-04-19 12:39:00,1.25,16905.0,United Kingdom
505016,DOT,DOTCOM POSTAGE,1,2010-04-19 13:52:00,211.58,,United Kingdom
C505021,POST,POSTAGE,-1,2010-04-19 14:10:00,8.22,,United Kingdom
505023,POST,POSTAGE,10,2010-04-19 14:14:00,18.0,12516.0,Germany
505067,M,Manual,3,2010-04-19 16:48:00,0.42,14606.0,United Kingdom
505078,POST,POSTAGE,1,2010-04-20 09:40:00,15.0,12780.0,Netherlands
505083,POST,POSTAGE,3,2010-04-20 09:56:00,18.0,12623.0,Germany
C505145,M,Manual,-1,2010-04-20 11:25:00,4217.59,16151.0,United Kingdom
505150,M,Manual,1,2010-04-20 11:40:00,4217.59,,United Kingdom
C505151,M,Manual,-1,2010-04-20 11:45:00,94.8,15354.0,United Kingdom
505167,M,Manual,1,2010-04-20 12:46:00,1.45,17841.0,United Kingdom
505170,POST,POSTAGE,7,2010-04-20 12:49:00,18.0,12647.0,Germany
505202,DOT,DOTCOM POSTAGE,1,2010-04-20 16:21:00,212.26,,United Kingdom
505203,DOT,DOTCOM POSTAGE,1,2010-04-20 16:24:00,90.87,,United Kingdom
505204,BANK CHARGES,Bank Charges,1,2010-04-20 16:24:00,15.0,17448.0,United Kingdom
C505226,M,Manual,-1,2010-04-21 10:31:00,847.84,12482.0,Sweden
505227,M,Manual,1,2010-04-21 10:33:00,874.84,12482.0,Sweden
505229,M,Manual,1,2010-04-21 10:34:00,874.84,12482.0,Sweden
C505231,M,Manual,-1,2010-04-21 10:36:00,874.84,12482.0,Sweden
505297,POST,POSTAGE,2,2010-04-21 11:51:00,18.0,12530.0,Germany
505314,POST,POSTAGE,6,2010-04-21 12:02:00,18.0,12681.0,France
505317,POST,POSTAGE,2,2010-04-21 12:22:00,40.0,12588.0,Finland
505354,DOT,DOTCOM POSTAGE,1,2010-04-21 15:04:00,137.33,,United Kingdom
505393,POST,POSTAGE,3,2010-04-22 09:41:00,15.0,14646.0,Netherlands
505409,POST,POSTAGE,1,2010-04-22 10:24:00,18.0,12504.0,Germany
505453,POST,POSTAGE,5,2010-04-22 11:33:00,18.0,12625.0,Germany
C505458,POST,POSTAGE,-1,2010-04-22 11:36:00,2.75,14893.0,United Kingdom
C505490,M,Manual,-1,2010-04-22 12:55:00,5876.34,15849.0,United Kingdom
505505,M,Manual,1,2010-04-22 14:09:00,5876.34,,United Kingdom
505510,DOT,DOTCOM POSTAGE,1,2010-04-22 14:33:00,280.88,,United Kingdom
505549,M,Manual,7,2010-04-22 19:21:00,0.85,17057.0,United Kingdom
505555,POST,POSTAGE,2,2010-04-23 09:57:00,15.0,12672.0,France
C505604,M,Manual,-1,2010-04-23 12:37:00,8.5,16947.0,United Kingdom
505615,M,Manual,3,2010-04-23 12:49:00,2.95,15288.0,United Kingdom
505669,POST,POSTAGE,2,2010-04-23 14:45:00,40.0,12483.0,Sweden
C505678,M,Manual,-1,2010-04-23 15:45:00,1075.63,,United Kingdom
C505679,BANK CHARGES,Bank Charges,-1,2010-04-23 15:47:00,605.53,,United Kingdom
C505680,M,Manual,-1,2010-04-23 15:49:00,223.64,,United Kingdom
505683,M,Manual,3,2010-04-23 16:14:00,1.5,,United Kingdom
505684,DOT,DOTCOM POSTAGE,1,2010-04-23 16:16:00,226.07,,United Kingdom
505709,M,Manual,1,2010-04-25 12:34:00,2.95,13050.0,United Kingdom
505709,M,Manual,25,2010-04-25 12:34:00,0.42,13050.0,United Kingdom
505710,POST,POSTAGE,4,2010-04-25 12:36:00,18.0,12474.0,Germany
C505800,M,Manual,-1,2010-04-26 11:15:00,371.85,14911.0,EIRE
505806,M,Manual,1,2010-04-26 11:16:00,371.85,14911.0,EIRE
505843,DOT,DOTCOM POSTAGE,1,2010-04-26 11:57:00,133.54,,United Kingdom
505851,POST,POSTAGE,3,2010-04-26 12:34:00,18.0,12472.0,Germany
505854,M,Manual,36,2010-04-26 12:51:00,0.42,14563.0,United Kingdom
505859,DOT,DOTCOM POSTAGE,1,2010-04-26 13:17:00,11.62,,United Kingdom
505860,DOT,DOTCOM POSTAGE,1,2010-04-26 13:18:00,28.47,,United Kingdom
505862,DOT,DOTCOM POSTAGE,1,2010-04-26 13:23:00,21.57,,United Kingdom
505863,DOT,DOTCOM POSTAGE,1,2010-04-26 13:24:00,26.68,,United Kingdom
505864,DOT,DOTCOM POSTAGE,1,2010-04-26 13:24:00,10.09,,United Kingdom
505866,DOT,DOTCOM POSTAGE,1,2010-04-26 13:27:00,30.0,,United Kingdom
505865,DOT,DOTCOM POSTAGE,1,2010-04-26 13:27:00,8.43,,United Kingdom
505868,DOT,DOTCOM POSTAGE,1,2010-04-26 13:29:00,18.26,,United Kingdom
505869,DOT,DOTCOM POSTAGE,1,2010-04-26 13:29:00,13.28,,United Kingdom
505870,DOT,DOTCOM POSTAGE,1,2010-04-26 13:30:00,36.51,,United Kingdom
505872,DOT,DOTCOM POSTAGE,1,2010-04-26 13:31:00,23.23,,United Kingdom
505871,DOT,DOTCOM POSTAGE,1,2010-04-26 13:31:00,35.11,,United Kingdom
505873,DOT,DOTCOM POSTAGE,1,2010-04-26 13:32:00,11.74,,United Kingdom
505874,DOT,DOTCOM POSTAGE,1,2010-04-26 13:32:00,26.68,,United Kingdom
505876,DOT,DOTCOM POSTAGE,1,2010-04-26 13:32:00,13.4,,United Kingdom
505875,DOT,DOTCOM POSTAGE,1,2010-04-26 13:32:00,18.26,,United Kingdom
505879,DOT,DOTCOM POSTAGE,1,2010-04-26 13:33:00,36.64,,United Kingdom
505878,DOT,DOTCOM POSTAGE,1,2010-04-26 13:33:00,23.49,,United Kingdom
505880,DOT,DOTCOM POSTAGE,1,2010-04-26 13:34:00,13.28,,United Kingdom
505881,DOT,DOTCOM POSTAGE,1,2010-04-26 13:34:00,31.66,,United Kingdom
505883,POST,POSTAGE,6,2010-04-26 13:53:00,18.0,12471.0,Germany
505888,DOT,DOTCOM POSTAGE,1,2010-04-26 14:14:00,157.13,,United Kingdom
505970,POST,POSTAGE,2,2010-04-26 16:49:00,18.0,12712.0,Germany
506080,M,Manual,25,2010-04-27 11:58:00,0.42,17332.0,United Kingdom
506099,M,Manual,1,2010-04-27 12:46:00,1.65,17991.0,United Kingdom
506109,DOT,DOTCOM POSTAGE,1,2010-04-27 13:43:00,26.68,,United Kingdom
506110,DOT,DOTCOM POSTAGE,1,2010-04-27 13:43:00,8.43,,United Kingdom
506111,M,Manual,2,2010-04-27 13:44:00,2.95,12849.0,United Kingdom
506111,M,Manual,1,2010-04-27 13:44:00,2.95,12849.0,United Kingdom
C506133,BANK CHARGES,Bank Charges,-1,2010-04-27 15:06:00,34.47,,United Kingdom
506146,DOT,DOTCOM POSTAGE,1,2010-04-27 16:45:00,181.36,,United Kingdom
506224,DOT,DOTCOM POSTAGE,1,2010-04-28 11:55:00,95.1,,United Kingdom
506247,M,Manual,2,2010-04-28 13:24:00,0.21,18049.0,United Kingdom
506249,POST,POSTAGE,6,2010-04-28 13:26:00,15.0,12876.0,Belgium
506253,M,Manual,1,2010-04-28 13:53:00,2.95,17346.0,United Kingdom
506254,POST,POSTAGE,6,2010-04-28 13:59:00,18.0,12714.0,France
506260,POST,POSTAGE,1,2010-04-28 14:34:00,50.0,12717.0,Greece
506267,POST,POSTAGE,2,2010-04-28 14:59:00,18.0,12695.0,France
506278,POST,POSTAGE,3,2010-04-28 15:51:00,18.0,12698.0,Germany
506285,M,Manual,3,2010-04-28 16:49:00,1.45,16767.0,United Kingdom
506313,DOT,DOTCOM POSTAGE,1,2010-04-29 11:18:00,182.03,,United Kingdom
C506392,M,Manual,-1,2010-04-29 13:03:00,4.95,16383.0,United Kingdom
C506396,BANK CHARGES,Bank Charges,-1,2010-04-29 13:28:00,300.19,,United Kingdom
C506398,M,Manual,-1,2010-04-29 13:31:00,14.29,,United Kingdom
506400,M,Manual,1,2010-04-29 13:35:00,2.95,15954.0,United Kingdom
C506402,M,Manual,-1,2010-04-29 13:36:00,13.57,,United Kingdom
C506405,BANK CHARGES,Bank Charges,-1,2010-04-29 13:41:00,25.0,,United Kingdom
C506405,BANK CHARGES,Bank Charges,-1,2010-04-29 13:41:00,332.75,,United Kingdom
C506409,BANK CHARGES,Bank Charges,-1,2010-04-29 13:50:00,354.43,,United Kingdom
506434,M,Manual,2,2010-04-29 15:34:00,5.0,13173.0,United Kingdom
506445,DOT,DOTCOM POSTAGE,1,2010-04-29 17:01:00,135.97,,United Kingdom
506456,M,Manual,25,2010-04-29 19:08:00,0.42,15015.0,United Kingdom
506460,M,Manual,3,2010-04-29 20:04:00,1.45,15861.0,United Kingdom
506487,POST,POSTAGE,1,2010-04-30 10:44:00,285.0,12806.0,Netherlands
506566,M,Manual,3,2010-04-30 12:46:00,0.42,14648.0,United Kingdom
506572,M,Manual,2,2010-04-30 13:10:00,2.95,16374.0,United Kingdom
506576,DOT,DOTCOM POSTAGE,1,2010-04-30 13:41:00,94.37,,United Kingdom
506577,DOT,DOTCOM POSTAGE,1,2010-04-30 13:45:00,148.39,,United Kingdom
506578,POST,POSTAGE,4,2010-04-30 13:52:00,18.0,12708.0,Germany
506582,M,Manual,1,2010-04-30 14:11:00,759.36,,United Kingdom
C506583,BANK CHARGES,Bank Charges,-1,2010-04-30 14:30:00,70.69,,United Kingdom
506712,POST,POSTAGE,2,2010-05-02 15:32:00,18.0,12662.0,Germany
506713,POST,POSTAGE,1,2010-05-02 15:33:00,15.0,12765.0,Netherlands
506717,POST,POSTAGE,3,2010-05-04 08:51:00,28.0,12540.0,Spain
506721,POST,POSTAGE,3,2010-05-04 09:23:00,28.0,12507.0,Spain
C506722,M,Manual,-1,2010-05-04 09:43:00,607.53,13786.0,United Kingdom
506724,DOT,DOTCOM POSTAGE,1,2010-05-04 10:02:00,154.99,,United Kingdom
C506739,M,Manual,-1,2010-05-04 10:30:00,269.34,14911.0,EIRE
506740,M,Manual,1,2010-05-04 10:31:00,269.34,14911.0,EIRE
506839,POST,POSTAGE,1,2010-05-04 13:59:00,230.0,12503.0,Spain
506869,DOT,DOTCOM POSTAGE,1,2010-05-04 15:45:00,182.88,,United Kingdom
506871,DOT,DOTCOM POSTAGE,1,2010-05-04 15:48:00,141.51,,United Kingdom
506904,M,Manual,1,2010-05-05 10:27:00,250.0,,United Kingdom
506907,POST,POSTAGE,2,2010-05-05 10:39:00,18.0,12649.0,Germany
506947,M,Manual,12,2010-05-05 11:16:00,0.42,17377.0,United Kingdom
506959,DOT,DOTCOM POSTAGE,1,2010-05-05 12:05:00,140.35,,United Kingdom
507007,DOT,DOTCOM POSTAGE,1,2010-05-05 14:23:00,25.02,,United Kingdom
507008,M,Manual,1,2010-05-05 14:25:00,4.0,,United Kingdom
507008,DOT,DOTCOM POSTAGE,1,2010-05-05 14:25:00,56.89,,United Kingdom
507009,DOT,DOTCOM POSTAGE,1,2010-05-05 14:26:00,33.45,,United Kingdom
507012,DOT,DOTCOM POSTAGE,1,2010-05-05 14:27:00,6.77,,United Kingdom
507011,DOT,DOTCOM POSTAGE,1,2010-05-05 14:27:00,21.57,,United Kingdom
507010,DOT,DOTCOM POSTAGE,1,2010-05-05 14:27:00,18.26,,United Kingdom
507014,DOT,DOTCOM POSTAGE,1,2010-05-05 14:28:00,30.0,,United Kingdom
507013,DOT,DOTCOM POSTAGE,1,2010-05-05 14:28:00,10.09,,United Kingdom
507019,DOT,DOTCOM POSTAGE,1,2010-05-05 14:34:00,26.55,,United Kingdom
507024,DOT,DOTCOM POSTAGE,1,2010-05-05 14:38:00,8.43,,United Kingdom
507023,DOT,DOTCOM POSTAGE,1,2010-05-05 14:38:00,16.6,,United Kingdom
507025,DOT,DOTCOM POSTAGE,1,2010-05-05 14:42:00,155.29,,United Kingdom
507051,POST,POSTAGE,2,2010-05-06 09:09:00,18.0,12583.0,France
C507055,M,Manual,-1,2010-05-06 10:02:00,662.25,12422.0,Australia
507058,POST,POSTAGE,2,2010-05-06 10:04:00,18.0,12567.0,France
C507057,M,Manual,-1,2010-05-06 10:04:00,396.2,12422.0,Australia
507060,M,Manual,1,2010-05-06 10:08:00,662.25,12422.0,Australia
507061,M,Manual,1,2010-05-06 10:09:00,396.2,12422.0,Australia
507116,DOT,DOTCOM POSTAGE,1,2010-05-06 11:30:00,135.15,,United Kingdom
507130,POST,POSTAGE,5,2010-05-06 12:23:00,18.0,12523.0,France
507156,POST,POSTAGE,3,2010-05-06 13:41:00,18.0,12682.0,France
507158,POST,POSTAGE,4,2010-05-06 13:45:00,18.0,12621.0,Germany
507177,DOT,DOTCOM POSTAGE,1,2010-05-06 15:09:00,142.57,,United Kingdom
507199,M,Manual,2,2010-05-06 16:27:00,3.75,16890.0,United Kingdom
507218,M,Manual,2,2010-05-06 19:08:00,0.2,14713.0,United Kingdom
507252,POST,POSTAGE,3,2010-05-07 11:35:00,18.0,12681.0,France
507256,M,Manual,2,2010-05-07 11:42:00,2.95,17798.0,United Kingdom
507290,M,Manual,1,2010-05-07 14:10:00,1.25,14814.0,United Kingdom
507292,DOT,DOTCOM POSTAGE,1,2010-05-07 14:28:00,178.44,,United Kingdom
507294,DOT,DOTCOM POSTAGE,1,2010-05-07 14:30:00,3.36,,United Kingdom
507315,POST,POSTAGE,2,2010-05-07 14:56:00,18.0,12490.0,France
507376,M,Manual,28,2010-05-09 11:29:00,0.21,13979.0,United Kingdom
507376,M,Manual,1,2010-05-09 11:29:00,0.42,13979.0,United Kingdom
507401,M,Manual,7,2010-05-09 13:38:00,0.42,15555.0,United Kingdom
507401,M,Manual,20,2010-05-09 13:38:00,0.21,15555.0,United Kingdom
507426,POST,POSTAGE,1,2010-05-09 15:33:00,15.0,12361.0,Belgium
507430,M,Manual,4,2010-05-09 16:03:00,1.45,17135.0,United Kingdom
507438,M,Manual,1,2010-05-10 09:16:00,4.0,17994.0,United Kingdom
507448,DOT,DOTCOM POSTAGE,1,2010-05-10 09:55:00,161.03,,United Kingdom
507450,POST,,1000,2010-05-10 10:01:00,0.0,,United Kingdom
507604,DOT,DOTCOM POSTAGE,1,2010-05-10 13:43:00,78.41,,United Kingdom
507620,POST,POSTAGE,3,2010-05-10 14:19:00,15.0,12813.0,Netherlands
C507638,POST,POSTAGE,-1,2010-05-10 14:55:00,4.5,17563.0,United Kingdom
507649,M,Manual,1,2010-05-10 15:52:00,864.59,,United Kingdom
C507651,POST,POSTAGE,-1,2010-05-10 15:56:00,4.95,14735.0,United Kingdom
507660,POST,POSTAGE,3,2010-05-10 16:44:00,28.0,12675.0,Italy
507692,POST,POSTAGE,2,2010-05-11 10:20:00,18.0,12600.0,Germany
507697,POST,POSTAGE,2,2010-05-11 10:42:00,18.0,12599.0,France
507712,DOT,DOTCOM POSTAGE,1,2010-05-11 11:29:00,194.12,,United Kingdom
507880,POST,POSTAGE,1,2010-05-11 15:03:00,15.0,12455.0,Cyprus
507881,DOT,DOTCOM POSTAGE,1,2010-05-11 15:08:00,172.21,,United Kingdom
507999,POST,POSTAGE,3,2010-05-12 11:45:00,18.0,12580.0,Germany
508062,POST,POSTAGE,3,2010-05-12 13:52:00,18.0,12494.0,France
508074,M,Manual,4,2010-05-12 16:03:00,10.0,17897.0,United Kingdom
508074,M,Manual,3,2010-05-12 16:03:00,2.0,17897.0,United Kingdom
508074,M,Manual,1,2010-05-12 16:03:00,0.85,17897.0,United Kingdom
508075,M,Manual,1,2010-05-12 16:04:00,30.0,15149.0,United Kingdom
508077,DOT,DOTCOM POSTAGE,1,2010-05-12 16:29:00,176.87,,United Kingdom
508097,POST,POSTAGE,4,2010-05-13 09:33:00,18.0,12683.0,France
508101,POST,POSTAGE,10,2010-05-13 10:02:00,18.0,12647.0,Germany
508197,M,Manual,1,2010-05-13 13:31:00,0.85,16906.0,United Kingdom
508222,POST,POSTAGE,3,2010-05-13 15:41:00,28.0,12540.0,Spain
508228,DOT,DOTCOM POSTAGE,1,2010-05-13 16:49:00,254.11,,United Kingdom
508235,M,Manual,42,2010-05-13 18:49:00,0.85,15478.0,United Kingdom
508235,M,Manual,8,2010-05-13 18:49:00,0.85,15478.0,United Kingdom
C508287,POST,POSTAGE,-1,2010-05-14 11:08:00,2.36,13655.0,United Kingdom
C508293,POST,POSTAGE,-1,2010-05-14 11:09:00,2.0,14110.0,United Kingdom
508363,DOT,DOTCOM POSTAGE,1,2010-05-14 13:14:00,3.36,,United Kingdom
508396,BANK CHARGES,Bank Charges,1,2010-05-14 14:54:00,39.24,,United Kingdom
508451,DOT,DOTCOM POSTAGE,1,2010-05-14 16:33:00,103.68,,United Kingdom
508474,M,Manual,25,2010-05-16 11:52:00,0.42,17123.0,United Kingdom
508503,M,Manual,2,2010-05-16 15:52:00,1.45,14982.0,United Kingdom
508523,POST,POSTAGE,4,2010-05-17 10:15:00,18.0,12471.0,Germany
508629,M,Manual,1,2010-05-17 14:21:00,0.1,13857.0,United Kingdom
508637,POST,POSTAGE,1,2010-05-17 14:54:00,220.0,12725.0,Italy
508643,DOT,DOTCOM POSTAGE,1,2010-05-17 15:30:00,136.33,,United Kingdom
C508661,M,Manual,-10,2010-05-17 16:23:00,3.95,13564.0,United Kingdom
C508661,M,Manual,-4,2010-05-17 16:23:00,7.94,13564.0,United Kingdom
C508707,M,Manual,-6,2010-05-17 17:12:00,5.95,14430.0,United Kingdom
508728,POST,POSTAGE,1,2010-05-18 09:57:00,200.0,12349.0,Italy
508747,DOT,DOTCOM POSTAGE,1,2010-05-18 11:40:00,128.49,,United Kingdom
508852,POST,POSTAGE,1,2010-05-18 15:06:00,18.0,12662.0,Germany
508854,DOT,DOTCOM POSTAGE,1,2010-05-18 15:13:00,125.99,,United Kingdom
C508859,POST,POSTAGE,-1,2010-05-18 15:30:00,10.0,,United Kingdom
508864,M,Manual,36,2010-05-18 16:09:00,0.42,17589.0,United Kingdom
C508928,POST,POSTAGE,-1,2010-05-19 11:26:00,10.99,13164.0,United Kingdom
508979,DOT,DOTCOM POSTAGE,1,2010-05-19 11:55:00,150.08,,United Kingdom
C509052,M,Manual,-1,2010-05-20 11:11:00,208.28,,United Kingdom
C509053,BANK CHARGES,Bank Charges,-1,2010-05-20 11:13:00,465.21,,United Kingdom
C509054,M,Manual,-1,2010-05-20 11:15:00,754.3,,United Kingdom
509156,M,Manual,1,2010-05-20 13:28:00,7.95,15025.0,United Kingdom
509195,POST,POSTAGE,2,2010-05-20 18:18:00,18.0,12712.0,Germany
509199,POST,POSTAGE,5,2010-05-21 09:06:00,18.0,12668.0,Germany
509206,DOT,DOTCOM POSTAGE,1,2010-05-21 09:29:00,141.62,,United Kingdom
509207,DOT,DOTCOM POSTAGE,1,2010-05-21 09:40:00,116.96,,United Kingdom
509210,POST,POSTAGE,12,2010-05-21 09:56:00,18.0,12647.0,Germany
509284,POST,POSTAGE,1,2010-05-21 11:45:00,18.0,12583.0,France
509347,DOT,DOTCOM POSTAGE,1,2010-05-21 13:09:00,125.7,,United Kingdom
C509353,M,Manual,-1,2010-05-21 13:35:00,52.61,14744.0,United Kingdom
C509363,BANK CHARGES,Bank Charges,-1,2010-05-21 14:07:00,149.31,,United Kingdom
509375,BANK CHARGES,Bank Charges,1,2010-05-21 14:40:00,15.0,17448.0,United Kingdom
509398,POST,POSTAGE,6,2010-05-23 11:08:00,28.0,12809.0,Portugal
509416,M,Manual,1,2010-05-23 12:50:00,5.0,14505.0,United Kingdom
509416,M,Manual,1,2010-05-23 12:50:00,1.0,14505.0,United Kingdom
509433,POST,POSTAGE,2,2010-05-23 14:30:00,18.0,12621.0,Germany
509447,POST,POSTAGE,3,2010-05-24 09:07:00,18.0,12632.0,Germany
509460,POST,POSTAGE,5,2010-05-24 10:44:00,15.0,12759.0,Netherlands
509533,DOT,DOTCOM POSTAGE,1,2010-05-24 12:01:00,165.24,,United Kingdom
509611,DOT,DOTCOM POSTAGE,1,2010-05-25 09:03:00,84.15,,United Kingdom
509615,POST,POSTAGE,4,2010-05-25 09:34:00,15.0,12802.0,Netherlands
509627,POST,POSTAGE,3,2010-05-25 09:55:00,40.0,12360.0,Austria
C509628,POST,POSTAGE,-1,2010-05-25 10:01:00,40.0,12360.0,Austria
509644,POST,POSTAGE,2,2010-05-25 11:28:00,40.0,12422.0,Switzerland
509669,BANK CHARGES,Bank Charges,1,2010-05-25 12:03:00,15.0,17448.0,United Kingdom
509750,DOT,DOTCOM POSTAGE,1,2010-05-25 14:05:00,152.53,,United Kingdom
509779,M,Manual,1,2010-05-25 16:54:00,7.97,16658.0,United Kingdom
509850,POST,POSTAGE,7,2010-05-26 09:00:00,18.0,12656.0,France
509932,DOT,DOTCOM POSTAGE,1,2010-05-26 12:36:00,38.3,,United Kingdom
509933,DOT,DOTCOM POSTAGE,1,2010-05-26 12:37:00,38.43,,United Kingdom
509935,DOT,DOTCOM POSTAGE,1,2010-05-26 12:38:00,31.66,,United Kingdom
509934,DOT,DOTCOM POSTAGE,1,2010-05-26 12:38:00,19.91,,United Kingdom
509936,DOT,DOTCOM POSTAGE,1,2010-05-26 12:38:00,21.57,,United Kingdom
509939,DOT,DOTCOM POSTAGE,1,2010-05-26 12:39:00,38.3,,United Kingdom
509938,DOT,DOTCOM POSTAGE,1,2010-05-26 12:39:00,24.89,,United Kingdom
509940,M,Manual,1,2010-05-26 12:40:00,4.0,,United Kingdom
509940,DOT,DOTCOM POSTAGE,1,2010-05-26 12:40:00,33.19,,United Kingdom
509941,DOT,DOTCOM POSTAGE,1,2010-05-26 12:41:00,31.66,,United Kingdom
509944,DOT,DOTCOM POSTAGE,1,2010-05-26 12:42:00,36.64,,United Kingdom
509945,DOT,DOTCOM POSTAGE,1,2010-05-26 12:43:00,43.4,,United Kingdom
509947,DOT,DOTCOM POSTAGE,1,2010-05-26 12:44:00,41.7,,United Kingdom
509948,DOT,DOTCOM POSTAGE,1,2010-05-26 12:45:00,45.06,,United Kingdom
509949,DOT,DOTCOM POSTAGE,1,2010-05-26 12:45:00,18.26,,United Kingdom
509951,DOT,DOTCOM POSTAGE,1,2010-05-26 12:46:00,33.32,,United Kingdom
509952,DOT,DOTCOM POSTAGE,1,2010-05-26 12:47:00,36.51,,United Kingdom
509954,DOT,DOTCOM POSTAGE,1,2010-05-26 12:48:00,11.74,,United Kingdom
509953,DOT,DOTCOM POSTAGE,1,2010-05-26 12:48:00,46.47,,United Kingdom
509955,DOT,DOTCOM POSTAGE,1,2010-05-26 12:49:00,6.77,,United Kingdom
509957,DOT,DOTCOM POSTAGE,1,2010-05-26 12:49:00,45.19,,United Kingdom
509956,M,Manual,2,2010-05-26 12:49:00,7.95,14715.0,United Kingdom
509959,DOT,DOTCOM POSTAGE,1,2010-05-26 12:50:00,33.19,,United Kingdom
509960,DOT,DOTCOM POSTAGE,1,2010-05-26 12:52:00,68.38,,United Kingdom
509962,DOT,DOTCOM POSTAGE,1,2010-05-26 12:54:00,51.57,,United Kingdom
C509969,POST,POSTAGE,-2,2010-05-26 13:21:00,18.0,12632.0,Germany
509972,DOT,DOTCOM POSTAGE,1,2010-05-26 13:34:00,197.17,,United Kingdom
509985,POST,POSTAGE,2,2010-05-26 14:43:00,1.0,12681.0,France
C510039,M,Manual,-1,2010-05-26 15:48:00,2396.61,,Hong Kong
510041,M,Manual,1,2010-05-26 15:56:00,2396.61,,Hong Kong
510064,DOT,DOTCOM POSTAGE,1,2010-05-27 10:56:00,176.61,,United Kingdom
510153,M,Manual,1,2010-05-27 13:25:00,8.5,16947.0,United Kingdom
510176,POST,POSTAGE,2,2010-05-27 14:53:00,18.0,12609.0,Germany
510228,DOT,DOTCOM POSTAGE,1,2010-05-28 09:16:00,159.2,,United Kingdom
510354,POST,POSTAGE,2,2010-05-28 15:12:00,18.0,12499.0,Germany
510410,DOT,DOTCOM POSTAGE,1,2010-05-28 17:25:00,124.03,,United Kingdom
510453,POST,POSTAGE,2,2010-06-01 10:42:00,18.0,12701.0,Germany
510519,DOT,DOTCOM POSTAGE,1,2010-06-01 13:49:00,47.97,,United Kingdom
510542,M,Manual,1,2010-06-01 14:46:00,3.95,,United Kingdom
510637,DOT,DOTCOM POSTAGE,1,2010-06-02 11:54:00,100.85,,United Kingdom
510651,POST,POSTAGE,1,2010-06-02 13:34:00,18.0,12437.0,France
510660,POST,POSTAGE,1,2010-06-02 14:30:00,18.0,12677.0,France
510668,POST,POSTAGE,2,2010-06-02 15:03:00,17.0,12681.0,France
510757,POST,POSTAGE,2,2010-06-03 12:51:00,15.0,12874.0,Belgium
C510758,BANK CHARGES,Bank Charges,-1,2010-06-03 12:52:00,25.0,,United Kingdom
C510758,BANK CHARGES,Bank Charges,-1,2010-06-03 12:52:00,414.08,,United Kingdom
C510764,BANK CHARGES,Bank Charges,-1,2010-06-03 13:12:00,589.59,,United Kingdom
C510765,M,Manual,-1,2010-06-03 13:16:00,8.29,,United Kingdom
C510766,M,Manual,-1,2010-06-03 13:22:00,12.68,,United Kingdom
C510768,BANK CHARGES,Bank Charges,-1,2010-06-03 13:26:00,25.0,,United Kingdom
C510768,BANK CHARGES,Bank Charges,-1,2010-06-03 13:26:00,555.22,,United Kingdom
510772,DOT,DOTCOM POSTAGE,1,2010-06-03 14:02:00,62.29,,United Kingdom
510782,POST,POSTAGE,2,2010-06-03 15:29:00,18.0,12583.0,France
510792,M,Manual,1,2010-06-03 16:33:00,1.45,15867.0,United Kingdom
510824,POST,POSTAGE,1,2010-06-03 19:57:00,15.0,12643.0,France
C510827,POST,POSTAGE,-1,2010-06-03 20:05:00,6.95,16233.0,United Kingdom
510936,POST,POSTAGE,2,2010-06-04 10:35:00,18.0,12701.0,Germany
510983,DOT,DOTCOM POSTAGE,1,2010-06-04 12:23:00,43.59,,United Kingdom
510987,M,Manual,1,2010-06-04 12:50:00,2.95,13443.0,United Kingdom
510999,DOT,DOTCOM POSTAGE,1,2010-06-04 14:40:00,23.23,,United Kingdom
511000,DOT,DOTCOM POSTAGE,1,2010-06-04 14:44:00,9.96,,United Kingdom
511001,DOT,DOTCOM POSTAGE,1,2010-06-04 14:48:00,10.09,,United Kingdom
511002,DOT,DOTCOM POSTAGE,1,2010-06-04 14:49:00,21.57,,United Kingdom
511004,DOT,DOTCOM POSTAGE,1,2010-06-04 14:53:00,26.55,,United Kingdom
511005,DOT,DOTCOM POSTAGE,1,2010-06-04 14:54:00,76.6,,United Kingdom
511006,DOT,DOTCOM POSTAGE,1,2010-06-04 14:55:00,93.19,,United Kingdom
511007,DOT,DOTCOM POSTAGE,1,2010-06-04 14:57:00,51.7,,United Kingdom
511008,DOT,DOTCOM POSTAGE,1,2010-06-04 14:57:00,10.09,,United Kingdom
511009,DOT,DOTCOM POSTAGE,1,2010-06-04 14:58:00,50.04,,United Kingdom
511010,DOT,DOTCOM POSTAGE,1,2010-06-04 14:59:00,18.38,,United Kingdom
511011,DOT,DOTCOM POSTAGE,1,2010-06-04 14:59:00,46.6,,United Kingdom
511012,DOT,DOTCOM POSTAGE,1,2010-06-04 15:00:00,38.43,,United Kingdom
511018,DOT,DOTCOM POSTAGE,1,2010-06-04 15:50:00,211.5,,United Kingdom
511021,DOT,DOTCOM POSTAGE,1,2010-06-04 16:13:00,183.4,,United Kingdom
511063,M,Manual,2,2010-06-06 12:45:00,1.25,15988.0,United Kingdom
511096,POST,POSTAGE,3,2010-06-06 15:49:00,18.0,12682.0,France
511105,POST,POSTAGE,7,2010-06-07 09:37:00,18.0,13815.0,Germany
511117,POST,POSTAGE,16,2010-06-07 10:41:00,10.95,12471.0,Germany
C511120,POST,POSTAGE,-16,2010-06-07 10:50:00,10.95,12471.0,Germany
511121,POST,POSTAGE,6,2010-06-07 10:52:00,18.0,12471.0,Germany
511122,DOT,DOTCOM POSTAGE,1,2010-06-07 10:54:00,103.31,,United Kingdom
511124,DOT,DOTCOM POSTAGE,1,2010-06-07 10:58:00,42.16,,United Kingdom
511236,M,Manual,2,2010-06-07 12:29:00,5.0,18203.0,United Kingdom
511282,DOT,DOTCOM POSTAGE,1,2010-06-07 14:22:00,35.47,,United Kingdom
511434,M,Manual,25,2010-06-08 11:50:00,0.42,17201.0,United Kingdom
511452,DOT,DOTCOM POSTAGE,1,2010-06-08 12:44:00,98.91,,United Kingdom
511462,POST,POSTAGE,1,2010-06-08 12:55:00,290.0,12647.0,Germany
511501,M,Manual,6,2010-06-08 14:52:00,1.25,15532.0,United Kingdom
511507,DOT,DOTCOM POSTAGE,1,2010-06-08 15:24:00,53.49,,United Kingdom
511506,DOT,DOTCOM POSTAGE,1,2010-06-08 15:24:00,36.64,,United Kingdom
511508,DOT,DOTCOM POSTAGE,1,2010-06-08 15:25:00,89.87,,United Kingdom
511509,DOT,DOTCOM POSTAGE,1,2010-06-08 15:26:00,137.53,,United Kingdom
C511516,M,Manual,-1,2010-06-08 16:22:00,297.57,14308.0,United Kingdom
511517,M,Manual,1,2010-06-08 16:24:00,1.05,17962.0,United Kingdom
511520,M,Manual,1,2010-06-08 16:39:00,849.45,14308.0,United Kingdom
C511521,M,Manual,-1,2010-06-08 16:45:00,849.45,14308.0,United Kingdom
511523,M,Manual,1,2010-06-08 16:48:00,297.57,14308.0,United Kingdom
C511524,M,Manual,-1,2010-06-08 16:52:00,849.45,14308.0,United Kingdom
511525,M,Manual,1,2010-06-08 16:53:00,849.45,,United Kingdom
511544,DOT,DOTCOM POSTAGE,1,2010-06-08 17:48:00,214.49,,United Kingdom
511547,POST,POSTAGE,1,2010-06-09 08:46:00,18.0,12599.0,France
511549,POST,POSTAGE,1,2010-06-09 09:15:00,40.0,12483.0,Sweden
511616,M,Manual,1,2010-06-09 12:11:00,0.85,15527.0,United Kingdom
C511617,M,Manual,-15,2010-06-09 12:12:00,5.45,15527.0,United Kingdom
511655,M,Manual,1,2010-06-09 14:09:00,3.0,14104.0,United Kingdom
511656,DOT,DOTCOM POSTAGE,1,2010-06-09 14:13:00,141.3,,United Kingdom
511703,POST,POSTAGE,4,2010-06-10 09:40:00,18.0,12727.0,France
511771,M,Manual,1,2010-06-10 12:12:00,15.0,17032.0,United Kingdom
C511773,M,Manual,-1,2010-06-10 12:15:00,15.0,17032.0,United Kingdom
511774,BANK CHARGES,Bank Charges,1,2010-06-10 12:16:00,15.0,17032.0,United Kingdom
511780,POST,POSTAGE,2,2010-06-10 12:43:00,1.0,12662.0,Germany
C511793,M,Manual,-1,2010-06-10 14:12:00,241.38,16943.0,United Kingdom
511794,M,Manual,1,2010-06-10 14:16:00,241.38,,United Kingdom
511825,POST,POSTAGE,1,2010-06-10 16:35:00,18.0,12726.0,France
511855,POST,POSTAGE,5,2010-06-11 08:25:00,18.0,12681.0,France
511858,DOT,DOTCOM POSTAGE,1,2010-06-11 10:05:00,148.6,,United Kingdom
511960,M,Manual,6,2010-06-11 13:23:00,0.45,14727.0,United Kingdom
C511965,M,Manual,-6,2010-06-11 13:34:00,0.45,14727.0,United Kingdom
511967,M,Manual,1,2010-06-11 13:43:00,5.0,17867.0,United Kingdom
511971,M,Manual,12,2010-06-11 14:05:00,0.4,,United Kingdom
511972,DOT,DOTCOM POSTAGE,1,2010-06-11 14:35:00,106.31,,United Kingdom
511988,M,Manual,1,2010-06-11 14:49:00,302.09,,United Kingdom
C511996,M,Manual,-1,2010-06-11 15:31:00,648.05,17546.0,United Kingdom
511997,M,Manual,1,2010-06-11 15:34:00,648.05,,United Kingdom
C511999,M,Manual,-1,2010-06-11 15:44:00,1000.63,14255.0,United Kingdom
C512000,M,Manual,-1,2010-06-11 15:47:00,590.0,14255.0,United Kingdom
512002,M,Manual,1,2010-06-11 15:54:00,1000.63,14255.0,United Kingdom
C512003,M,Manual,-1,2010-06-11 15:57:00,851.6,14255.0,United Kingdom
C512006,M,Manual,-1,2010-06-11 15:59:00,851.6,,United Kingdom
512011,M,Manual,1,2010-06-11 16:01:00,590.0,,United Kingdom
512024,M,Manual,1,2010-06-11 16:06:00,851.6,,United Kingdom
512029,M,Manual,1,2010-06-11 16:08:00,851.6,,United Kingdom
C512043,M,Manual,-1,2010-06-11 16:53:00,355.2,13231.0,United Kingdom
512044,M,Manual,1,2010-06-11 16:55:00,355.2,,United Kingdom
512083,POST,POSTAGE,2,2010-06-13 12:32:00,18.0,12623.0,Germany
512128,POST,POSTAGE,1,2010-06-14 09:40:00,35.0,12594.0,Italy
512168,DOT,DOTCOM POSTAGE,1,2010-06-14 11:24:00,117.82,,United Kingdom
C512272,M,Manual,-2,2010-06-14 13:32:00,1.0,15031.0,United Kingdom
C512272,M,Manual,-8,2010-06-14 13:32:00,1.0,15031.0,United Kingdom
512289,DOT,DOTCOM POSTAGE,1,2010-06-14 14:49:00,41.7,,United Kingdom
C512293,M,Manual,-1,2010-06-14 15:02:00,10.0,13069.0,United Kingdom
512295,M,Manual,144,2010-06-14 15:11:00,1.25,15311.0,United Kingdom
512386,POST,POSTAGE,7,2010-06-15 12:14:00,18.0,12472.0,Germany
C512427,M,Manual,-1,2010-06-15 15:02:00,207.89,,United Kingdom
C512428,BANK CHARGES,Bank Charges,-1,2010-06-15 15:03:00,388.41,,United Kingdom
C512429,M,Manual,-1,2010-06-15 15:05:00,1018.58,,United Kingdom
512430,M,Manual,1,2010-06-15 15:20:00,207.89,,United Kingdom
C512431,M,Manual,-1,2010-06-15 15:22:00,307.89,,United Kingdom
512435,DOT,DOTCOM POSTAGE,1,2010-06-15 15:54:00,27.87,,United Kingdom
512437,DOT,DOTCOM POSTAGE,1,2010-06-15 16:17:00,95.17,,United Kingdom
512538,POST,POSTAGE,3,2010-06-16 12:45:00,18.0,12613.0,Germany
512540,POST,POSTAGE,2,2010-06-16 12:54:00,18.0,12540.0,Spain
512570,M,Manual,1,2010-06-16 14:47:00,10.0,14075.0,United Kingdom
512589,DOT,DOTCOM POSTAGE,1,2010-06-16 16:04:00,124.97,,United Kingdom
512606,POST,POSTAGE,2,2010-06-17 09:30:00,18.0,13919.0,Denmark
512658,BANK CHARGES,Bank Charges,1,2010-06-17 11:24:00,15.0,14085.0,United Kingdom
512659,M,Manual,1,2010-06-17 11:26:00,5.0,17884.0,United Kingdom
512723,POST,POSTAGE,4,2010-06-17 13:06:00,15.0,12417.0,Belgium
512733,DOT,DOTCOM POSTAGE,1,2010-06-17 13:48:00,71.69,,United Kingdom
512744,POST,POSTAGE,6,2010-06-17 14:46:00,18.0,12681.0,France
C512747,M,Manual,-1,2010-06-17 14:54:00,955.06,13335.0,United Kingdom
512748,M,Manual,1,2010-06-17 14:56:00,955.06,,United Kingdom
512751,M,Manual,25,2010-06-17 15:08:00,0.42,17953.0,United Kingdom
C512752,M,Manual,-1,2010-06-17 15:23:00,3248.86,18023.0,United Kingdom
512754,M,Manual,1,2010-06-17 15:26:00,3248.86,,United Kingdom
C512758,M,Manual,-1,2010-06-17 15:49:00,4620.86,16981.0,United Kingdom
512759,M,Manual,1,2010-06-17 15:51:00,4620.86,,United Kingdom
C512763,POST,POSTAGE,-1,2010-06-17 16:10:00,3.58,,United Kingdom
C512770,M,Manual,-1,2010-06-17 16:52:00,25111.09,17399.0,United Kingdom
512771,M,Manual,1,2010-06-17 16:53:00,25111.09,,United Kingdom
512804,M,Manual,1,2010-06-18 11:16:00,241.38,16943.0,United Kingdom
C512805,M,Manual,-1,2010-06-18 11:18:00,241.38,,United Kingdom
512806,M,Manual,34,2010-06-18 11:21:00,0.21,15483.0,United Kingdom
512892,POST,POSTAGE,4,2010-06-18 12:28:00,15.0,12802.0,Netherlands
C512898,M,Manual,-1,2010-06-18 12:53:00,302.09,14967.0,United Kingdom
512902,POST,POSTAGE,2,2010-06-18 13:22:00,18.0,12412.0,Denmark
512911,DOT,DOTCOM POSTAGE,1,2010-06-18 14:56:00,50.68,,United Kingdom
512930,POST,POSTAGE,4,2010-06-20 12:09:00,18.0,12621.0,Germany
513048,M,Manual,1,2010-06-21 13:04:00,0.85,16391.0,United Kingdom
513099,DOT,DOTCOM POSTAGE,1,2010-06-21 15:13:00,67.03,,United Kingdom
513122,POST,POSTAGE,1,2010-06-22 10:05:00,130.0,12634.0,USA
513147,POST,POSTAGE,1,2010-06-22 10:38:00,15.0,12774.0,Netherlands
513172,POST,POSTAGE,3,2010-06-22 12:16:00,28.0,12785.0,Portugal
513188,POST,POSTAGE,3,2010-06-22 14:00:00,18.0,12724.0,France
513199,DOT,DOTCOM POSTAGE,1,2010-06-22 16:21:00,53.77,,United Kingdom
513200,DOT,DOTCOM POSTAGE,1,2010-06-22 16:28:00,41.96,,United Kingdom
513248,POST,POSTAGE,2,2010-06-23 10:49:00,28.0,12792.0,Portugal
513263,M,Manual,28,2010-06-23 11:34:00,0.21,14725.0,United Kingdom
513275,POST,POSTAGE,3,2010-06-23 12:49:00,15.0,12379.0,Belgium
513308,DOT,DOTCOM POSTAGE,1,2010-06-23 14:49:00,41.17,,United Kingdom
513328,DOT,DOTCOM POSTAGE,1,2010-06-23 17:16:00,71.32,,United Kingdom
513334,POST,POSTAGE,3,2010-06-24 09:29:00,18.0,12437.0,France
513356,DOT,DOTCOM POSTAGE,1,2010-06-24 11:31:00,73.23,,United Kingdom
513359,DOT,DOTCOM POSTAGE,1,2010-06-24 11:32:00,14.26,,United Kingdom
513364,DOT,DOTCOM POSTAGE,1,2010-06-24 11:33:00,100.98,,United Kingdom
513362,DOT,DOTCOM POSTAGE,1,2010-06-24 11:33:00,54.26,,United Kingdom
513368,DOT,DOTCOM POSTAGE,1,2010-06-24 11:34:00,119.96,,United Kingdom
513374,DOT,DOTCOM POSTAGE,1,2010-06-24 11:35:00,122.0,,United Kingdom
513369,DOT,DOTCOM POSTAGE,1,2010-06-24 11:35:00,87.7,,United Kingdom
513371,DOT,DOTCOM POSTAGE,1,2010-06-24 11:35:00,50.13,,United Kingdom
513381,DOT,DOTCOM POSTAGE,1,2010-06-24 11:38:00,84.51,,United Kingdom
513383,DOT,DOTCOM POSTAGE,1,2010-06-24 11:39:00,66.17,,United Kingdom
513387,DOT,DOTCOM POSTAGE,1,2010-06-24 11:40:00,64.09,,United Kingdom
513395,DOT,DOTCOM POSTAGE,1,2010-06-24 11:46:00,45.11,,United Kingdom
513396,DOT,DOTCOM POSTAGE,1,2010-06-24 11:47:00,7.49,,United Kingdom
513397,DOT,DOTCOM POSTAGE,1,2010-06-24 11:47:00,27.45,,United Kingdom
513398,DOT,DOTCOM POSTAGE,1,2010-06-24 11:48:00,51.06,,United Kingdom
513399,DOT,DOTCOM POSTAGE,1,2010-06-24 11:48:00,82.68,,United Kingdom
513401,DOT,DOTCOM POSTAGE,1,2010-06-24 11:50:00,72.17,,United Kingdom
513400,DOT,DOTCOM POSTAGE,1,2010-06-24 11:50:00,52.64,,United Kingdom
513403,DOT,DOTCOM POSTAGE,1,2010-06-24 11:51:00,71.23,,United Kingdom
C513427,BANK CHARGES,Bank Charges,-1,2010-06-24 13:01:00,128.71,,United Kingdom
513450,M,Manual,1,2010-06-24 15:03:00,1549.66,,United Kingdom
513461,M,Manual,12,2010-06-24 15:50:00,1.25,15043.0,United Kingdom
C513478,POST,POSTAGE,-1,2010-06-24 17:03:00,8.21,15513.0,United Kingdom
513655,DOT,DOTCOM POSTAGE,1,2010-06-28 10:02:00,61.3,,United Kingdom
513750,M,Manual,4,2010-06-28 12:38:00,2.55,17019.0,United Kingdom
513763,POST,POSTAGE,7,2010-06-28 13:06:00,28.0,12784.0,Portugal
513764,DOT,DOTCOM POSTAGE,1,2010-06-28 13:12:00,98.11,,United Kingdom
513769,POST,POSTAGE,1,2010-06-28 13:44:00,18.0,12701.0,Germany
513784,POST,POSTAGE,1,2010-06-28 14:36:00,170.0,12741.0,USA
513809,POST,POSTAGE,2,2010-06-29 09:28:00,18.0,12682.0,France
513813,POST,POSTAGE,6,2010-06-29 09:52:00,18.0,13023.0,United Kingdom
513815,POST,POSTAGE,1,2010-06-29 09:59:00,18.0,12647.0,Germany
513820,POST,POSTAGE,2,2010-06-29 10:35:00,18.0,12567.0,France
513876,POST,POSTAGE,6,2010-06-29 11:55:00,18.0,12471.0,Germany
513907,DOT,DOTCOM POSTAGE,1,2010-06-29 12:08:00,73.26,,United Kingdom
513940,POST,POSTAGE,1,2010-06-29 13:05:00,15.0,12788.0,Netherlands
513942,DOT,DOTCOM POSTAGE,1,2010-06-29 13:12:00,85.14,,United Kingdom
513964,POST,POSTAGE,12,2010-06-29 15:17:00,15.0,12380.0,Belgium
513965,POST,POSTAGE,4,2010-06-29 15:28:00,15.0,12380.0,Belgium
C513966,POST,POSTAGE,-16,2010-06-29 15:32:00,15.0,12380.0,Belgium
513967,POST,POSTAGE,1,2010-06-29 15:34:00,145.0,12380.0,Belgium
513972,M,Manual,1,2010-06-29 16:13:00,4.25,15532.0,United Kingdom
513995,POST,POSTAGE,3,2010-06-30 08:50:00,18.0,13813.0,Germany
C514024,M,Manual,-1,2010-06-30 11:22:00,5.18,12346.0,United Kingdom
C514024,M,Manual,-1,2010-06-30 11:22:00,12.94,12346.0,United Kingdom
C514024,M,Manual,-1,2010-06-30 11:22:00,4.66,12346.0,United Kingdom
C514024,M,Manual,-1,2010-06-30 11:22:00,12.94,12346.0,United Kingdom
C514024,M,Manual,-1,2010-06-30 11:22:00,25.88,12346.0,United Kingdom
C514024,M,Manual,-3,2010-06-30 11:22:00,12.94,12346.0,United Kingdom
C514024,M,Manual,-1,2010-06-30 11:22:00,1.15,12346.0,United Kingdom
C514024,M,Manual,-4,2010-06-30 11:22:00,13.22,12346.0,United Kingdom
C514024,M,Manual,-1,2010-06-30 11:22:00,31.78,12346.0,United Kingdom
C514024,M,Manual,-1,2010-06-30 11:22:00,142.31,12346.0,United Kingdom
514063,POST,POSTAGE,2,2010-06-30 11:57:00,18.0,12708.0,Germany
C514072,POST,POSTAGE,-1,2010-06-30 11:59:00,18.0,12708.0,Germany
C514095,M,Manual,-2,2010-06-30 12:17:00,2.75,12770.0,Japan
514097,DOT,DOTCOM POSTAGE,1,2010-06-30 12:27:00,103.83,,United Kingdom
C514156,M,Manual,-1,2010-06-30 14:18:00,85.13,14911.0,EIRE
514157,M,Manual,1,2010-06-30 14:20:00,85.13,14911.0,EIRE
514165,POST,POSTAGE,4,2010-06-30 15:35:00,18.0,12714.0,France
514198,DOT,DOTCOM POSTAGE,1,2010-06-30 15:55:00,122.2,,United Kingdom
514219,POST,POSTAGE,2,2010-07-01 09:15:00,18.0,12575.0,France
514226,POST,POSTAGE,3,2010-07-01 10:28:00,18.0,12468.0,Germany
514310,POST,POSTAGE,1,2010-07-01 13:14:00,15.0,12765.0,Netherlands
514312,POST,POSTAGE,2,2010-07-01 13:25:00,18.0,12662.0,Germany
514319,POST,POSTAGE,2,2010-07-01 13:46:00,40.0,12576.0,Poland
514324,M,Manual,2,2010-07-01 14:13:00,0.85,16011.0,United Kingdom
C514326,M,Manual,-1,2010-07-01 14:21:00,20.3,13503.0,United Kingdom
C514327,M,Manual,-1,2010-07-01 14:22:00,20.3,13503.0,United Kingdom
514329,M,Manual,4,2010-07-01 14:27:00,20.3,13503.0,United Kingdom
514338,DOT,DOTCOM POSTAGE,1,2010-07-01 14:43:00,92.63,,United Kingdom
C514340,M,Manual,-9,2010-07-01 15:01:00,3.75,14527.0,United Kingdom
C514340,M,Manual,-3,2010-07-01 15:01:00,1.25,14527.0,United Kingdom
C514340,M,Manual,-1,2010-07-01 15:01:00,2.1,14527.0,United Kingdom
514355,M,Manual,6,2010-07-01 16:48:00,2.55,17589.0,United Kingdom
514371,POST,POSTAGE,1,2010-07-02 09:27:00,18.0,12422.0,Switzerland
514387,POST,POSTAGE,10,2010-07-02 11:44:00,18.0,12633.0,Germany
C514482,POST,POSTAGE,-2,2010-07-02 14:38:00,18.0,12422.0,Switzerland
514484,POST,POSTAGE,2,2010-07-02 14:39:00,18.0,12422.0,Switzerland
C514485,POST,POSTAGE,-1,2010-07-02 14:41:00,18.0,12422.0,Switzerland
514486,POST,POSTAGE,1,2010-07-02 14:41:00,40.0,12422.0,Switzerland
514487,M,Manual,1,2010-07-02 14:46:00,6.75,18002.0,United Kingdom
514488,M,Manual,2,2010-07-02 15:09:00,0.55,17988.0,United Kingdom
514491,M,Manual,5,2010-07-02 15:17:00,0.55,17988.0,United Kingdom
514529,POST,POSTAGE,2,2010-07-05 09:58:00,18.0,12681.0,France
514532,DOT,DOTCOM POSTAGE,1,2010-07-05 10:07:00,116.42,,United Kingdom
514682,POST,POSTAGE,5,2010-07-05 13:56:00,18.0,12693.0,Germany
514692,POST,POSTAGE,1,2010-07-05 14:47:00,18.0,12500.0,Germany
514728,DOT,DOTCOM POSTAGE,1,2010-07-06 09:51:00,100.72,,United Kingdom
514808,POST,POSTAGE,2,2010-07-06 11:39:00,18.0,12403.0,Denmark
514814,POST,POSTAGE,2,2010-07-06 12:15:00,15.0,12402.0,Belgium
514823,POST,POSTAGE,7,2010-07-06 12:19:00,18.0,12730.0,Germany
514835,DOT,DOTCOM POSTAGE,1,2010-07-06 14:25:00,79.05,,United Kingdom
514864,POST,POSTAGE,2,2010-07-07 09:39:00,18.0,12632.0,Germany
514867,POST,POSTAGE,3,2010-07-07 09:49:00,18.0,12583.0,France
514911,DOT,DOTCOM POSTAGE,1,2010-07-07 11:15:00,68.77,,United Kingdom
514913,DOT,DOTCOM POSTAGE,1,2010-07-07 11:17:00,55.06,,United Kingdom
514912,DOT,DOTCOM POSTAGE,1,2010-07-07 11:17:00,71.87,,United Kingdom
514914,DOT,DOTCOM POSTAGE,1,2010-07-07 11:18:00,45.96,,United Kingdom
514918,DOT,DOTCOM POSTAGE,1,2010-07-07 11:18:00,38.51,,United Kingdom
514916,DOT,DOTCOM POSTAGE,1,2010-07-07 11:18:00,40.0,,United Kingdom
514921,DOT,DOTCOM POSTAGE,1,2010-07-07 11:19:00,77.49,,United Kingdom
514923,DOT,DOTCOM POSTAGE,1,2010-07-07 11:19:00,67.66,,United Kingdom
514926,DOT,DOTCOM POSTAGE,1,2010-07-07 11:20:00,71.96,,United Kingdom
514928,DOT,DOTCOM POSTAGE,1,2010-07-07 11:21:00,63.53,,United Kingdom
514931,DOT,DOTCOM POSTAGE,1,2010-07-07 11:21:00,60.21,,United Kingdom
514935,DOT,DOTCOM POSTAGE,1,2010-07-07 11:22:00,50.13,,United Kingdom
514936,DOT,DOTCOM POSTAGE,1,2010-07-07 11:23:00,66.17,,United Kingdom
514949,POST,POSTAGE,3,2010-07-07 11:53:00,15.0,12759.0,Netherlands
514950,DOT,DOTCOM POSTAGE,1,2010-07-07 11:57:00,120.06,,United Kingdom
515013,DOT,DOTCOM POSTAGE,1,2010-07-07 16:29:00,195.22,,United Kingdom
C515014,M,Manual,-1,2010-07-07 16:32:00,1588.51,15581.0,United Kingdom
515019,POST,POSTAGE,2,2010-07-08 09:00:00,18.0,12712.0,Germany
515020,POST,POSTAGE,1,2010-07-08 09:13:00,15.0,12399.0,Belgium
515118,POST,POSTAGE,2,2010-07-08 13:31:00,28.0,12782.0,Portugal
C515120,POST,POSTAGE,-1,2010-07-08 13:45:00,7.5,14655.0,United Kingdom
515123,POST,POSTAGE,3,2010-07-08 14:06:00,18.0,12592.0,Germany
C515125,M,Manual,-1,2010-07-08 14:14:00,715.02,12592.0,Germany
515128,M,Manual,1,2010-07-08 14:18:00,715.02,12592.0,Germany
C515133,M,Manual,-1,2010-07-08 14:20:00,661.02,12592.0,Germany
C515139,M,Manual,-1,2010-07-08 14:21:00,54.0,12592.0,Germany
515146,POST,POSTAGE,3,2010-07-08 14:26:00,18.0,12592.0,Germany
515254,DOT,DOTCOM POSTAGE,1,2010-07-09 11:44:00,172.49,,United Kingdom
C515258,POST,POSTAGE,-1,2010-07-09 11:53:00,1.51,13337.0,United Kingdom
515280,POST,POSTAGE,2,2010-07-09 13:45:00,18.0,12621.0,Germany
515287,DOT,DOTCOM POSTAGE,1,2010-07-09 14:58:00,129.49,,United Kingdom
515346,M,Manual,1,2010-07-12 10:24:00,10.0,14608.0,United Kingdom
515347,POST,POSTAGE,3,2010-07-12 10:26:00,18.0,12472.0,Germany
515353,DOT,DOTCOM POSTAGE,1,2010-07-12 10:54:00,154.35,,United Kingdom
515439,DOT,DOTCOM POSTAGE,1,2010-07-12 14:52:00,114.04,,United Kingdom
515479,DOT,DOTCOM POSTAGE,1,2010-07-13 09:58:00,157.12,,United Kingdom
515592,POST,POSTAGE,2,2010-07-13 13:28:00,40.0,12664.0,Finland
515609,DOT,DOTCOM POSTAGE,1,2010-07-13 15:44:00,211.28,,United Kingdom
515611,DOT,DOTCOM POSTAGE,1,2010-07-13 15:52:00,0.0,,United Kingdom
C515620,M,Manual,-1,2010-07-14 09:35:00,1189.94,16320.0,Unspecified
515757,DOT,,500,2010-07-14 13:33:00,0.0,,United Kingdom
515759,DOT,DOTCOM POSTAGE,1,2010-07-14 13:37:00,209.8,,United Kingdom
515762,M,Manual,1,2010-07-14 13:48:00,15.0,14606.0,United Kingdom
515768,M,Manual,1,2010-07-14 14:30:00,7.95,18096.0,United Kingdom
515809,DOT,DOTCOM POSTAGE,1,2010-07-14 17:13:00,206.94,,United Kingdom
C515839,M,Manual,-1,2010-07-15 11:19:00,15.0,14606.0,United Kingdom
515845,BANK CHARGES,Bank Charges,1,2010-07-15 11:21:00,15.0,14606.0,United Kingdom
515855,BANK CHARGES,Bank Charges,1,2010-07-15 11:24:00,15.0,17448.0,United Kingdom
C515886,M,Manual,-1,2010-07-15 12:04:00,3580.8,18102.0,United Kingdom
515904,POST,POSTAGE,1,2010-07-15 12:43:00,18.0,12789.0,Netherlands
515915,POST,POSTAGE,1,2010-07-15 13:24:00,15.0,12788.0,Netherlands
C515918,BANK CHARGES,Bank Charges,-1,2010-07-15 13:33:00,453.82,,United Kingdom
C515919,M,Manual,-1,2010-07-15 13:35:00,158.53,,United Kingdom
C515920,M,Manual,-1,2010-07-15 13:41:00,858.59,,United Kingdom
515928,POST,POSTAGE,1,2010-07-15 14:32:00,18.0,12523.0,France
515939,DOT,DOTCOM POSTAGE,1,2010-07-15 15:02:00,85.77,,United Kingdom
515945,POST,POSTAGE,2,2010-07-15 15:32:00,18.0,12682.0,France
515948,POST,POSTAGE,3,2010-07-15 15:51:00,18.0,12490.0,France
515988,M,Manual,2,2010-07-16 08:21:00,2.5,,United Kingdom
C516128,POST,POSTAGE,-1,2010-07-16 15:04:00,9.58,,United Kingdom
C516128,DOT,DOTCOM POSTAGE,-1,2010-07-16 15:04:00,3.36,,United Kingdom
516146,DOT,DOTCOM POSTAGE,1,2010-07-16 17:58:00,136.89,,United Kingdom
516158,M,Manual,8,2010-07-18 11:49:00,1.0,16950.0,United Kingdom
C516159,M,Manual,-8,2010-07-18 11:53:00,1.0,16950.0,United Kingdom
516168,M,Manual,1,2010-07-18 13:22:00,21.95,15547.0,United Kingdom
516189,POST,POSTAGE,7,2010-07-18 15:56:00,18.0,12625.0,Germany
516193,POST,POSTAGE,1,2010-07-19 10:02:00,40.0,12696.0,Finland
516197,DOT,DOTCOM POSTAGE,1,2010-07-19 10:31:00,134.31,,United Kingdom
516267,DOT,DOTCOM POSTAGE,1,2010-07-19 12:17:00,89.08,,United Kingdom
516308,POST,POSTAGE,6,2010-07-19 14:06:00,15.0,12431.0,Belgium
516342,M,Manual,2,2010-07-20 09:42:00,1.0,17994.0,United Kingdom
516347,POST,POSTAGE,1,2010-07-20 10:08:00,4.5,12843.0,United Kingdom
516453,POST,POSTAGE,3,2010-07-20 13:21:00,18.0,12480.0,Germany
516470,DOT,DOTCOM POSTAGE,1,2010-07-20 15:28:00,133.82,,United Kingdom
516478,M,Manual,10,2010-07-20 17:20:00,0.55,17576.0,United Kingdom
516486,POST,POSTAGE,6,2010-07-21 09:55:00,18.0,12720.0,Germany
516548,DOT,DOTCOM POSTAGE,1,2010-07-21 12:11:00,278.71,,United Kingdom
516566,POST,POSTAGE,1,2010-07-21 12:31:00,18.0,12417.0,Belgium
516568,POST,POSTAGE,1,2010-07-21 12:39:00,18.0,12474.0,Germany
C516587,M,Manual,-1,2010-07-21 13:34:00,12.8,,EIRE
C516612,BANK CHARGES,Bank Charges,-1,2010-07-21 14:45:00,165.84,,United Kingdom
516625,DOT,DOTCOM POSTAGE,1,2010-07-21 17:56:00,170.21,,United Kingdom
516697,DOT,DOTCOM POSTAGE,1,2010-07-22 12:07:00,38.47,,United Kingdom
516698,DOT,DOTCOM POSTAGE,1,2010-07-22 12:08:00,58.6,,United Kingdom
516700,DOT,DOTCOM POSTAGE,1,2010-07-22 12:09:00,71.11,,United Kingdom
516706,DOT,DOTCOM POSTAGE,1,2010-07-22 12:13:00,61.02,,United Kingdom
516705,DOT,DOTCOM POSTAGE,1,2010-07-22 12:13:00,48.47,,United Kingdom
516707,DOT,DOTCOM POSTAGE,1,2010-07-22 12:14:00,82.17,,United Kingdom
516708,DOT,DOTCOM POSTAGE,1,2010-07-22 12:15:00,50.98,,United Kingdom
516709,DOT,DOTCOM POSTAGE,1,2010-07-22 12:16:00,44.26,,United Kingdom
516713,DOT,DOTCOM POSTAGE,1,2010-07-22 12:17:00,46.6,,United Kingdom
516714,DOT,DOTCOM POSTAGE,1,2010-07-22 12:18:00,93.15,,United Kingdom
516720,DOT,DOTCOM POSTAGE,1,2010-07-22 12:28:00,53.53,,United Kingdom
516719,DOT,DOTCOM POSTAGE,1,2010-07-22 12:28:00,56.72,,United Kingdom
516721,DOT,DOTCOM POSTAGE,1,2010-07-22 12:29:00,45.83,,United Kingdom
516728,POST,POSTAGE,2,2010-07-22 13:22:00,18.0,12724.0,France
516735,POST,POSTAGE,1,2010-07-22 13:57:00,28.0,12421.0,Spain
516741,M,Manual,1,2010-07-22 14:20:00,7.95,17918.0,United Kingdom
516748,DOT,DOTCOM POSTAGE,1,2010-07-22 15:06:00,232.46,,United Kingdom
516757,POST,POSTAGE,1,2010-07-22 16:37:00,18.0,14646.0,Netherlands
516783,POST,POSTAGE,1,2010-07-23 09:10:00,18.0,12595.0,Germany
516839,POST,POSTAGE,3,2010-07-23 11:17:00,18.0,12647.0,Germany
516885,POST,POSTAGE,6,2010-07-23 14:16:00,18.0,12615.0,France
516888,M,Manual,48,2010-07-23 14:28:00,2.0,,United Kingdom
516892,DOT,DOTCOM POSTAGE,1,2010-07-23 15:09:00,215.26,,United Kingdom
516893,DOT,DOTCOM POSTAGE,1,2010-07-23 15:10:00,41.66,,United Kingdom
516905,POST,POSTAGE,1,2010-07-25 10:50:00,18.0,12523.0,France
516909,M,Manual,1,2010-07-25 11:02:00,95.0,12748.0,United Kingdom
516921,POST,POSTAGE,2,2010-07-25 11:37:00,15.0,12866.0,Belgium
516935,POST,POSTAGE,2,2010-07-25 13:26:00,40.0,12410.0,Switzerland
516953,POST,POSTAGE,1,2010-07-25 15:39:00,15.0,12788.0,Netherlands
516957,M,Manual,1,2010-07-25 15:52:00,1.25,13148.0,United Kingdom
516959,M,Manual,3,2010-07-25 16:06:00,0.38,13451.0,United Kingdom
516962,POST,POSTAGE,7,2010-07-26 09:04:00,18.0,12476.0,Germany
516967,POST,POSTAGE,3,2010-07-26 09:50:00,1.0,12813.0,Netherlands
516977,DOT,DOTCOM POSTAGE,1,2010-07-26 10:55:00,58.51,,United Kingdom
516978,DOT,DOTCOM POSTAGE,1,2010-07-26 10:56:00,41.7,,United Kingdom
516985,DOT,DOTCOM POSTAGE,1,2010-07-26 10:59:00,19.11,,United Kingdom
516990,DOT,DOTCOM POSTAGE,1,2010-07-26 11:00:00,68.55,,United Kingdom
516991,DOT,DOTCOM POSTAGE,1,2010-07-26 11:01:00,58.55,,United Kingdom
517009,M,Manual,1,2010-07-26 11:31:00,626.35,,EIRE
C517013,M,Manual,-1,2010-07-26 11:32:00,626.35,,EIRE
517048,POST,POSTAGE,1,2010-07-26 12:09:00,18.0,12709.0,Germany
517076,DOT,DOTCOM POSTAGE,1,2010-07-26 14:05:00,208.3,,United Kingdom
517094,DOT,DOTCOM POSTAGE,1,2010-07-26 14:36:00,153.49,,United Kingdom
517124,POST,POSTAGE,5,2010-07-27 09:38:00,40.0,12801.0,Sweden
517236,POST,POSTAGE,1,2010-07-27 13:55:00,28.0,12547.0,Spain
517333,POST,POSTAGE,3,2010-07-28 13:05:00,18.0,12656.0,France
C517350,M,Manual,-22,2010-07-28 14:29:00,1.06,15251.0,United Kingdom
517353,M,Manual,1,2010-07-28 14:47:00,20.0,12806.0,Netherlands
517401,DOT,DOTCOM POSTAGE,1,2010-07-29 10:26:00,203.32,,United Kingdom
517402,DOT,DOTCOM POSTAGE,1,2010-07-29 10:43:00,331.2,,United Kingdom
517454,DOT,DOTCOM POSTAGE,1,2010-07-29 11:22:00,178.6,,United Kingdom
517474,POST,POSTAGE,2,2010-07-29 12:03:00,18.0,12609.0,Germany
C517480,M,Manual,-1,2010-07-29 12:24:00,3610.5,14028.0,United Kingdom
517483,M,Manual,1,2010-07-29 12:29:00,3610.5,12737.0,France
517512,POST,POSTAGE,1,2010-07-29 13:27:00,15.0,12408.0,Belgium
517513,M,Manual,1,2010-07-29 13:28:00,4.25,15023.0,United Kingdom
C517544,POST,POSTAGE,-1,2010-07-29 17:00:00,24.0,14543.0,United Kingdom
517625,M,Manual,1,2010-07-30 11:59:00,2.55,16391.0,United Kingdom
517631,M,Manual,1,2010-07-30 12:38:00,55.0,12415.0,Australia
517633,DOT,DOTCOM POSTAGE,1,2010-07-30 12:44:00,53.4,,United Kingdom
517634,DOT,DOTCOM POSTAGE,1,2010-07-30 12:46:00,50.21,,United Kingdom
517635,DOT,DOTCOM POSTAGE,1,2010-07-30 12:46:00,40.0,,United Kingdom
517636,DOT,DOTCOM POSTAGE,1,2010-07-30 12:47:00,84.34,,United Kingdom
517648,BANK CHARGES,Bank Charges,1,2010-07-30 13:52:00,15.0,14606.0,United Kingdom
517652,BANK CHARGES,Bank Charges,1,2010-07-30 14:07:00,15.0,17448.0,United Kingdom
517673,M,Manual,1,2010-07-30 16:50:00,0.85,12733.0,USA
517709,M,Manual,1,2010-08-01 11:02:00,50.0,12748.0,United Kingdom
517713,M,Manual,1,2010-08-01 11:18:00,95.0,12748.0,United Kingdom
C517715,M,Manual,-1,2010-08-01 11:22:00,95.0,12748.0,United Kingdom
517724,M,Manual,1,2010-08-01 13:07:00,21.95,15547.0,United Kingdom
517743,M,Manual,1,2010-08-01 15:51:00,3.5,17984.0,United Kingdom
517744,M,Manual,24,2010-08-01 15:55:00,1.45,15640.0,United Kingdom
517814,M,Manual,1,2010-08-02 11:44:00,1870.17,,United Kingdom
517823,POST,POSTAGE,1,2010-08-02 12:37:00,18.0,12395.0,Belgium
C517850,M,Manual,-1,2010-08-02 13:30:00,14.63,,United Kingdom
517854,DOT,DOTCOM POSTAGE,1,2010-08-02 13:48:00,59.23,,United Kingdom
517856,DOT,DOTCOM POSTAGE,1,2010-08-02 13:49:00,53.53,,United Kingdom
517857,M,Manual,1,2010-08-02 13:50:00,3.0,,United Kingdom
517857,DOT,DOTCOM POSTAGE,1,2010-08-02 13:50:00,57.7,,United Kingdom
517869,M,Manual,5,2010-08-02 15:13:00,1.45,17848.0,United Kingdom
C517885,POST,POSTAGE,-1,2010-08-03 08:37:00,2.98,15704.0,United Kingdom
517904,POST,POSTAGE,5,2010-08-03 09:31:00,25.0,12484.0,Spain
517934,M,Manual,1,2010-08-03 10:52:00,800.0,12748.0,United Kingdom
517951,POST,POSTAGE,5,2010-08-03 11:53:00,18.0,12621.0,Germany
517964,M,Manual,2,2010-08-03 12:51:00,7.95,17298.0,United Kingdom
517981,DOT,DOTCOM POSTAGE,1,2010-08-03 14:52:00,179.59,,United Kingdom
517984,M,Manual,1,2010-08-03 14:56:00,16.89,,United Kingdom
517986,DOT,DOTCOM POSTAGE,1,2010-08-03 15:17:00,206.88,,United Kingdom
517989,DOT,DOTCOM POSTAGE,1,2010-08-03 15:29:00,171.48,,United Kingdom
517990,DOT,DOTCOM POSTAGE,1,2010-08-03 15:37:00,140.28,,United Kingdom
518007,POST,POSTAGE,1,2010-08-04 09:14:00,15.0,12437.0,France
518052,POST,POSTAGE,1,2010-08-04 11:38:00,334.88,12748.0,United Kingdom
C518053,POST,POSTAGE,-1,2010-08-04 11:39:00,334.88,12748.0,United Kingdom
C518075,POST,POSTAGE,-1,2010-08-04 13:39:00,2.75,14455.0,United Kingdom
518081,POST,POSTAGE,5,2010-08-04 14:20:00,18.0,12524.0,Germany
518138,DOT,DOTCOM POSTAGE,1,2010-08-04 15:48:00,202.08,,United Kingdom
518139,POST,POSTAGE,1,2010-08-04 15:52:00,15.0,12765.0,Netherlands
518142,DOT,DOTCOM POSTAGE,1,2010-08-04 16:08:00,286.76,,United Kingdom
518143,DOT,DOTCOM POSTAGE,1,2010-08-04 16:10:00,56.85,,United Kingdom
518144,DOT,DOTCOM POSTAGE,1,2010-08-04 16:11:00,64.17,,United Kingdom
518165,DOT,DOTCOM POSTAGE,1,2010-08-05 10:44:00,52.72,,United Kingdom
518231,POST,POSTAGE,3,2010-08-05 15:28:00,18.0,12471.0,Germany
518271,POST,POSTAGE,3,2010-08-06 08:57:00,18.0,12633.0,Germany
518286,POST,POSTAGE,1,2010-08-06 11:31:00,18.0,12712.0,Germany
518359,DOT,DOTCOM POSTAGE,1,2010-08-06 15:33:00,40.89,,United Kingdom
518418,POST,POSTAGE,5,2010-08-09 08:26:00,18.0,12567.0,France
518428,POST,POSTAGE,1,2010-08-09 10:33:00,35.0,12458.0,Switzerland
518508,POST,POSTAGE,3,2010-08-09 14:26:00,18.0,12412.0,Denmark
C518538,M,Manual,-6,2010-08-09 17:34:00,0.41,17651.0,United Kingdom
C518539,M,Manual,-1,2010-08-09 17:42:00,301.66,17774.0,United Kingdom
C518540,M,Manual,-1,2010-08-09 17:45:00,67.25,17774.0,United Kingdom
518570,DOT,DOTCOM POSTAGE,1,2010-08-10 11:49:00,206.8,,United Kingdom
518579,DOT,DOTCOM POSTAGE,1,2010-08-10 12:08:00,249.56,,United Kingdom
518660,DOT,DOTCOM POSTAGE,1,2010-08-10 14:03:00,267.65,,United Kingdom
518662,DOT,DOTCOM POSTAGE,1,2010-08-10 14:08:00,152.66,,United Kingdom
518664,DOT,DOTCOM POSTAGE,1,2010-08-10 14:31:00,120.39,,United Kingdom
518666,BANK CHARGES,Bank Charges,1,2010-08-10 14:45:00,15.0,14606.0,United Kingdom
518667,BANK CHARGES,Bank Charges,1,2010-08-10 14:47:00,15.0,14606.0,United Kingdom
518684,POST,POSTAGE,2,2010-08-11 08:50:00,18.0,12662.0,Germany
518714,POST,POSTAGE,1,2010-08-11 10:53:00,18.0,12600.0,Germany
518734,POST,POSTAGE,2,2010-08-11 11:51:00,28.0,12771.0,Portugal
518774,DOT,DOTCOM POSTAGE,1,2010-08-11 15:40:00,286.13,,United Kingdom
518775,DOT,DOTCOM POSTAGE,1,2010-08-11 15:46:00,212.74,,United Kingdom
518777,M,Manual,1,2010-08-11 15:56:00,800.0,12748.0,United Kingdom
C518780,M,Manual,-1,2010-08-11 16:29:00,1883.65,,Hong Kong
518781,M,Manual,1,2010-08-11 16:30:00,1883.65,,Hong Kong
518817,DOT,DOTCOM POSTAGE,1,2010-08-12 10:34:00,38.47,,United Kingdom
518818,DOT,DOTCOM POSTAGE,1,2010-08-12 10:35:00,50.04,,United Kingdom
518819,DOT,DOTCOM POSTAGE,1,2010-08-12 10:36:00,40.09,,United Kingdom
518820,DOT,DOTCOM POSTAGE,1,2010-08-12 10:38:00,73.53,,United Kingdom
518821,DOT,DOTCOM POSTAGE,1,2010-08-12 10:39:00,45.87,,United Kingdom
C518904,BANK CHARGES,Bank Charges,-1,2010-08-12 14:25:00,402.69,,United Kingdom
C518905,M,Manual,-1,2010-08-12 14:27:00,148.86,,United Kingdom
C518906,M,Manual,-1,2010-08-12 14:30:00,1016.79,,United Kingdom
518942,M,Manual,1,2010-08-12 14:48:00,150.0,12748.0,United Kingdom
C518976,POST,POSTAGE,-1,2010-08-12 16:23:00,2.24,,United Kingdom
C518976,DOT,DOTCOM POSTAGE,-1,2010-08-12 16:23:00,3.36,,United Kingdom
518981,DOT,DOTCOM POSTAGE,1,2010-08-12 16:41:00,186.61,,United Kingdom
519015,DOT,DOTCOM POSTAGE,1,2010-08-13 09:13:00,35.79,,United Kingdom
519024,DOT,DOTCOM POSTAGE,1,2010-08-13 09:22:00,41.74,,United Kingdom
519027,DOT,DOTCOM POSTAGE,1,2010-08-13 10:00:00,143.09,,United Kingdom
519166,POST,POSTAGE,2,2010-08-13 13:29:00,35.0,12676.0,Sweden
C519168,POST,POSTAGE,-2,2010-08-13 13:34:00,35.0,12676.0,Sweden
519169,POST,POSTAGE,1,2010-08-13 13:35:00,40.0,12676.0,Sweden
519180,DOT,DOTCOM POSTAGE,1,2010-08-13 14:46:00,182.25,,United Kingdom
519192,M,Manual,1,2010-08-13 16:58:00,7.95,14525.0,United Kingdom
519204,M,Manual,1,2010-08-15 10:55:00,95.0,16326.0,United Kingdom
C519206,M,Manual,-1,2010-08-15 11:04:00,95.0,16326.0,United Kingdom
519207,M,Manual,1,2010-08-15 11:06:00,95.0,12748.0,United Kingdom
C519221,M,Manual,-1,2010-08-15 12:17:00,109.61,,EIRE
519228,POST,POSTAGE,2,2010-08-15 12:40:00,18.0,12583.0,France
519243,POST,POSTAGE,4,2010-08-15 14:13:00,18.0,12805.0,Netherlands
519263,POST,POSTAGE,2,2010-08-16 08:57:00,18.0,12530.0,Germany
519342,POST,POSTAGE,1,2010-08-16 12:10:00,280.0,12687.0,Sweden
519358,DOT,DOTCOM POSTAGE,1,2010-08-16 12:36:00,150.74,,United Kingdom
519386,DOT,DOTCOM POSTAGE,1,2010-08-16 14:19:00,136.4,,United Kingdom
C519387,POST,POSTAGE,-1,2010-08-16 14:37:00,6.6,,United Kingdom
C519463,M,Manual,-3,2010-08-17 11:28:00,2.55,13278.0,United Kingdom
519473,DOT,DOTCOM POSTAGE,1,2010-08-17 12:03:00,174.77,,United Kingdom
519501,POST,POSTAGE,2,2010-08-17 14:36:00,18.0,12613.0,Germany
519520,M,Manual,1,2010-08-18 10:03:00,1.45,15061.0,United Kingdom
519560,DOT,DOTCOM POSTAGE,1,2010-08-18 11:34:00,204.94,,United Kingdom
519592,POST,POSTAGE,3,2010-08-18 14:37:00,18.0,12474.0,Germany
519593,POST,POSTAGE,1,2010-08-18 14:43:00,18.0,12474.0,Germany
519619,DOT,DOTCOM POSTAGE,1,2010-08-19 09:22:00,158.32,,United Kingdom
519656,POST,POSTAGE,7,2010-08-19 10:58:00,18.0,12647.0,Germany
519664,DOT,DOTCOM POSTAGE,1,2010-08-19 12:12:00,36.68,,United Kingdom
519663,DOT,DOTCOM POSTAGE,1,2010-08-19 12:12:00,27.45,,United Kingdom
519665,DOT,DOTCOM POSTAGE,1,2010-08-19 12:14:00,65.23,,United Kingdom
519667,DOT,DOTCOM POSTAGE,1,2010-08-19 12:17:00,53.57,,United Kingdom
519670,DOT,DOTCOM POSTAGE,1,2010-08-19 12:18:00,46.85,,United Kingdom
519672,DOT,DOTCOM POSTAGE,1,2010-08-19 12:21:00,52.72,,United Kingdom
519692,M,Manual,2,2010-08-19 13:48:00,7.95,17222.0,United Kingdom
519733,POST,POSTAGE,2,2010-08-20 08:21:00,18.0,12519.0,Germany
C519737,M,Manual,-1,2010-08-20 09:26:00,152.4,12433.0,Norway
519738,DOT,DOTCOM POSTAGE,1,2010-08-20 09:28:00,81.99,,United Kingdom
519804,M,Manual,6,2010-08-20 12:31:00,0.42,16332.0,United Kingdom
519811,POST,POSTAGE,3,2010-08-20 12:53:00,40.0,13520.0,Switzerland
519810,POST,POSTAGE,1,2010-08-20 12:53:00,15.0,14646.0,Netherlands
519868,DOT,DOTCOM POSTAGE,1,2010-08-20 16:21:00,122.09,,United Kingdom
519914,POST,POSTAGE,2,2010-08-22 13:59:00,18.0,12471.0,Germany
519930,POST,POSTAGE,3,2010-08-22 15:48:00,15.0,12866.0,Belgium
520061,DOT,DOTCOM POSTAGE,1,2010-08-23 15:57:00,147.0,,United Kingdom
520076,POST,POSTAGE,3,2010-08-24 09:44:00,18.0,12472.0,Germany
520181,POST,POSTAGE,1,2010-08-24 13:51:00,15.0,12765.0,Netherlands
520193,DOT,DOTCOM POSTAGE,1,2010-08-24 14:47:00,70.84,,United Kingdom
520220,POST,POSTAGE,2,2010-08-25 09:44:00,18.0,12621.0,Germany
520246,POST,POSTAGE,4,2010-08-25 11:07:00,18.0,12721.0,France
520349,POST,POSTAGE,3,2010-08-25 13:22:00,18.0,12682.0,France
520351,POST,POSTAGE,2,2010-08-25 13:28:00,18.0,12720.0,Germany
520363,DOT,DOTCOM POSTAGE,1,2010-08-25 14:04:00,127.83,,United Kingdom
520367,POST,POSTAGE,1,2010-08-25 14:34:00,18.0,12599.0,France
520390,M,Manual,1,2010-08-25 15:31:00,0.42,18196.0,United Kingdom
C520393,M,Manual,-1,2010-08-25 15:44:00,677.5,16456.0,United Kingdom
520409,DOT,DOTCOM POSTAGE,1,2010-08-26 09:32:00,46.68,,United Kingdom
520411,DOT,DOTCOM POSTAGE,1,2010-08-26 09:36:00,62.81,,United Kingdom
520412,DOT,DOTCOM POSTAGE,1,2010-08-26 09:36:00,31.62,,United Kingdom
520414,DOT,DOTCOM POSTAGE,1,2010-08-26 09:41:00,33.36,,United Kingdom
520417,DOT,DOTCOM POSTAGE,1,2010-08-26 09:42:00,44.21,,United Kingdom
520418,DOT,DOTCOM POSTAGE,1,2010-08-26 09:43:00,43.36,,United Kingdom
520485,M,Manual,1,2010-08-26 11:54:00,10.0,14866.0,United Kingdom
520494,POST,POSTAGE,3,2010-08-26 12:09:00,18.0,12621.0,Germany
520500,DOT,DOTCOM POSTAGE,1,2010-08-26 12:35:00,191.05,,United Kingdom
520512,POST,POSTAGE,2,2010-08-26 13:23:00,15.0,12802.0,Netherlands
520520,POST,POSTAGE,1,2010-08-26 14:11:00,28.0,12800.0,Portugal
520529,M,Manual,1,2010-08-26 14:53:00,25.0,12471.0,Germany
520571,DOT,DOTCOM POSTAGE,1,2010-08-27 09:12:00,109.85,,United Kingdom
C520667,BANK CHARGES,Bank Charges,-1,2010-08-27 13:42:00,18910.69,,United Kingdom
C520668,M,Manual,-1,2010-08-27 13:49:00,598.31,,United Kingdom
520670,M,Manual,1,2010-08-27 13:54:00,638.2,,United Kingdom
520681,M,Manual,1,2010-08-27 15:28:00,2197.45,,United Kingdom
520685,DOT,DOTCOM POSTAGE,1,2010-08-27 15:49:00,137.5,,United Kingdom
520700,M,Manual,1,2010-08-29 11:31:00,2.1,15976.0,United Kingdom
520715,M,Manual,3,2010-08-29 13:58:00,6.75,16510.0,United Kingdom
520737,POST,POSTAGE,2,2010-08-31 09:31:00,18.0,12423.0,Denmark
520750,M,Manual,1,2010-08-31 11:04:00,1868.56,15480.0,Malta
C520749,M,Manual,-1,2010-08-31 11:04:00,1868.56,15480.0,Malta
520818,BANK CHARGES,Bank Charges,1,2010-08-31 11:42:00,15.0,,United Kingdom
520824,DOT,DOTCOM POSTAGE,1,2010-08-31 12:30:00,184.9,,United Kingdom
520833,DOT,DOTCOM POSTAGE,1,2010-08-31 12:41:00,120.56,,United Kingdom
520848,POST,POSTAGE,3,2010-08-31 12:52:00,18.0,12623.0,Germany
C520851,POST,POSTAGE,-2,2010-08-31 13:00:00,18.0,12623.0,Germany
520860,POST,POSTAGE,3,2010-08-31 13:57:00,28.0,12540.0,Spain
520872,POST,POSTAGE,5,2010-08-31 14:54:00,15.0,12380.0,Belgium
520878,DOT,DOTCOM POSTAGE,1,2010-08-31 15:36:00,102.34,,United Kingdom
520899,POST,POSTAGE,2,2010-09-01 09:26:00,18.0,12645.0,Germany
520947,POST,POSTAGE,3,2010-09-01 10:47:00,15.0,12761.0,Netherlands
520950,POST,POSTAGE,3,2010-09-01 11:23:00,18.0,13815.0,Germany
C520991,POST,POSTAGE,-1,2010-09-01 13:28:00,1.0,18226.0,United Kingdom
520992,DOT,DOTCOM POSTAGE,1,2010-09-01 13:29:00,169.29,,United Kingdom
520998,DOT,DOTCOM POSTAGE,1,2010-09-01 13:39:00,62.64,,United Kingdom
521025,POST,POSTAGE,1,2010-09-01 15:29:00,15.0,,United Arab Emirates
521031,DOT,DOTCOM POSTAGE,1,2010-09-01 17:17:00,107.85,,United Kingdom
521037,POST,POSTAGE,1,2010-09-02 09:14:00,99.0,12678.0,France
521040,POST,POSTAGE,1,2010-09-02 09:27:00,18.0,12471.0,Germany
C521041,M,Manual,-1,2010-09-02 09:31:00,1055.75,12589.0,France
521097,M,Manual,1,2010-09-02 10:37:00,1055.75,12589.0,France
521111,POST,POSTAGE,9,2010-09-02 10:43:00,18.0,12589.0,France
521126,POST,POSTAGE,1,2010-09-02 12:22:00,40.0,12414.0,Austria
521129,M,Manual,2,2010-09-02 12:36:00,0.85,16746.0,United Kingdom
521154,M,Manual,1,2010-09-02 13:42:00,130.0,12414.0,Austria
C521155,M,Manual,-1,2010-09-02 13:43:00,130.0,12414.0,Austria
521157,M,Manual,1,2010-09-02 13:47:00,130.0,12414.0,Austria
C521158,POST,POSTAGE,-1,2010-09-02 13:53:00,40.0,12414.0,Austria
521161,POST,POSTAGE,1,2010-09-02 14:21:00,15.0,12788.0,Netherlands
521162,POST,POSTAGE,4,2010-09-02 14:22:00,18.0,12598.0,France
521175,M,Manual,1,2010-09-02 15:50:00,7.95,15901.0,United Kingdom
521202,DOT,DOTCOM POSTAGE,1,2010-09-02 17:52:00,163.15,,United Kingdom
521214,POST,POSTAGE,3,2010-09-03 09:27:00,18.0,12683.0,France
521341,POST,POSTAGE,1,2010-09-03 13:11:00,40.0,12440.0,Austria
521343,POST,POSTAGE,3,2010-09-03 13:18:00,18.0,12681.0,France
521354,POST,POSTAGE,1,2010-09-03 15:19:00,15.0,12361.0,Belgium
521355,DOT,DOTCOM POSTAGE,1,2010-09-03 15:31:00,1.66,,United Kingdom
521357,DOT,DOTCOM POSTAGE,1,2010-09-03 16:04:00,124.46,,United Kingdom
521369,M,Manual,2,2010-09-05 11:14:00,7.95,16085.0,United Kingdom
521373,POST,POSTAGE,1,2010-09-05 11:47:00,18.0,12437.0,France
521375,POST,POSTAGE,4,2010-09-05 11:58:00,18.0,12647.0,Germany
521401,POST,POSTAGE,3,2010-09-06 10:10:00,18.0,12524.0,Germany
521426,POST,POSTAGE,2,2010-09-06 11:21:00,18.0,12490.0,France
521486,DOT,DOTCOM POSTAGE,1,2010-09-06 13:36:00,206.73,,United Kingdom
521488,DOT,DOTCOM POSTAGE,1,2010-09-06 13:42:00,123.36,,United Kingdom
521496,POST,POSTAGE,5,2010-09-06 14:27:00,28.0,12510.0,Spain
521555,DOT,DOTCOM POSTAGE,1,2010-09-06 16:17:00,121.93,,United Kingdom
521569,POST,POSTAGE,2,2010-09-07 11:40:00,18.0,12437.0,France
521646,DOT,DOTCOM POSTAGE,1,2010-09-07 13:20:00,119.68,,United Kingdom
521649,M,Manual,1,2010-09-07 13:28:00,3.75,14968.0,United Kingdom
521656,M,Manual,1,2010-09-07 14:04:00,1.45,16221.0,United Kingdom
521661,POST,POSTAGE,2,2010-09-07 14:21:00,18.0,12605.0,Germany
521691,DOT,DOTCOM POSTAGE,1,2010-09-07 17:19:00,115.38,,United Kingdom
521765,POST,POSTAGE,5,2010-09-08 11:54:00,18.0,12471.0,Germany
521769,M,Manual,1,2010-09-08 12:17:00,25.0,12761.0,Netherlands
521790,POST,POSTAGE,1,2010-09-08 13:09:00,18.0,12575.0,France
521795,DOT,DOTCOM POSTAGE,1,2010-09-08 13:57:00,171.93,,United Kingdom
521809,BANK CHARGES,Bank Charges,1,2010-09-08 14:33:00,15.0,14911.0,EIRE
521812,BANK CHARGES,Bank Charges,1,2010-09-08 15:00:00,15.0,16271.0,United Kingdom
521822,POST,POSTAGE,6,2010-09-09 10:37:00,18.0,12714.0,France
521839,POST,POSTAGE,4,2010-09-09 10:50:00,18.0,12635.0,Germany
C521870,M,Manual,-1,2010-09-09 11:19:00,363.71,,United Kingdom
C521872,BANK CHARGES,Bank Charges,-1,2010-09-09 11:21:00,376.81,,United Kingdom
C521885,M,Manual,-1,2010-09-09 11:31:00,168.03,,United Kingdom
521886,M,Manual,1,2010-09-09 11:39:00,168.03,,United Kingdom
C521887,M,Manual,-1,2010-09-09 11:40:00,170.81,,United Kingdom
521896,POST,POSTAGE,3,2010-09-09 12:19:00,18.0,12682.0,France
521899,POST,POSTAGE,2,2010-09-09 12:29:00,18.0,12647.0,Germany
521914,POST,POSTAGE,2,2010-09-09 13:51:00,15.0,12460.0,Belgium
521921,POST,POSTAGE,4,2010-09-09 14:48:00,18.0,12681.0,France
521932,DOT,DOTCOM POSTAGE,1,2010-09-09 15:49:00,207.84,,United Kingdom
521941,M,Manual,1,2010-09-09 16:38:00,445.05,,United Kingdom
C521943,M,Manual,-1,2010-09-09 16:43:00,445.05,14328.0,United Kingdom
521952,POST,POSTAGE,2,2010-09-09 17:37:00,18.0,12683.0,France
521958,POST,POSTAGE,2,2010-09-09 18:14:00,18.0,12708.0,Germany
521974,M,Manual,1,2010-09-09 19:56:00,3.95,15861.0,United Kingdom
521978,POST,POSTAGE,2,2010-09-10 08:50:00,15.0,12760.0,Netherlands
522029,POST,POSTAGE,3,2010-09-10 12:05:00,18.0,12474.0,Germany
522043,DOT,DOTCOM POSTAGE,1,2010-09-10 13:27:00,120.43,,United Kingdom
522049,M,Manual,20,2010-09-10 14:31:00,2.1,16928.0,United Kingdom
522060,M,Manual,1,2010-09-10 15:52:00,10.0,12802.0,Netherlands
522102,M,Manual,5,2010-09-12 14:05:00,1.65,13148.0,United Kingdom
522136,DOT,DOTCOM POSTAGE,1,2010-09-13 10:28:00,83.66,,United Kingdom
522138,DOT,DOTCOM POSTAGE,1,2010-09-13 10:30:00,68.51,,United Kingdom
522140,DOT,DOTCOM POSTAGE,1,2010-09-13 10:31:00,35.96,,United Kingdom
522141,DOT,DOTCOM POSTAGE,1,2010-09-13 10:32:00,44.3,,United Kingdom
522142,DOT,DOTCOM POSTAGE,1,2010-09-13 10:32:00,30.0,,United Kingdom
522143,DOT,DOTCOM POSTAGE,1,2010-09-13 10:33:00,46.68,,United Kingdom
522144,DOT,DOTCOM POSTAGE,1,2010-09-13 10:33:00,82.72,,United Kingdom
C522165,M,Manual,-1,2010-09-13 11:13:00,19.2,13027.0,United Kingdom
522169,DOT,DOTCOM POSTAGE,1,2010-09-13 11:28:00,152.27,,United Kingdom
522251,DOT,DOTCOM POSTAGE,1,2010-09-13 12:25:00,51.87,,United Kingdom
522252,DOT,DOTCOM POSTAGE,1,2010-09-13 12:26:00,41.66,,United Kingdom
522290,DOT,DOTCOM POSTAGE,1,2010-09-13 14:12:00,40.04,,United Kingdom
522301,POST,POSTAGE,3,2010-09-13 14:55:00,18.0,12530.0,Germany
C522303,POST,POSTAGE,-1,2010-09-13 15:04:00,18.0,12530.0,Germany
522310,DOT,DOTCOM POSTAGE,1,2010-09-13 15:12:00,90.94,,United Kingdom
522315,DOT,DOTCOM POSTAGE,1,2010-09-13 15:14:00,122.15,,United Kingdom
522322,BANK CHARGES,Bank Charges,1,2010-09-13 15:23:00,15.0,,United Kingdom
522325,POST,POSTAGE,2,2010-09-13 15:48:00,18.0,12693.0,Germany
522327,M,Manual,2,2010-09-13 16:15:00,7.95,18069.0,United Kingdom
522333,POST,POSTAGE,1,2010-09-14 09:43:00,40.0,12483.0,Sweden
522335,POST,POSTAGE,2,2010-09-14 10:13:00,18.0,12583.0,France
522339,POST,POSTAGE,4,2010-09-14 10:43:00,18.0,12621.0,Germany
522421,POST,POSTAGE,1,2010-09-14 12:48:00,15.0,12778.0,Netherlands
522424,POST,POSTAGE,6,2010-09-14 12:58:00,18.0,12476.0,Germany
522425,POST,POSTAGE,1,2010-09-14 13:05:00,18.0,12476.0,Germany
522437,M,Manual,1,2010-09-14 13:56:00,4.25,17346.0,United Kingdom
522440,M,Manual,1,2010-09-14 14:16:00,9.9,15901.0,United Kingdom
522454,POST,POSTAGE,2,2010-09-14 15:40:00,18.0,12682.0,France
522464,DOT,DOTCOM POSTAGE,1,2010-09-14 17:50:00,192.92,,United Kingdom
522467,POST,POSTAGE,1,2010-09-15 09:50:00,28.0,12539.0,Spain
522497,POST,POSTAGE,1,2010-09-15 11:04:00,18.0,12682.0,France
522553,POST,POSTAGE,7,2010-09-15 11:56:00,18.0,12481.0,Germany
522592,POST,POSTAGE,2,2010-09-15 13:16:00,15.0,12408.0,Belgium
522594,M,Manual,2,2010-09-15 13:21:00,0.21,16005.0,United Kingdom
522597,POST,POSTAGE,1,2010-09-15 13:24:00,15.0,12402.0,Belgium
522611,POST,POSTAGE,2,2010-09-15 14:29:00,40.0,12422.0,Switzerland
522620,DOT,DOTCOM POSTAGE,1,2010-09-15 15:14:00,126.53,,United Kingdom
C522632,M,Manual,-24,2010-09-16 09:41:00,0.44,16422.0,United Kingdom
522641,POST,POSTAGE,3,2010-09-16 10:22:00,28.0,12782.0,Portugal
522711,M,Manual,5,2010-09-16 11:40:00,0.16,17348.0,United Kingdom
522711,M,Manual,5,2010-09-16 11:40:00,0.16,17348.0,United Kingdom
522712,POST,POSTAGE,1,2010-09-16 11:43:00,18.0,12437.0,France
C522722,M,Manual,-1,2010-09-16 12:20:00,75.19,12482.0,Sweden
C522743,M,Manual,-1,2010-09-16 13:08:00,10.3,14527.0,United Kingdom
522770,POST,POSTAGE,1,2010-09-16 14:28:00,18.0,12600.0,Germany
522773,POST,POSTAGE,5,2010-09-16 14:34:00,40.0,12369.0,Austria
C522793,M,Manual,-1,2010-09-16 14:53:00,10468.8,14063.0,United Kingdom
C522795,M,Manual,-1,2010-09-16 15:09:00,2769.9,14063.0,United Kingdom
522796,M,Manual,1,2010-09-16 15:12:00,10468.8,,United Kingdom
522798,M,Manual,1,2010-09-16 15:14:00,2769.9,,United Kingdom
522858,DOT,DOTCOM POSTAGE,1,2010-09-17 11:33:00,184.86,,United Kingdom
522902,POST,POSTAGE,3,2010-09-17 12:29:00,28.0,12554.0,Spain
C522905,POST,POSTAGE,-1,2010-09-17 12:49:00,2.75,,United Kingdom
522907,M,Manual,18,2010-09-17 13:08:00,0.21,15514.0,United Kingdom
C522915,M,Manual,-1,2010-09-17 13:57:00,280.91,15911.0,United Kingdom
522916,M,Manual,1,2010-09-17 13:59:00,280.91,,United Kingdom
522918,POST,POSTAGE,3,2010-09-17 14:31:00,18.0,12662.0,Germany
C522928,BANK CHARGES,Bank Charges,-1,2010-09-17 14:37:00,15.0,17032.0,United Kingdom
522943,POST,POSTAGE,5,2010-09-17 15:51:00,28.0,12543.0,Spain
522967,M,Manual,1,2010-09-19 13:02:00,15.0,18257.0,United Kingdom
523014,DOT,DOTCOM POSTAGE,1,2010-09-20 10:20:00,231.84,,United Kingdom
523017,POST,POSTAGE,7,2010-09-20 11:21:00,18.0,12524.0,Germany
523022,POST,POSTAGE,2,2010-09-20 11:42:00,18.0,12437.0,France
C523037,POST,POSTAGE,-1,2010-09-20 11:50:00,18.0,12437.0,France
523146,POST,POSTAGE,1,2010-09-20 14:39:00,15.0,12455.0,Cyprus
523150,DOT,DOTCOM POSTAGE,1,2010-09-20 14:52:00,144.35,,United Kingdom
C523159,M,Manual,-1,2010-09-20 15:19:00,68.44,14906.0,United Kingdom
523160,M,Manual,1,2010-09-20 15:21:00,68.44,,United Kingdom
523163,POST,POSTAGE,2,2010-09-20 15:31:00,15.0,12417.0,Belgium
523168,POST,POSTAGE,1,2010-09-20 15:37:00,15.0,17949.0,United Kingdom
C523171,M,Manual,-1,2010-09-20 15:54:00,229.46,17284.0,United Kingdom
523173,M,Manual,1,2010-09-20 15:56:00,229.46,,United Kingdom
523175,DOT,DOTCOM POSTAGE,1,2010-09-20 16:03:00,134.96,,United Kingdom
523176,M,Manual,1,2010-09-20 16:18:00,229.46,17284.0,United Kingdom
C523177,M,Manual,-1,2010-09-20 16:21:00,224.58,17284.0,United Kingdom
C523178,M,Manual,-1,2010-09-20 16:22:00,229.46,,United Kingdom
523181,M,Manual,1,2010-09-20 16:23:00,224.58,,United Kingdom
523182,M,Manual,1,2010-09-20 16:30:00,68.44,14906.0,United Kingdom
C523183,M,Manual,-1,2010-09-20 16:33:00,66.98,14906.0,United Kingdom
C523184,M,Manual,-1,2010-09-20 16:35:00,68.44,,United Kingdom
523185,M,Manual,1,2010-09-20 16:37:00,66.98,,United Kingdom
523186,POST,POSTAGE,1,2010-09-20 16:39:00,18.0,12643.0,France
C523187,M,Manual,-1,2010-09-20 16:48:00,413.28,14156.0,EIRE
523189,M,Manual,1,2010-09-20 16:50:00,413.28,,United Kingdom
523312,M,Manual,2,2010-09-21 13:16:00,0.21,15041.0,United Kingdom
523320,M,Manual,4,2010-09-21 13:39:00,2.1,14169.0,United Kingdom
523340,POST,POSTAGE,2,2010-09-21 15:36:00,18.0,12474.0,Germany
523343,DOT,DOTCOM POSTAGE,1,2010-09-21 15:46:00,103.92,,United Kingdom
523345,POST,POSTAGE,2,2010-09-21 15:57:00,15.0,12802.0,Netherlands
523346,DOT,DOTCOM POSTAGE,1,2010-09-21 16:06:00,135.9,,United Kingdom
C523401,POST,POSTAGE,-1,2010-09-21 20:23:00,4.25,18223.0,United Kingdom
523448,POST,POSTAGE,4,2010-09-22 11:19:00,28.0,12578.0,Italy
523508,DOT,DOTCOM POSTAGE,1,2010-09-22 12:13:00,123.43,,United Kingdom
523524,M,Manual,67,2010-09-22 13:07:00,1.5,14570.0,United Kingdom
523552,DOT,DOTCOM POSTAGE,1,2010-09-22 15:07:00,47.4,,United Kingdom
523553,DOT,DOTCOM POSTAGE,1,2010-09-22 15:08:00,51.96,,United Kingdom
523556,DOT,DOTCOM POSTAGE,1,2010-09-22 15:11:00,70.13,,United Kingdom
523558,DOT,DOTCOM POSTAGE,1,2010-09-22 15:12:00,50.98,,United Kingdom
523559,DOT,DOTCOM POSTAGE,1,2010-09-22 15:13:00,76.21,,United Kingdom
523560,DOT,DOTCOM POSTAGE,1,2010-09-22 15:17:00,58.64,,United Kingdom
523561,DOT,DOTCOM POSTAGE,1,2010-09-22 15:22:00,36.72,,United Kingdom
523562,DOT,DOTCOM POSTAGE,1,2010-09-22 15:23:00,35.96,,United Kingdom
C523574,M,Manual,-1,2010-09-22 16:19:00,127.66,13910.0,United Kingdom
523575,M,Manual,1,2010-09-22 16:21:00,127.66,,United Kingdom
523583,POST,POSTAGE,4,2010-09-22 17:16:00,18.0,12681.0,France
523594,M,Manual,1,2010-09-23 10:23:00,10.0,12802.0,Netherlands
523613,POST,POSTAGE,4,2010-09-23 10:45:00,18.0,12727.0,France
523646,M,Manual,6,2010-09-23 12:25:00,1.45,16383.0,United Kingdom
523659,M,Manual,28,2010-09-23 13:54:00,0.42,18096.0,United Kingdom
523696,DOT,DOTCOM POSTAGE,1,2010-09-23 14:47:00,95.48,,United Kingdom
523721,POST,POSTAGE,1,2010-09-23 16:23:00,45.0,12748.0,United Kingdom
C523765,POST,POSTAGE,-1,2010-09-24 10:20:00,744.54,17032.0,United Kingdom
523792,M,Manual,1,2010-09-24 11:34:00,1.0,14994.0,United Kingdom
523872,M,Manual,1,2010-09-24 13:00:00,84.15,15044.0,United Kingdom
C523873,M,Manual,-1,2010-09-24 13:03:00,98.88,15044.0,United Kingdom
C523876,M,Manual,-1,2010-09-24 13:07:00,84.15,15044.0,United Kingdom
523877,M,Manual,1,2010-09-24 13:08:00,98.88,15044.0,United Kingdom
523878,M,Manual,1,2010-09-24 13:09:00,71.61,15044.0,United Kingdom
C523880,M,Manual,-1,2010-09-24 13:42:00,1343.44,14802.0,United Kingdom
523881,M,Manual,1,2010-09-24 13:45:00,1343.44,,United Kingdom
523882,M,Manual,1,2010-09-24 13:46:00,159.54,,United Kingdom
C523883,M,Manual,-1,2010-09-24 13:52:00,159.54,14802.0,United Kingdom
C523885,M,Manual,-1,2010-09-24 14:06:00,359.71,13448.0,United Kingdom
523886,M,Manual,1,2010-09-24 14:08:00,359.71,,United Kingdom
523911,DOT,DOTCOM POSTAGE,1,2010-09-24 16:06:00,119.32,,United Kingdom
C523987,M,Manual,-100,2010-09-26 14:12:00,0.41,12931.0,United Kingdom
C524058,M,Manual,-1,2010-09-27 11:30:00,208.63,13290.0,United Kingdom
524063,M,Manual,1,2010-09-27 11:32:00,208.63,,United Kingdom
524087,DOT,DOTCOM POSTAGE,1,2010-09-27 11:41:00,151.28,,United Kingdom
524109,POST,POSTAGE,8,2010-09-27 13:17:00,18.0,12471.0,Germany
C524124,BANK CHARGES,Bank Charges,-1,2010-09-27 14:19:00,15.0,16879.0,United Kingdom
524140,POST,POSTAGE,1,2010-09-27 14:59:00,1.0,12348.0,Finland
524149,POST,POSTAGE,1,2010-09-27 15:41:00,15.0,14646.0,Netherlands
524153,DOT,DOTCOM POSTAGE,1,2010-09-27 15:56:00,133.44,,United Kingdom
524156,M,Manual,1,2010-09-27 16:01:00,445.05,14328.0,United Kingdom
C524157,M,Manual,-1,2010-09-27 16:03:00,445.05,,United Kingdom
524159,M,Manual,1,2010-09-27 16:12:00,10468.8,14063.0,United Kingdom
C524161,M,Manual,-1,2010-09-27 16:16:00,10468.8,,United Kingdom
524162,M,Manual,1,2010-09-27 16:18:00,2769.9,14063.0,United Kingdom
C524165,M,Manual,-1,2010-09-27 16:21:00,2769.9,,United Kingdom
524167,M,Manual,1,2010-09-27 16:24:00,359.71,13448.0,United Kingdom
C524169,M,Manual,-1,2010-09-27 16:25:00,359.71,,United Kingdom
524170,POST,POSTAGE,1,2010-09-27 16:27:00,5.0,,United Kingdom
524171,M,Manual,1,2010-09-27 16:29:00,208.63,13290.0,United Kingdom
C524173,M,Manual,-1,2010-09-27 16:30:00,208.63,,United Kingdom
524175,M,Manual,1,2010-09-27 16:32:00,1343.44,14802.0,United Kingdom
524176,M,Manual,1,2010-09-27 16:34:00,159.54,14802.0,United Kingdom
C524177,M,Manual,-1,2010-09-27 16:36:00,1343.44,,United Kingdom
C524178,M,Manual,-1,2010-09-27 16:37:00,159.54,,United Kingdom
524192,M,Manual,1,2010-09-28 09:33:00,3.0,,United Kingdom
524192,DOT,DOTCOM POSTAGE,1,2010-09-28 09:33:00,44.21,,United Kingdom
524193,DOT,DOTCOM POSTAGE,1,2010-09-28 09:34:00,38.3,,United Kingdom
524194,DOT,DOTCOM POSTAGE,1,2010-09-28 09:34:00,44.98,,United Kingdom
524195,DOT,DOTCOM POSTAGE,1,2010-09-28 09:35:00,40.13,,United Kingdom
524196,DOT,DOTCOM POSTAGE,1,2010-09-28 09:36:00,55.11,,United Kingdom
524197,DOT,DOTCOM POSTAGE,1,2010-09-28 09:36:00,66.0,,United Kingdom
524198,DOT,DOTCOM POSTAGE,1,2010-09-28 09:37:00,66.0,,United Kingdom
524199,DOT,DOTCOM POSTAGE,1,2010-09-28 09:37:00,57.49,,United Kingdom
524207,POST,POSTAGE,2,2010-09-28 10:35:00,18.0,12648.0,Germany
524218,POST,POSTAGE,3,2010-09-28 10:52:00,18.0,12759.0,Netherlands
524327,DOT,DOTCOM POSTAGE,1,2010-09-28 15:07:00,110.13,,United Kingdom
524368,DOT,DOTCOM POSTAGE,1,2010-09-28 17:18:00,240.71,,United Kingdom
524408,POST,POSTAGE,1,2010-09-29 09:36:00,40.0,12483.0,Sweden
524489,POST,POSTAGE,4,2010-09-29 12:12:00,28.0,12540.0,Spain
524539,M,Manual,1,2010-09-29 13:49:00,483.15,14911.0,EIRE
C524541,M,Manual,-1,2010-09-29 13:50:00,483.15,14911.0,EIRE
524558,DOT,DOTCOM POSTAGE,1,2010-09-29 14:36:00,314.11,,United Kingdom
C524593,M,Manual,-1,2010-09-29 16:25:00,237.85,14911.0,EIRE
524594,M,Manual,1,2010-09-29 16:26:00,237.85,14911.0,EIRE
524610,POST,POSTAGE,3,2010-09-30 09:28:00,18.0,12472.0,Germany
524698,DOT,DOTCOM POSTAGE,1,2010-09-30 12:12:00,105.4,,United Kingdom
C524709,M,Manual,-1,2010-09-30 12:43:00,2545.85,14156.0,EIRE
524711,M,Manual,1,2010-09-30 12:46:00,2545.85,,United Kingdom
C524713,M,Manual,-1,2010-09-30 12:48:00,2545.85,,United Kingdom
524714,M,Manual,1,2010-09-30 12:51:00,2545.85,,United Kingdom
524716,POST,POSTAGE,2,2010-09-30 13:13:00,18.0,12562.0,France
524719,POST,POSTAGE,1,2010-09-30 13:34:00,15.0,12806.0,Netherlands
524765,DOT,DOTCOM POSTAGE,1,2010-09-30 15:47:00,240.69,,United Kingdom
524828,POST,POSTAGE,5,2010-09-30 17:05:00,18.0,12705.0,Germany
524841,POST,POSTAGE,3,2010-09-30 17:59:00,40.0,12457.0,Switzerland
C524848,POST,POSTAGE,-1,2010-09-30 18:32:00,1.72,17519.0,United Kingdom
524851,POST,POSTAGE,1,2010-09-30 18:45:00,18.0,12500.0,Germany
524862,POST,POSTAGE,1,2010-10-01 08:39:00,28.0,12417.0,Spain
524863,POST,POSTAGE,1,2010-10-01 08:57:00,40.0,12817.0,Austria
524878,POST,POSTAGE,2,2010-10-01 10:43:00,40.0,12696.0,Finland
524938,M,Manual,1,2010-10-01 12:00:00,963.36,,United Kingdom
C524941,M,Manual,-1,2010-10-01 12:11:00,170.0,,United Kingdom
C524941,M,Manual,-1,2010-10-01 12:11:00,40.0,,United Kingdom
524942,POST,POSTAGE,2,2010-10-01 12:17:00,40.0,12639.0,Sweden
524951,POST,POSTAGE,3,2010-10-01 12:46:00,18.0,12609.0,Germany
C524954,POST,POSTAGE,-1,2010-10-01 13:13:00,18.0,12609.0,Germany
524956,M,Manual,1,2010-10-01 13:23:00,127.66,,United Kingdom
524958,DOT,DOTCOM POSTAGE,1,2010-10-01 13:30:00,89.36,,United Kingdom
524959,DOT,DOTCOM POSTAGE,1,2010-10-01 13:31:00,59.36,,United Kingdom
524982,M,Manual,2,2010-10-01 15:28:00,0.19,12926.0,United Kingdom
524999,DOT,DOTCOM POSTAGE,1,2010-10-01 17:34:00,146.24,,United Kingdom
525039,M,Manual,1,2010-10-03 12:48:00,15.0,,United Kingdom
525049,POST,POSTAGE,1,2010-10-03 13:38:00,18.0,12600.0,Germany
525071,POST,POSTAGE,2,2010-10-03 14:50:00,18.0,12583.0,France
525073,POST,POSTAGE,2,2010-10-03 14:52:00,18.0,12490.0,France
525167,POST,POSTAGE,3,2010-10-04 12:14:00,40.0,12486.0,Sweden
525169,POST,POSTAGE,5,2010-10-04 12:17:00,18.0,12471.0,Germany
C525190,POST,POSTAGE,-1,2010-10-04 12:32:00,5.0,12681.0,France
525221,DOT,DOTCOM POSTAGE,1,2010-10-04 12:51:00,294.79,,United Kingdom
525235,DOT,DOTCOM POSTAGE,1,2010-10-04 14:30:00,63.32,,United Kingdom
525236,DOT,DOTCOM POSTAGE,1,2010-10-04 14:31:00,66.77,,United Kingdom
525249,POST,POSTAGE,2,2010-10-04 14:42:00,18.0,12726.0,France
525276,DOT,DOTCOM POSTAGE,1,2010-10-04 16:44:00,149.18,,United Kingdom
525298,POST,POSTAGE,3,2010-10-05 09:32:00,18.0,12437.0,France
525300,POST,POSTAGE,3,2010-10-05 09:43:00,18.0,12516.0,Germany
C525313,M,Manual,-1,2010-10-05 10:47:00,445.06,14328.0,United Kingdom
525329,M,Manual,2,2010-10-05 11:23:00,2.55,17019.0,United Kingdom
525339,M,Manual,1,2010-10-05 11:26:00,445.06,,United Kingdom
C525398,M,Manual,-1,2010-10-05 11:47:00,10468.8,14063.0,United Kingdom
525399,M,Manual,1,2010-10-05 11:49:00,10468.8,,United Kingdom
C525400,M,Manual,-1,2010-10-05 11:52:00,2769.9,14063.0,United Kingdom
525403,M,Manual,1,2010-10-05 11:53:00,2769.9,,United Kingdom
C525415,M,Manual,-1,2010-10-05 12:43:00,208.63,13290.0,United Kingdom
525417,M,Manual,1,2010-10-05 12:44:00,35.0,12471.0,Germany
525419,M,Manual,1,2010-10-05 12:46:00,208.63,,United Kingdom
C525450,M,Manual,-1,2010-10-05 14:10:00,359.71,13448.0,United Kingdom
525451,M,Manual,1,2010-10-05 14:12:00,359.71,,United Kingdom
525457,M,Manual,1,2010-10-05 14:30:00,20.0,18065.0,United Kingdom
525458,DOT,DOTCOM POSTAGE,1,2010-10-05 14:45:00,142.09,,United Kingdom
C525461,M,Manual,-1,2010-10-05 14:46:00,159.54,14802.0,United Kingdom
C525462,M,Manual,-1,2010-10-05 14:49:00,1343.44,14802.0,United Kingdom
525464,M,Manual,1,2010-10-05 14:51:00,159.54,,United Kingdom
525465,M,Manual,1,2010-10-05 14:52:00,1343.44,,United Kingdom
C525470,M,Manual,-1,2010-10-05 15:12:00,7044.79,15413.0,United Kingdom
C525471,M,Manual,-1,2010-10-05 15:15:00,2285.31,15413.0,United Kingdom
525473,M,Manual,1,2010-10-05 15:16:00,7044.79,,United Kingdom
525475,M,Manual,1,2010-10-05 15:17:00,2285.31,,United Kingdom
525498,M,Manual,1,2010-10-05 16:47:00,2545.85,14156.0,EIRE
C525499,M,Manual,-1,2010-10-05 16:49:00,2545.85,,United Kingdom
C525502,M,Manual,-1,2010-10-05 16:55:00,2366.4,14156.0,EIRE
525503,M,Manual,1,2010-10-05 16:57:00,2366.4,,United Kingdom
C525531,POST,POSTAGE,-1,2010-10-05 19:04:00,4.58,17612.0,United Kingdom
C525547,POST,POSTAGE,-1,2010-10-05 19:27:00,7.06,13648.0,United Kingdom
C525567,M,Manual,-1,2010-10-06 09:56:00,731.05,,United Kingdom
525578,POST,POSTAGE,1,2010-10-06 10:50:00,15.0,13022.0,Belgium
525698,POST,POSTAGE,12,2010-10-06 12:36:00,18.0,12668.0,Germany
525721,M,Manual,1,2010-10-06 15:00:00,15.0,15973.0,United Kingdom
525724,POST,POSTAGE,1,2010-10-06 15:13:00,5.0,,United Kingdom
525748,POST,POSTAGE,2,2010-10-07 09:31:00,18.0,12471.0,Germany
525753,DOT,DOTCOM POSTAGE,1,2010-10-07 10:19:00,194.11,,United Kingdom
525755,DOT,DOTCOM POSTAGE,1,2010-10-07 10:23:00,174.95,,United Kingdom
525824,POST,POSTAGE,5,2010-10-07 11:46:00,18.0,12476.0,Germany
525833,M,Manual,1,2010-10-07 12:01:00,19.5,16928.0,United Kingdom
C525876,BANK CHARGES,Bank Charges,-1,2010-10-07 14:12:00,15.0,13776.0,United Kingdom
C525880,M,Manual,-1,2010-10-07 14:25:00,176.96,17424.0,United Kingdom
525881,M,Manual,1,2010-10-07 14:27:00,176.96,,United Kingdom
525882,DOT,DOTCOM POSTAGE,1,2010-10-07 14:28:00,159.41,,United Kingdom
C525896,M,Manual,-1,2010-10-07 15:31:00,311.99,13776.0,United Kingdom
525897,M,Manual,1,2010-10-07 15:32:00,311.99,,United Kingdom
525905,M,Manual,1,2010-10-07 16:07:00,311.99,13776.0,United Kingdom
C525907,M,Manual,-1,2010-10-07 16:09:00,311.99,13776.0,United Kingdom
525909,M,Manual,1,2010-10-07 16:11:00,311.99,13776.0,United Kingdom
C525910,M,Manual,-1,2010-10-07 16:12:00,311.99,,United Kingdom
C525914,BANK CHARGES,Bank Charges,-1,2010-10-07 16:14:00,45.0,13776.0,United Kingdom
C525933,M,Manual,-1,2010-10-07 16:59:00,267.05,13776.0,United Kingdom
525935,M,Manual,1,2010-10-07 17:00:00,267.05,,United Kingdom
C525938,POST,POSTAGE,-1,2010-10-07 17:18:00,9.68,15664.0,United Kingdom
525969,DOT,DOTCOM POSTAGE,1,2010-10-08 10:21:00,55.79,,United Kingdom
525971,DOT,DOTCOM POSTAGE,1,2010-10-08 10:21:00,57.7,,United Kingdom
525972,M,Manual,1,2010-10-08 10:22:00,1.7,,United Kingdom
525972,DOT,DOTCOM POSTAGE,1,2010-10-08 10:22:00,61.7,,United Kingdom
525973,DOT,DOTCOM POSTAGE,1,2010-10-08 10:22:00,105.45,,United Kingdom
526002,POST,POSTAGE,2,2010-10-08 11:36:00,40.0,12458.0,Switzerland
526085,POST,POSTAGE,6,2010-10-08 12:06:00,18.0,12480.0,Germany
C526088,M,Manual,-1,2010-10-08 12:14:00,50.0,17809.0,United Kingdom
526093,POST,POSTAGE,2,2010-10-08 12:20:00,28.0,12811.0,Portugal
526124,POST,POSTAGE,10,2010-10-08 13:55:00,18.0,14646.0,Netherlands
C526126,POST,POSTAGE,-10,2010-10-08 13:58:00,18.0,14646.0,Netherlands
526127,POST,POSTAGE,10,2010-10-08 13:59:00,15.0,14646.0,Netherlands
526142,M,Manual,1,2010-10-08 14:45:00,15.0,14911.0,EIRE
526151,DOT,DOTCOM POSTAGE,1,2010-10-08 15:19:00,217.71,,United Kingdom
526168,POST,POSTAGE,4,2010-10-10 10:43:00,18.0,12656.0,France
526222,POST,POSTAGE,3,2010-10-10 14:56:00,40.0,12676.0,Sweden
526240,POST,POSTAGE,2,2010-10-11 09:11:00,18.0,12682.0,France
526245,POST,POSTAGE,4,2010-10-11 09:42:00,28.0,12356.0,Portugal
526265,POST,POSTAGE,4,2010-10-11 10:34:00,28.0,12782.0,Portugal
526288,POST,POSTAGE,2,2010-10-11 11:53:00,18.0,13919.0,Denmark
526389,POST,POSTAGE,2,2010-10-11 12:53:00,28.0,12797.0,Portugal
526403,DOT,DOTCOM POSTAGE,1,2010-10-11 13:49:00,182.24,,United Kingdom
526405,DOT,DOTCOM POSTAGE,1,2010-10-11 13:53:00,116.44,,United Kingdom
C526456,M,Manual,-1,2010-10-11 15:45:00,1.0,17755.0,United Kingdom
526468,M,Manual,1,2010-10-11 16:27:00,17.5,,United Kingdom
526485,POST,POSTAGE,1,2010-10-12 08:08:00,18.0,12649.0,Germany
526491,POST,POSTAGE,1,2010-10-12 09:17:00,18.0,12655.0,France
526638,DOT,DOTCOM POSTAGE,1,2010-10-12 13:19:00,169.52,,United Kingdom
526640,POST,POSTAGE,1,2010-10-12 13:20:00,18.0,12599.0,France
526642,POST,POSTAGE,9,2010-10-12 13:26:00,18.0,12647.0,Germany
526646,POST,POSTAGE,3,2010-10-12 13:35:00,18.0,12553.0,France
526715,POST,POSTAGE,3,2010-10-12 16:40:00,40.0,12629.0,Sweden
526717,POST,POSTAGE,2,2010-10-12 16:51:00,1.0,12605.0,Germany
526738,DOT,DOTCOM POSTAGE,1,2010-10-12 18:02:00,148.77,,United Kingdom
526758,M,Manual,1,2010-10-13 10:43:00,2.95,14534.0,United Kingdom
C526837,M,Manual,-1,2010-10-13 11:52:00,756.4,13378.0,United Kingdom
526843,M,Manual,1,2010-10-13 12:07:00,756.4,,United Kingdom
526853,POST,POSTAGE,5,2010-10-13 12:48:00,28.0,12540.0,Spain
C526855,M,Manual,-1,2010-10-13 12:55:00,1108.44,15202.0,United Kingdom
526856,M,Manual,1,2010-10-13 12:57:00,1108.44,,United Kingdom
C526858,M,Manual,-1,2010-10-13 13:01:00,2667.88,15202.0,United Kingdom
526860,M,Manual,1,2010-10-13 13:02:00,2667.88,,United Kingdom
526864,POST,POSTAGE,2,2010-10-13 13:09:00,18.0,12437.0,France
526893,POST,POSTAGE,2,2010-10-13 14:46:00,15.0,12379.0,Belgium
526911,POST,POSTAGE,4,2010-10-13 15:40:00,18.0,12681.0,France
526916,DOT,DOTCOM POSTAGE,1,2010-10-13 16:20:00,169.55,,United Kingdom
526932,DOT,DOTCOM POSTAGE,1,2010-10-14 09:35:00,93.79,,United Kingdom
526965,POST,POSTAGE,3,2010-10-14 11:06:00,1.0,12589.0,France
C527020,POST,POSTAGE,-3,2010-10-14 11:52:00,1.0,12589.0,France
527023,POST,POSTAGE,3,2010-10-14 11:54:00,18.0,12589.0,France
527058,POST,POSTAGE,5,2010-10-14 13:31:00,40.0,12374.0,Austria
C527082,POST,POSTAGE,-1,2010-10-14 15:32:00,3.49,,United Kingdom
527084,POST,POSTAGE,2,2010-10-14 15:33:00,15.0,14646.0,Netherlands
527123,POST,POSTAGE,4,2010-10-14 19:39:00,18.0,12694.0,France
527133,POST,POSTAGE,8,2010-10-15 09:33:00,18.0,12709.0,Germany
527152,DOT,DOTCOM POSTAGE,1,2010-10-15 11:21:00,60.21,,United Kingdom
527151,DOT,DOTCOM POSTAGE,1,2010-10-15 11:21:00,37.57,,United Kingdom
527154,M,Manual,1,2010-10-15 11:22:00,1.7,,United Kingdom
527154,DOT,DOTCOM POSTAGE,1,2010-10-15 11:22:00,56.72,,United Kingdom
527155,DOT,DOTCOM POSTAGE,1,2010-10-15 11:22:00,203.37,,United Kingdom
527157,DOT,DOTCOM POSTAGE,1,2010-10-15 11:25:00,44.17,,United Kingdom
527234,POST,POSTAGE,1,2010-10-15 12:00:00,18.0,12691.0,France
527255,POST,POSTAGE,3,2010-10-15 12:35:00,18.0,12437.0,France
527257,M,Manual,1,2010-10-15 12:39:00,1108.44,15202.0,United Kingdom
527258,M,Manual,1,2010-10-15 12:40:00,2667.88,15202.0,United Kingdom
C527259,M,Manual,-1,2010-10-15 12:41:00,1108.44,,United Kingdom
C527260,M,Manual,-1,2010-10-15 12:42:00,2667.88,,United Kingdom
C527263,M,Manual,-1,2010-10-15 12:46:00,345.01,15202.0,United Kingdom
527264,M,Manual,1,2010-10-15 12:47:00,345.01,,United Kingdom
C527269,M,Manual,-1,2010-10-15 13:03:00,2225.17,15202.0,United Kingdom
527271,M,Manual,1,2010-10-15 13:05:00,2225.17,15202.0,United Kingdom
C527272,M,Manual,-1,2010-10-15 13:09:00,2225.17,15202.0,United Kingdom
527273,M,Manual,1,2010-10-15 13:10:00,2225.71,,United Kingdom
527285,M,Manual,3,2010-10-15 13:47:00,2.95,17822.0,United Kingdom
527288,POST,POSTAGE,3,2010-10-15 13:57:00,15.0,12417.0,Belgium
527291,DOT,DOTCOM POSTAGE,1,2010-10-15 14:08:00,62.6,,United Kingdom
527293,M,Manual,1,2010-10-15 14:09:00,1.7,,United Kingdom
527293,DOT,DOTCOM POSTAGE,1,2010-10-15 14:09:00,100.51,,United Kingdom
527292,DOT,DOTCOM POSTAGE,1,2010-10-15 14:09:00,54.13,,United Kingdom
527296,POST,POSTAGE,3,2010-10-15 14:11:00,18.0,12712.0,Germany
C527319,M,Manual,-1,2010-10-15 14:51:00,125.96,16879.0,United Kingdom
527321,M,Manual,1,2010-10-15 14:52:00,125.96,,United Kingdom
527328,M,Manual,6,2010-10-15 15:06:00,1.25,12748.0,United Kingdom
C527329,M,Manual,-1,2010-10-15 15:11:00,158.65,13463.0,United Kingdom
527330,M,Manual,1,2010-10-15 15:12:00,158.65,,United Kingdom
C527332,M,Manual,-1,2010-10-15 15:25:00,530.31,14781.0,United Kingdom
527333,M,Manual,1,2010-10-15 15:26:00,530.31,,United Kingdom
C527339,M,Manual,-1,2010-10-15 15:35:00,830.12,13085.0,United Kingdom
527340,M,Manual,1,2010-10-15 15:36:00,830.12,,United Kingdom
527345,M,Manual,1,2010-10-15 15:46:00,0.85,13666.0,United Kingdom
527380,M,Manual,2,2010-10-17 12:52:00,1.25,14953.0,United Kingdom
527392,M,Manual,1,2010-10-17 13:28:00,3.75,14044.0,United Kingdom
527439,POST,POSTAGE,2,2010-10-18 08:42:00,40.0,12376.0,Switzerland
527444,DOT,DOTCOM POSTAGE,1,2010-10-18 09:28:00,159.21,,United Kingdom
527467,M,Manual,1,2010-10-18 11:03:00,4.65,15921.0,United Kingdom
527467,M,Manual,1,2010-10-18 11:03:00,5.0,15921.0,United Kingdom
527479,POST,POSTAGE,1,2010-10-18 11:34:00,18.0,12665.0,Germany
C527482,BANK CHARGES,Bank Charges,-1,2010-10-18 11:38:00,129.18,,United Kingdom
527492,M,Manual,1,2010-10-18 11:57:00,0.85,16395.0,United Kingdom
527496,POST,POSTAGE,4,2010-10-18 12:07:00,18.0,12699.0,Germany
527513,M,Manual,1,2010-10-18 12:57:00,5.95,16441.0,United Kingdom
527520,DOT,DOTCOM POSTAGE,1,2010-10-18 13:18:00,170.51,,United Kingdom
C527609,POST,POSTAGE,-1,2010-10-18 13:44:00,1.95,13922.0,United Kingdom
527655,M,Manual,6,2010-10-18 14:07:00,0.85,13387.0,United Kingdom
527691,POST,POSTAGE,1,2010-10-18 15:09:00,18.0,12504.0,Germany
527728,DOT,DOTCOM POSTAGE,1,2010-10-18 15:44:00,131.78,,United Kingdom
527751,M,Manual,2,2010-10-18 16:38:00,1.45,17848.0,United Kingdom
527760,POST,POSTAGE,1,2010-10-18 17:12:00,220.0,12454.0,Spain
527767,POST,POSTAGE,2,2010-10-19 09:35:00,18.0,12623.0,Germany
527783,POST,POSTAGE,11,2010-10-19 11:04:00,18.0,12476.0,Germany
527789,DOT,DOTCOM POSTAGE,1,2010-10-19 11:10:00,175.34,,United Kingdom
C527893,M,Manual,-1,2010-10-19 12:22:00,416.46,,United Kingdom
527896,M,Manual,1,2010-10-19 12:32:00,3.95,15581.0,United Kingdom
527896,M,Manual,1,2010-10-19 12:32:00,12.95,15581.0,United Kingdom
C527897,POST,POSTAGE,-1,2010-10-19 12:36:00,39.67,,Lebanon
C527905,M,Manual,-1,2010-10-19 12:47:00,55.95,,United Kingdom
C527909,BANK CHARGES,Bank Charges,-1,2010-10-19 12:49:00,394.27,,United Kingdom
527951,DOT,DOTCOM POSTAGE,1,2010-10-19 15:36:00,186.71,,United Kingdom
527955,POST,POSTAGE,1,2010-10-19 16:11:00,46.83,,United Kingdom
527978,POST,POSTAGE,2,2010-10-20 10:45:00,18.0,12523.0,France
C528062,POST,POSTAGE,-1,2010-10-20 12:17:00,52.46,12483.0,Sweden
C528096,BANK CHARGES,Bank Charges,-1,2010-10-20 13:26:00,136.95,,United Kingdom
528116,M,Manual,1,2010-10-20 14:25:00,520.8,,United Kingdom
528117,POST,POSTAGE,1,2010-10-20 14:28:00,28.0,12421.0,Spain
528128,POST,POSTAGE,1,2010-10-20 14:55:00,2.95,,United Kingdom
528135,POST,POSTAGE,3,2010-10-20 15:15:00,18.0,12530.0,Germany
528145,DOT,DOTCOM POSTAGE,1,2010-10-20 15:56:00,190.63,,United Kingdom
528168,M,Manual,1,2010-10-21 09:49:00,10.0,12415.0,Australia
528176,POST,POSTAGE,3,2010-10-21 10:28:00,28.0,12725.0,Italy
528179,M,Manual,3,2010-10-21 10:49:00,0.85,14227.0,United Kingdom
528315,M,Manual,2,2010-10-21 12:25:00,1.25,,United Kingdom
C528360,POST,POSTAGE,-2,2010-10-21 15:32:00,18.0,12647.0,Germany
528370,M,Manual,1,2010-10-21 16:34:00,31.19,,United Kingdom
528382,DOT,DOTCOM POSTAGE,1,2010-10-21 18:01:00,265.01,,United Kingdom
C528418,M,Manual,-1,2010-10-22 09:44:00,780.25,14911.0,EIRE
528419,POST,POSTAGE,4,2010-10-22 09:44:00,18.0,12615.0,France
528420,M,Manual,1,2010-10-22 09:45:00,780.25,14911.0,EIRE
528438,POST,POSTAGE,3,2010-10-22 10:40:00,28.0,12419.0,Spain
528445,M,Manual,3,2010-10-22 11:00:00,0.19,12748.0,United Kingdom
528470,M,Manual,1,2010-10-22 11:40:00,1.25,16392.0,United Kingdom
528477,M,Manual,3,2010-10-22 12:02:00,0.21,18022.0,United Kingdom
528571,POST,POSTAGE,3,2010-10-22 12:59:00,18.0,12621.0,Germany
528576,POST,POSTAGE,1,2010-10-22 13:13:00,40.0,12369.0,Austria
528578,DOT,DOTCOM POSTAGE,1,2010-10-22 13:16:00,54.17,,United Kingdom
528591,DOT,DOTCOM POSTAGE,1,2010-10-22 14:04:00,68.34,,United Kingdom
528590,DOT,DOTCOM POSTAGE,1,2010-10-22 14:04:00,40.77,,United Kingdom
528589,DOT,DOTCOM POSTAGE,1,2010-10-22 14:04:00,38.34,,United Kingdom
528593,DOT,DOTCOM POSTAGE,1,2010-10-22 14:23:00,87.74,,United Kingdom
528594,DOT,DOTCOM POSTAGE,1,2010-10-22 14:23:00,79.28,,United Kingdom
528600,POST,POSTAGE,1,2010-10-22 14:57:00,18.0,12787.0,Netherlands
C528604,POST,POSTAGE,-1,2010-10-22 15:19:00,3.0,12787.0,Netherlands
528613,DOT,DOTCOM POSTAGE,1,2010-10-22 15:57:00,228.78,,United Kingdom
528621,M,Manual,3,2010-10-24 10:41:00,3.75,14800.0,United Kingdom
528641,POST,POSTAGE,2,2010-10-24 11:49:00,18.0,12494.0,France
528735,M,Manual,1,2010-10-24 13:57:00,5.45,13240.0,United Kingdom
528757,POST,POSTAGE,4,2010-10-24 15:28:00,18.0,12720.0,Germany
528766,M,Manual,10,2010-10-24 16:13:00,0.42,13564.0,United Kingdom
528853,POST,POSTAGE,4,2010-10-25 10:41:00,18.0,12481.0,Germany
528868,M,Manual,8,2010-10-25 11:33:00,1.5,15976.0,United Kingdom
528884,POST,POSTAGE,5,2010-10-25 12:21:00,18.0,12449.0,Denmark
528896,POST,POSTAGE,1,2010-10-25 13:04:00,15.0,12790.0,Netherlands
C528899,POST,POSTAGE,-1,2010-10-25 13:10:00,9.58,16153.0,United Kingdom
528920,POST,POSTAGE,3,2010-10-25 14:27:00,15.0,12417.0,Belgium
528952,DOT,DOTCOM POSTAGE,1,2010-10-25 16:57:00,189.47,,United Kingdom
528957,POST,POSTAGE,2,2010-10-26 08:49:00,15.0,12475.0,Germany
C528987,POST,POSTAGE,-1,2010-10-26 11:11:00,3.5,15207.0,United Kingdom
529068,DOT,DOTCOM POSTAGE,1,2010-10-26 12:14:00,93.3,,United Kingdom
529076,POST,POSTAGE,1,2010-10-26 12:44:00,20.0,,United Kingdom
529084,POST,POSTAGE,6,2010-10-26 13:15:00,18.0,12524.0,Germany
529091,POST,POSTAGE,6,2010-10-26 13:37:00,40.0,12371.0,Switzerland
C529092,POST,POSTAGE,-1,2010-10-26 13:39:00,5.74,15774.0,United Kingdom
529127,POST,POSTAGE,1,2010-10-26 14:24:00,15.0,12775.0,Netherlands
529133,DOT,DOTCOM POSTAGE,1,2010-10-26 14:47:00,185.5,,United Kingdom
529186,POST,POSTAGE,3,2010-10-26 18:44:00,18.0,12645.0,Germany
529196,POST,POSTAGE,3,2010-10-27 08:36:00,40.0,12537.0,Sweden
529197,POST,POSTAGE,6,2010-10-27 09:18:00,28.0,12505.0,Italy
529200,POST,POSTAGE,1,2010-10-27 09:36:00,40.0,12676.0,Sweden
529201,POST,POSTAGE,1,2010-10-27 09:52:00,28.0,12563.0,Italy
529215,POST,POSTAGE,4,2010-10-27 10:42:00,28.0,12591.0,Italy
529286,POST,POSTAGE,3,2010-10-27 12:01:00,18.0,12474.0,Germany
529316,M,Manual,1,2010-10-27 13:34:00,15.0,16430.0,United Kingdom
529325,DOT,DOTCOM POSTAGE,1,2010-10-27 14:10:00,308.17,,United Kingdom
529326,M,Manual,1,2010-10-27 14:14:00,2.55,13547.0,United Kingdom
529344,POST,POSTAGE,1,2010-10-28 08:23:00,250.0,12349.0,Italy
529351,POST,POSTAGE,3,2010-10-28 09:29:00,28.0,12766.0,Portugal
C529353,M,Manual,-1,2010-10-28 09:41:00,2736.16,14156.0,EIRE
C529354,M,Manual,-1,2010-10-28 09:43:00,1155.6,14156.0,EIRE
529356,M,Manual,1,2010-10-28 09:44:00,2736.16,14156.0,EIRE
529357,M,Manual,1,2010-10-28 09:45:00,1155.6,14156.0,EIRE
529361,DOT,DOTCOM POSTAGE,1,2010-10-28 09:56:00,79.25,,United Kingdom
529363,DOT,DOTCOM POSTAGE,1,2010-10-28 09:57:00,44.94,,United Kingdom
529365,DOT,DOTCOM POSTAGE,1,2010-10-28 10:00:00,106.3,,United Kingdom
529366,DOT,DOTCOM POSTAGE,1,2010-10-28 10:00:00,65.15,,United Kingdom
529368,DOT,DOTCOM POSTAGE,1,2010-10-28 10:16:00,68.47,,United Kingdom
529504,DOT,DOTCOM POSTAGE,1,2010-10-28 14:19:00,290.94,,United Kingdom
529622,POST,POSTAGE,8,2010-10-29 11:42:00,18.0,13815.0,Germany
529629,POST,POSTAGE,2,2010-10-29 12:15:00,40.0,12422.0,Switzerland
529690,POST,POSTAGE,2,2010-10-29 12:44:00,18.0,12395.0,Belgium
529717,M,Manual,1,2010-10-29 13:42:00,5.0,,United Kingdom
529727,DOT,DOTCOM POSTAGE,1,2010-10-29 14:12:00,151.43,,United Kingdom
529748,M,Manual,1,2010-10-29 14:19:00,1.7,,United Kingdom
529748,DOT,DOTCOM POSTAGE,1,2010-10-29 14:19:00,74.38,,United Kingdom
529790,M,Manual,2,2010-10-29 15:49:00,3.0,,United Kingdom
529809,POST,POSTAGE,1,2010-10-31 10:57:00,18.0,12601.0,Germany
529958,POST,POSTAGE,2,2010-10-31 15:09:00,18.0,12708.0,Germany
529998,M,Manual,1,2010-11-01 09:09:00,1435.29,,RSA
C529999,M,Manual,-1,2010-11-01 09:11:00,1435.29,,RSA
530000,DOT,DOTCOM POSTAGE,1,2010-11-01 09:13:00,81.91,,United Kingdom
530001,M,Manual,1,2010-11-01 09:13:00,1.7,,United Kingdom
530001,DOT,DOTCOM POSTAGE,1,2010-11-01 09:13:00,101.06,,United Kingdom
530003,DOT,DOTCOM POSTAGE,1,2010-11-01 09:14:00,62.43,,United Kingdom
C530006,M,Manual,-1,2010-11-01 09:31:00,92.03,13050.0,United Kingdom
530008,M,Manual,1,2010-11-01 09:33:00,92.03,13050.0,United Kingdom
C530009,M,Manual,-1,2010-11-01 09:34:00,78.31,13050.0,United Kingdom
530060,DOT,DOTCOM POSTAGE,1,2010-11-01 11:35:00,313.33,,United Kingdom
530089,M,Manual,2,2010-11-01 13:41:00,2.95,16916.0,United Kingdom
530115,M,Manual,2,2010-11-01 14:22:00,0.5,17190.0,United Kingdom
530115,M,Manual,2,2010-11-01 14:22:00,0.42,17190.0,United Kingdom
530122,POST,POSTAGE,4,2010-11-01 14:58:00,18.0,12492.0,Germany
530138,POST,POSTAGE,1,2010-11-01 16:20:00,2.54,,United Kingdom
530140,DOT,DOTCOM POSTAGE,1,2010-11-01 16:45:00,230.63,,United Kingdom
530180,POST,POSTAGE,1,2010-11-02 10:27:00,40.0,12483.0,Sweden
C530183,M,Manual,-1,2010-11-02 10:40:00,76.97,14934.0,Channel Islands
530265,POST,POSTAGE,12,2010-11-02 11:38:00,18.0,12476.0,Germany
530310,POST,POSTAGE,2,2010-11-02 13:26:00,28.0,12413.0,Spain
530332,DOT,DOTCOM POSTAGE,1,2010-11-02 13:57:00,175.41,,United Kingdom
C530358,POST,POSTAGE,-1,2010-11-02 15:52:00,9.58,16947.0,United Kingdom
530366,POST,POSTAGE,1,2010-11-02 16:03:00,7.49,,United Kingdom
530372,M,Manual,1,2010-11-02 16:20:00,1.25,17276.0,United Kingdom
530381,POST,POSTAGE,2,2010-11-02 16:52:00,40.0,13520.0,Switzerland
530383,POST,POSTAGE,1,2010-11-02 17:02:00,18.0,12412.0,Denmark
530394,POST,POSTAGE,3,2010-11-02 17:24:00,18.0,12681.0,France
530422,DOT,DOTCOM POSTAGE,1,2010-11-03 09:36:00,327.14,,United Kingdom
530433,POST,POSTAGE,3,2010-11-03 10:46:00,18.0,12673.0,Germany
530437,M,Manual,1,2010-11-03 11:13:00,0.21,15915.0,United Kingdom
530540,POST,POSTAGE,2,2010-11-03 13:05:00,28.0,12793.0,Portugal
530544,POST,POSTAGE,8,2010-11-03 13:13:00,15.0,14646.0,Netherlands
530589,M,Manual,6,2010-11-03 14:55:00,1.25,17126.0,United Kingdom
530609,POST,,100,2010-11-03 15:25:00,0.0,,United Kingdom
530650,POST,POSTAGE,2,2010-11-04 09:05:00,28.0,12540.0,Spain
530652,DOT,DOTCOM POSTAGE,1,2010-11-04 09:38:00,124.51,,United Kingdom
530653,DOT,DOTCOM POSTAGE,1,2010-11-04 09:40:00,94.34,,United Kingdom
530654,DOT,DOTCOM POSTAGE,1,2010-11-04 09:41:00,102.55,,United Kingdom
530669,M,Manual,1,2010-11-04 10:57:00,10.0,12415.0,Australia
530849,POST,POSTAGE,1,2010-11-04 14:46:00,4.95,13648.0,United Kingdom
530850,DOT,DOTCOM POSTAGE,1,2010-11-04 14:49:00,341.28,,United Kingdom
530967,POST,POSTAGE,1,2010-11-05 08:28:00,40.0,12817.0,Austria
531028,POST,POSTAGE,1,2010-11-05 11:49:00,18.0,12712.0,Germany
531036,DOT,DOTCOM POSTAGE,1,2010-11-05 11:58:00,264.55,,United Kingdom
531112,POST,POSTAGE,2,2010-11-05 12:38:00,40.0,12588.0,Finland
531121,POST,POSTAGE,1,2010-11-05 12:53:00,40.0,12588.0,Finland
C531134,M,Manual,-1,2010-11-05 14:01:00,1.25,16984.0,United Kingdom
531190,POST,POSTAGE,4,2010-11-05 15:08:00,18.0,12480.0,Germany
531205,POST,POSTAGE,4,2010-11-05 15:32:00,18.0,12621.0,Germany
531252,M,Manual,1,2010-11-07 11:11:00,12.75,16206.0,United Kingdom
531271,M,Manual,2,2010-11-07 11:52:00,0.85,16401.0,United Kingdom
531344,M,Manual,4,2010-11-07 13:10:00,0.5,17218.0,United Kingdom
531345,POST,POSTAGE,1,2010-11-07 13:14:00,18.0,12599.0,France
531357,POST,POSTAGE,2,2010-11-07 14:04:00,18.0,12437.0,France
531378,M,Manual,1,2010-11-07 15:58:00,50.05,13564.0,United Kingdom
531378,M,Manual,8,2010-11-07 15:58:00,0.42,13564.0,United Kingdom
531387,DOT,DOTCOM POSTAGE,1,2010-11-08 09:20:00,346.98,,United Kingdom
531388,POST,POSTAGE,5,2010-11-08 09:35:00,18.0,12476.0,Germany
531426,POST,POSTAGE,4,2010-11-08 10:51:00,15.0,12778.0,Netherlands
531487,POST,POSTAGE,1,2010-11-08 14:57:00,18.0,12693.0,Germany
531489,DOT,DOTCOM POSTAGE,1,2010-11-08 15:02:00,258.18,,United Kingdom
531506,POST,POSTAGE,5,2010-11-08 15:34:00,18.0,12472.0,Germany
531543,M,Manual,1,2010-11-08 17:34:00,2.0,13691.0,United Kingdom
531568,POST,POSTAGE,3,2010-11-09 10:31:00,18.0,12681.0,France
531691,DOT,DOTCOM POSTAGE,1,2010-11-09 11:50:00,92.68,,United Kingdom
531692,DOT,DOTCOM POSTAGE,1,2010-11-09 11:50:00,80.94,,United Kingdom
C531697,M,Manual,-1,2010-11-09 11:55:00,10.0,15197.0,United Kingdom
531741,POST,POSTAGE,6,2010-11-09 12:48:00,18.0,12682.0,France
531758,POST,,500,2010-11-09 13:26:00,0.0,,United Kingdom
531778,POST,POSTAGE,1,2010-11-09 14:45:00,18.0,12437.0,France
531779,POST,POSTAGE,1,2010-11-09 14:46:00,18.0,12437.0,France
C531793,M,Manual,-1,2010-11-09 15:24:00,106.53,,United Kingdom
C531794,M,Manual,-1,2010-11-09 15:25:00,498.42,,United Kingdom
531795,M,Manual,1,2010-11-09 15:27:00,498.42,,United Kingdom
C531797,M,Manual,-1,2010-11-09 15:29:00,498.42,,United Kingdom
C531798,M,Manual,-1,2010-11-09 15:30:00,664.56,,United Kingdom
C531810,M,Manual,-1,2010-11-09 16:35:00,16.0,15981.0,United Kingdom
531824,POST,POSTAGE,2,2010-11-09 17:37:00,28.0,12782.0,Portugal
531843,DOT,DOTCOM POSTAGE,1,2010-11-10 09:34:00,282.89,,United Kingdom
531960,POST,POSTAGE,5,2010-11-10 12:21:00,15.0,12876.0,Belgium
532015,POST,POSTAGE,1,2010-11-10 12:52:00,4.95,,United Kingdom
532019,POST,POSTAGE,3,2010-11-10 13:08:00,18.0,12662.0,Germany
532026,POST,POSTAGE,2,2010-11-10 13:19:00,40.0,12422.0,Switzerland
532034,M,Manual,1,2010-11-10 13:31:00,2.0,15001.0,United Kingdom
532063,DOT,DOTCOM POSTAGE,1,2010-11-10 14:48:00,250.02,,United Kingdom
532088,POST,POSTAGE,2,2010-11-10 15:34:00,18.0,12583.0,France
532139,DOT,DOTCOM POSTAGE,1,2010-11-11 11:18:00,359.35,,United Kingdom
C532203,BANK CHARGES,Bank Charges,-1,2010-11-11 12:31:00,15.0,,United Kingdom
532233,M,Manual,2,2010-11-11 12:40:00,0.49,13719.0,United Kingdom
532301,POST,POSTAGE,1,2010-11-11 14:04:00,4.95,16827.0,United Kingdom
532305,POST,POSTAGE,18,2010-11-11 14:23:00,18.0,12356.0,Portugal
532317,POST,POSTAGE,5,2010-11-11 14:57:00,15.0,12803.0,Netherlands
532345,POST,POSTAGE,1,2010-11-11 16:09:00,4.5,,United Kingdom
C532379,M,Manual,-1,2010-11-11 18:11:00,27.96,,United Kingdom
532419,DOT,DOTCOM POSTAGE,1,2010-11-12 09:18:00,426.92,,United Kingdom
532423,POST,POSTAGE,1,2010-11-12 09:50:00,15.0,12402.0,Belgium
532428,POST,POSTAGE,1,2010-11-12 10:13:00,18.0,12600.0,Germany
532436,POST,POSTAGE,1,2010-11-12 10:53:00,15.0,12791.0,Netherlands
532470,POST,POSTAGE,5,2010-11-12 11:41:00,18.0,12647.0,Germany
532486,POST,POSTAGE,2,2010-11-12 11:45:00,18.0,12474.0,Germany
532608,POST,POSTAGE,1,2010-11-12 15:07:00,0.5,,United Kingdom
532614,DOT,DOTCOM POSTAGE,1,2010-11-12 15:21:00,97.91,,United Kingdom
532615,DOT,DOTCOM POSTAGE,1,2010-11-12 15:21:00,54.98,,United Kingdom
532616,DOT,DOTCOM POSTAGE,1,2010-11-12 15:22:00,118.72,,United Kingdom
532617,DOT,DOTCOM POSTAGE,1,2010-11-12 15:23:00,141.96,,United Kingdom
532618,DOT,DOTCOM POSTAGE,1,2010-11-12 15:23:00,114.26,,United Kingdom
532636,POST,POSTAGE,3,2010-11-12 15:46:00,18.0,12635.0,Germany
532637,BANK CHARGES,Bank Charges,1,2010-11-12 16:18:00,15.0,13174.0,United Kingdom
532642,DOT,DOTCOM POSTAGE,1,2010-11-12 17:00:00,397.15,,United Kingdom
532795,POST,POSTAGE,1,2010-11-14 14:32:00,28.0,12591.0,Italy
532826,DOT,DOTCOM POSTAGE,1,2010-11-15 09:32:00,437.67,,United Kingdom
532952,POST,POSTAGE,1,2010-11-15 12:15:00,40.0,12376.0,Switzerland
532953,DOT,DOTCOM POSTAGE,1,2010-11-15 12:17:00,465.22,,United Kingdom
532975,POST,POSTAGE,14,2010-11-15 13:24:00,18.0,12471.0,Germany
533065,DOT,DOTCOM POSTAGE,1,2010-11-15 17:04:00,329.72,,United Kingdom
533078,POST,POSTAGE,5,2010-11-16 09:08:00,18.0,12524.0,Germany
533104,POST,POSTAGE,2,2010-11-16 11:38:00,18.0,12616.0,France
C533117,M,Manual,-1,2010-11-16 12:30:00,12.75,14299.0,United Kingdom
533140,M,Manual,5,2010-11-16 13:04:00,0.55,15968.0,United Kingdom
533143,POST,POSTAGE,6,2010-11-16 13:28:00,28.0,12766.0,Portugal
533144,POST,POSTAGE,2,2010-11-16 13:33:00,18.0,12567.0,France
C533151,POST,POSTAGE,-1,2010-11-16 13:53:00,5.0,13597.0,United Kingdom
533162,POST,POSTAGE,1,2010-11-16 14:29:00,850.0,12357.0,Switzerland
533266,POST,POSTAGE,1,2010-11-16 15:14:00,15.0,12775.0,Netherlands
533301,M,Manual,48,2010-11-16 16:46:00,1.95,15811.0,United Kingdom
533315,POST,POSTAGE,2,2010-11-16 17:17:00,18.0,12613.0,Germany
C533317,M,Manual,-1,2010-11-16 17:22:00,24.0,13027.0,United Kingdom
533336,POST,POSTAGE,9,2010-11-16 18:10:00,18.0,12714.0,France
533338,DOT,DOTCOM POSTAGE,1,2010-11-16 18:18:00,419.46,,United Kingdom
533344,POST,POSTAGE,1,2010-11-17 07:57:00,20.0,,United Kingdom
533348,DOT,DOTCOM POSTAGE,1,2010-11-17 09:23:00,456.1,,United Kingdom
533360,DOT,DOTCOM POSTAGE,1,2010-11-17 10:08:00,109.4,,United Kingdom
533363,DOT,DOTCOM POSTAGE,1,2010-11-17 10:11:00,115.83,,United Kingdom
533364,DOT,DOTCOM POSTAGE,1,2010-11-17 10:12:00,138.77,,United Kingdom
533444,POST,POSTAGE,4,2010-11-17 11:33:00,15.0,12423.0,Belgium
533548,POST,POSTAGE,2,2010-11-17 16:59:00,18.0,12726.0,France
533551,M,Manual,1,2010-11-17 17:08:00,0.85,17576.0,United Kingdom
533555,POST,POSTAGE,2,2010-11-18 07:59:00,18.0,12709.0,Germany
533580,M,Manual,1,2010-11-18 11:28:00,0.5,17238.0,United Kingdom
533594,M,Manual,3,2010-11-18 12:14:00,0.42,17776.0,United Kingdom
533596,POST,POSTAGE,2,2010-11-18 12:19:00,15.0,14646.0,Netherlands
533737,DOT,DOTCOM POSTAGE,1,2010-11-18 13:55:00,385.58,,United Kingdom
533740,DOT,DOTCOM POSTAGE,1,2010-11-18 14:07:00,312.26,,United Kingdom
533763,POST,POSTAGE,4,2010-11-18 14:55:00,18.0,12621.0,Germany
533799,POST,POSTAGE,3,2010-11-18 19:14:00,18.0,12759.0,Netherlands
C533801,POST,POSTAGE,-1,2010-11-18 19:29:00,7.05,,United Kingdom
533815,POST,POSTAGE,1,2010-11-19 08:53:00,15.0,12399.0,Belgium
533818,POST,POSTAGE,6,2010-11-19 09:18:00,40.0,12629.0,Sweden
533821,POST,POSTAGE,6,2010-11-19 09:35:00,18.0,12562.0,France
533822,POST,POSTAGE,8,2010-11-19 09:40:00,18.0,12647.0,Germany
533824,POST,POSTAGE,1,2010-11-19 09:42:00,15.0,12739.0,United Arab Emirates
533824,M,Manual,1,2010-11-19 09:42:00,253.0,12739.0,United Arab Emirates
533825,POST,POSTAGE,2,2010-11-19 10:00:00,17.0,12605.0,Germany
533826,POST,POSTAGE,1,2010-11-19 10:04:00,28.0,12419.0,Spain
533827,POST,POSTAGE,3,2010-11-19 10:05:00,18.0,12670.0,France
533949,POST,POSTAGE,2,2010-11-19 12:18:00,18.0,12553.0,France
533952,POST,POSTAGE,1,2010-11-19 12:42:00,165.0,12643.0,France
533957,M,Manual,1,2010-11-19 12:51:00,1.25,16885.0,United Kingdom
533964,DOT,DOTCOM POSTAGE,1,2010-11-19 13:05:00,120.21,,United Kingdom
533965,M,Manual,1,2010-11-19 13:06:00,2.55,,United Kingdom
533965,DOT,DOTCOM POSTAGE,1,2010-11-19 13:06:00,153.62,,United Kingdom
533966,M,Manual,1,2010-11-19 13:07:00,2.55,,United Kingdom
533966,DOT,DOTCOM POSTAGE,1,2010-11-19 13:07:00,180.51,,United Kingdom
533972,POST,POSTAGE,8,2010-11-19 13:21:00,15.0,12408.0,Belgium
533978,POST,POSTAGE,2,2010-11-19 13:35:00,18.0,12583.0,France
534030,POST,POSTAGE,2,2010-11-19 15:13:00,18.0,12721.0,France
534033,POST,POSTAGE,3,2010-11-19 15:23:00,15.0,12874.0,Belgium
534049,POST,POSTAGE,4,2010-11-19 17:21:00,28.0,12578.0,Italy
534068,POST,POSTAGE,2,2010-11-21 11:34:00,18.0,12728.0,France
534164,M,Manual,5,2010-11-21 13:13:00,0.1,16241.0,United Kingdom
534164,M,Manual,3,2010-11-21 13:13:00,0.85,16241.0,United Kingdom
534169,POST,POSTAGE,2,2010-11-21 13:26:00,18.0,12724.0,France
534183,POST,POSTAGE,2,2010-11-21 13:58:00,18.0,12705.0,Germany
534184,POST,POSTAGE,2,2010-11-21 13:59:00,18.0,12705.0,Germany
534188,M,Manual,24,2010-11-21 14:13:00,0.3,17085.0,United Kingdom
534190,POST,POSTAGE,2,2010-11-21 14:21:00,40.0,12807.0,Sweden
534216,M,Manual,1,2010-11-21 16:08:00,1.5,14606.0,United Kingdom
C534226,POST,POSTAGE,-1,2010-11-22 09:16:00,40.0,12807.0,Sweden
534289,DOT,DOTCOM POSTAGE,1,2010-11-22 11:25:00,444.84,,United Kingdom
534319,DOT,DOTCOM POSTAGE,1,2010-11-22 11:37:00,368.16,,United Kingdom
534364,POST,POSTAGE,7,2010-11-22 11:58:00,18.0,12681.0,France
534381,POST,POSTAGE,2,2010-11-22 12:39:00,15.0,14646.0,Netherlands
534387,POST,POSTAGE,3,2010-11-22 12:57:00,18.0,12649.0,Germany
534388,M,Manual,1,2010-11-22 12:59:00,2.95,14994.0,United Kingdom
534389,DOT,DOTCOM POSTAGE,1,2010-11-22 13:02:00,313.43,,United Kingdom
534392,POST,POSTAGE,3,2010-11-22 13:09:00,18.0,12633.0,Germany
534459,DOT,DOTCOM POSTAGE,1,2010-11-23 09:12:00,385.48,,United Kingdom
534499,M,Manual,1,2010-11-23 11:12:00,0.85,17372.0,United Kingdom
534500,M,Manual,144,2010-11-23 11:13:00,0.42,17290.0,United Kingdom
534515,M,Manual,1,2010-11-23 11:56:00,100.0,17570.0,United Kingdom
534569,POST,POSTAGE,2,2010-11-23 12:27:00,15.0,12805.0,Netherlands
C534666,M,Manual,-1,2010-11-23 13:54:00,100.0,17570.0,United Kingdom
534696,POST,POSTAGE,1,2010-11-23 15:49:00,18.0,12599.0,France
534703,POST,POSTAGE,1,2010-11-23 16:18:00,18.0,12662.0,Germany
534709,DOT,DOTCOM POSTAGE,1,2010-11-23 16:53:00,504.21,,United Kingdom
534738,POST,POSTAGE,2,2010-11-23 19:24:00,40.0,12377.0,Switzerland
534751,DOT,DOTCOM POSTAGE,1,2010-11-24 09:55:00,153.57,,United Kingdom
534752,DOT,DOTCOM POSTAGE,1,2010-11-24 09:55:00,172.81,,United Kingdom
534754,M,Manual,1,2010-11-24 10:02:00,2.55,,United Kingdom
534754,DOT,DOTCOM POSTAGE,1,2010-11-24 10:02:00,172.26,,United Kingdom
534755,DOT,DOTCOM POSTAGE,1,2010-11-24 10:03:00,129.45,,United Kingdom
534756,DOT,DOTCOM POSTAGE,1,2010-11-24 10:03:00,216.89,,United Kingdom
534812,M,Manual,6,2010-11-24 12:43:00,1.25,14458.0,United Kingdom
534812,M,Manual,2,2010-11-24 12:43:00,0.65,14458.0,United Kingdom
534859,DOT,DOTCOM POSTAGE,1,2010-11-24 13:56:00,518.79,,United Kingdom
534870,M,Manual,1,2010-11-24 14:29:00,0.42,17601.0,United Kingdom
C534945,POST,POSTAGE,-1,2010-11-24 15:29:00,1.17,17677.0,United Kingdom
535102,M,Manual,60,2010-11-25 11:00:00,0.21,17996.0,United Kingdom
535105,POST,POSTAGE,3,2010-11-25 11:04:00,40.0,12360.0,Austria
535321,POST,POSTAGE,18,2010-11-25 15:14:00,15.0,12385.0,Belgium
535322,DOT,DOTCOM POSTAGE,1,2010-11-25 15:19:00,479.32,,United Kingdom
C535323,POST,POSTAGE,-1,2010-11-25 15:19:00,15.0,12385.0,Belgium
535335,POST,POSTAGE,1,2010-11-25 16:12:00,15.0,,United Kingdom
535388,POST,POSTAGE,1,2010-11-26 09:49:00,28.0,12811.0,Portugal
535389,POST,POSTAGE,3,2010-11-26 09:51:00,18.0,12681.0,France
535396,POST,POSTAGE,3,2010-11-26 10:43:00,28.0,12540.0,Spain
535407,DOT,DOTCOM POSTAGE,1,2010-11-26 11:20:00,390.01,,United Kingdom
535419,POST,POSTAGE,9,2010-11-26 11:48:00,18.0,12668.0,Germany
535431,POST,POSTAGE,2,2010-11-26 12:19:00,18.0,12474.0,Germany
535433,POST,POSTAGE,1,2010-11-26 12:35:00,40.0,12483.0,Sweden
535474,BANK CHARGES,Bank Charges,1,2010-11-26 13:56:00,15.0,16928.0,United Kingdom
535476,POST,POSTAGE,3,2010-11-26 14:16:00,18.0,12490.0,France
535485,DOT,DOTCOM POSTAGE,1,2010-11-26 14:40:00,179.49,,United Kingdom
535487,DOT,DOTCOM POSTAGE,1,2010-11-26 14:41:00,241.19,,United Kingdom
535645,M,Manual,1,2010-11-28 10:41:00,2.5,15860.0,United Kingdom
535665,M,Manual,6,2010-11-28 11:49:00,0.2,17085.0,United Kingdom
535666,POST,POSTAGE,7,2010-11-28 11:52:00,18.0,12621.0,Germany
535789,POST,POSTAGE,2,2010-11-28 14:18:00,18.0,12605.0,Germany
535794,POST,POSTAGE,4,2010-11-28 14:33:00,18.0,12481.0,Germany
535799,M,Manual,6,2010-11-28 14:49:00,32.0,16720.0,United Kingdom
C535800,M,Manual,-6,2010-11-28 14:54:00,32.0,16720.0,United Kingdom
535810,M,Manual,1,2010-11-28 15:14:00,0.42,16893.0,United Kingdom
535835,DOT,DOTCOM POSTAGE,1,2010-11-29 09:46:00,525.96,,United Kingdom
535837,POST,POSTAGE,1,2010-11-29 10:02:00,18.0,12600.0,Germany
535879,POST,POSTAGE,5,2010-11-29 10:56:00,40.0,12358.0,Austria
535948,DOT,DOTCOM POSTAGE,1,2010-11-29 12:00:00,183.32,,United Kingdom
535952,DOT,DOTCOM POSTAGE,1,2010-11-29 12:06:00,219.66,,United Kingdom
535951,DOT,DOTCOM POSTAGE,1,2010-11-29 12:06:00,194.17,,United Kingdom
535961,M,Manual,1,2010-11-29 12:36:00,0.85,18034.0,United Kingdom
535996,M,Manual,2,2010-11-29 13:53:00,0.65,17912.0,United Kingdom
535996,M,Manual,3,2010-11-29 13:53:00,0.55,17912.0,United Kingdom
536031,DOT,DOTCOM POSTAGE,1,2010-11-29 16:45:00,630.48,,United Kingdom
536075,POST,POSTAGE,2,2010-11-30 11:05:00,18.0,12734.0,France
536112,POST,POSTAGE,2,2010-11-30 11:37:00,28.0,12782.0,Portugal
536162,M,Manual,8,2010-11-30 12:07:00,1.45,15939.0,United Kingdom
536162,M,Manual,7,2010-11-30 12:07:00,1.45,15939.0,United Kingdom
536162,M,Manual,9,2010-11-30 12:07:00,1.25,15939.0,United Kingdom
536162,M,Manual,2,2010-11-30 12:07:00,1.25,15939.0,United Kingdom
536162,M,Manual,4,2010-11-30 12:07:00,0.72,15939.0,United Kingdom
536162,M,Manual,1,2010-11-30 12:07:00,0.72,15939.0,United Kingdom
536162,M,Manual,1,2010-11-30 12:07:00,1.45,15939.0,United Kingdom
C536164,M,Manual,-1,2010-11-30 12:09:00,1.45,15369.0,United Kingdom
C536164,M,Manual,-5,2010-11-30 12:09:00,0.72,15369.0,United Kingdom
C536164,M,Manual,-11,2010-11-30 12:09:00,1.25,15369.0,United Kingdom
C536164,M,Manual,-15,2010-11-30 12:09:00,1.45,15369.0,United Kingdom
536226,M,Manual,1,2010-11-30 14:07:00,0.85,14605.0,United Kingdom
536239,POST,POSTAGE,14,2010-11-30 14:30:00,18.0,12471.0,Germany
536248,POST,POSTAGE,3,2010-11-30 14:48:00,18.0,12609.0,Germany
536272,M,Manual,31,2010-11-30 16:01:00,0.21,15867.0,United Kingdom
536370,POST,POSTAGE,3,2010-12-01 08:45:00,18.0,12583.0,France
536403,POST,POSTAGE,1,2010-12-01 11:27:00,15.0,12791.0,Netherlands
536527,POST,POSTAGE,1,2010-12-01 13:04:00,18.0,12662.0,Germany
536544,DOT,DOTCOM POSTAGE,1,2010-12-01 14:32:00,569.77,,United Kingdom
536569,M,Manual,1,2010-12-01 15:35:00,1.25,16274.0,United Kingdom
536569,M,Manual,1,2010-12-01 15:35:00,18.95,16274.0,United Kingdom
536592,DOT,DOTCOM POSTAGE,1,2010-12-01 17:06:00,607.49,,United Kingdom
536779,BANK CHARGES,Bank Charges,1,2010-12-02 15:08:00,15.0,15823.0,United Kingdom
536840,POST,POSTAGE,1,2010-12-02 18:27:00,18.0,12738.0,Germany
536852,POST,POSTAGE,1,2010-12-03 09:51:00,18.0,12686.0,France
536858,POST,POSTAGE,2,2010-12-03 10:36:00,40.0,13520.0,Switzerland
536861,POST,POSTAGE,3,2010-12-03 10:44:00,18.0,12427.0,Germany
536862,DOT,DOTCOM POSTAGE,1,2010-12-03 11:13:00,254.43,,United Kingdom
536864,DOT,DOTCOM POSTAGE,1,2010-12-03 11:27:00,121.06,,United Kingdom
536865,M,Manual,1,2010-12-03 11:28:00,2.55,,United Kingdom
536865,DOT,DOTCOM POSTAGE,1,2010-12-03 11:28:00,498.47,,United Kingdom
536876,DOT,DOTCOM POSTAGE,1,2010-12-03 11:36:00,887.52,,United Kingdom
536967,POST,POSTAGE,1,2010-12-03 12:57:00,18.0,12600.0,Germany
536974,POST,POSTAGE,2,2010-12-03 13:59:00,18.0,12682.0,France
536981,M,Manual,2,2010-12-03 14:26:00,0.85,14723.0,United Kingdom
536983,POST,POSTAGE,1,2010-12-03 14:30:00,18.0,12712.0,Germany
536990,POST,POSTAGE,1,2010-12-03 15:14:00,28.0,12793.0,Portugal
537022,POST,POSTAGE,2,2010-12-03 15:45:00,28.0,12725.0,Italy
537026,POST,POSTAGE,2,2010-12-03 16:35:00,18.0,12395.0,Belgium
537065,POST,POSTAGE,9,2010-12-05 11:57:00,18.0,12567.0,France
537077,M,Manual,12,2010-12-05 11:59:00,0.42,17062.0,United Kingdom
537137,M,Manual,36,2010-12-05 12:43:00,0.85,16327.0,United Kingdom
537140,M,Manual,1,2010-12-05 12:53:00,0.42,12748.0,United Kingdom
537140,M,Manual,1,2010-12-05 12:53:00,0.85,12748.0,United Kingdom
537197,POST,POSTAGE,3,2010-12-05 14:02:00,18.0,12647.0,Germany
537198,POST,POSTAGE,1,2010-12-05 14:03:00,18.0,12647.0,Germany
537199,M,Manual,1,2010-12-05 14:06:00,0.65,15894.0,United Kingdom
537201,POST,POSTAGE,6,2010-12-05 14:19:00,18.0,12472.0,Germany
537208,M,Manual,4,2010-12-05 15:12:00,0.85,15889.0,United Kingdom
537212,POST,POSTAGE,4,2010-12-05 15:21:00,18.0,12720.0,Germany
537225,M,Manual,1,2010-12-05 16:41:00,1.0,12748.0,United Kingdom
537237,DOT,DOTCOM POSTAGE,1,2010-12-06 09:58:00,863.74,,United Kingdom
537240,DOT,DOTCOM POSTAGE,1,2010-12-06 10:08:00,940.87,,United Kingdom
537246,POST,POSTAGE,1,2010-12-06 10:27:00,28.0,12808.0,Portugal
537250,POST,POSTAGE,1,2010-12-06 10:43:00,18.0,12708.0,Germany
537377,M,Manual,12,2010-12-06 13:01:00,0.19,15882.0,United Kingdom
537392,M,Manual,5,2010-12-06 13:58:00,1.25,17068.0,United Kingdom
537396,M,Manual,1,2010-12-06 14:08:00,35.0,17223.0,United Kingdom
C537414,POST,POSTAGE,-1,2010-12-06 15:09:00,4.41,16861.0,United Kingdom
537434,DOT,DOTCOM POSTAGE,1,2010-12-06 16:57:00,950.99,,United Kingdom
537435,M,Manual,2,2010-12-06 16:58:00,5.95,17920.0,United Kingdom
537463,POST,POSTAGE,4,2010-12-07 10:08:00,18.0,12681.0,France
537468,POST,POSTAGE,3,2010-12-07 10:36:00,18.0,12567.0,France
537534,M,Manual,1,2010-12-07 11:48:00,924.59,,United Kingdom
C537572,BANK CHARGES,Bank Charges,-1,2010-12-07 12:00:00,95.38,,United Kingdom
537594,POST,POSTAGE,5,2010-12-07 12:28:00,18.0,12647.0,Germany
C537610,M,Manual,-1,2010-12-07 13:23:00,631.31,,United Kingdom
C537613,M,Manual,-1,2010-12-07 13:28:00,313.78,,United Kingdom
537638,DOT,DOTCOM POSTAGE,1,2010-12-07 15:28:00,836.14,,United Kingdom
537641,DOT,DOTCOM POSTAGE,1,2010-12-07 15:32:00,229.74,,United Kingdom
537642,DOT,DOTCOM POSTAGE,1,2010-12-07 15:33:00,448.0,,United Kingdom
537643,DOT,DOTCOM POSTAGE,1,2010-12-07 15:34:00,593.15,,United Kingdom
537645,DOT,DOTCOM POSTAGE,1,2010-12-07 15:34:00,607.96,,United Kingdom
537666,DOT,DOTCOM POSTAGE,1,2010-12-07 18:36:00,701.95,,United Kingdom
537673,POST,POSTAGE,7,2010-12-08 09:49:00,18.0,12709.0,Germany
537693,POST,POSTAGE,1,2010-12-08 10:45:00,18.0,12441.0,France
537800,M,Manual,12,2010-12-08 13:08:00,0.19,12748.0,United Kingdom
537804,M,Manual,12,2010-12-08 13:17:00,2.95,12748.0,United Kingdom
537804,M,Manual,12,2010-12-08 13:17:00,0.19,12748.0,United Kingdom
537818,POST,POSTAGE,6,2010-12-08 13:53:00,28.0,12766.0,Portugal
537823,DOT,DOTCOM POSTAGE,1,2010-12-08 14:25:00,729.42,,United Kingdom
537892,POST,POSTAGE,1,2010-12-09 10:13:00,18.0,12481.0,Germany
537894,POST,POSTAGE,2,2010-12-09 10:16:00,18.0,12621.0,Germany
537897,POST,POSTAGE,1,2010-12-09 10:37:00,18.0,12683.0,France
537915,POST,POSTAGE,1,2010-12-09 10:55:00,28.0,12797.0,Portugal
537967,POST,POSTAGE,1,2010-12-09 11:31:00,18.0,12494.0,France
537995,POST,POSTAGE,2,2010-12-09 11:39:00,18.0,12712.0,Germany
538003,POST,POSTAGE,8,2010-12-09 12:05:00,18.0,12429.0,Denmark
538008,POST,POSTAGE,5,2010-12-09 12:17:00,18.0,12683.0,France
538071,DOT,DOTCOM POSTAGE,1,2010-12-09 14:09:00,885.94,,United Kingdom
538093,POST,POSTAGE,5,2010-12-09 14:49:00,18.0,12682.0,France
C538124,M,Manual,-4,2010-12-09 15:43:00,0.5,15329.0,United Kingdom
538147,M,Manual,1,2010-12-09 16:11:00,15.0,13090.0,United Kingdom
538148,DOT,DOTCOM POSTAGE,1,2010-12-09 16:26:00,547.32,,United Kingdom
538149,DOT,DOTCOM POSTAGE,1,2010-12-09 16:27:00,620.68,,United Kingdom
538153,DOT,DOTCOM POSTAGE,1,2010-12-09 16:31:00,822.94,,United Kingdom
538154,DOT,DOTCOM POSTAGE,1,2010-12-09 16:35:00,85.79,,United Kingdom
536370,POST,POSTAGE,3,2010-12-01 08:45:00,18.0,12583.0,France
536403,POST,POSTAGE,1,2010-12-01 11:27:00,15.0,12791.0,Netherlands
536527,POST,POSTAGE,1,2010-12-01 13:04:00,18.0,12662.0,Germany
536544,DOT,DOTCOM POSTAGE,1,2010-12-01 14:32:00,569.77,,United Kingdom
536569,M,Manual,1,2010-12-01 15:35:00,1.25,16274.0,United Kingdom
536569,M,Manual,1,2010-12-01 15:35:00,18.95,16274.0,United Kingdom
536592,DOT,DOTCOM POSTAGE,1,2010-12-01 17:06:00,607.49,,United Kingdom
536779,BANK CHARGES,Bank Charges,1,2010-12-02 15:08:00,15.0,15823.0,United Kingdom
536840,POST,POSTAGE,1,2010-12-02 18:27:00,18.0,12738.0,Germany
536852,POST,POSTAGE,1,2010-12-03 09:51:00,18.0,12686.0,France
536858,POST,POSTAGE,2,2010-12-03 10:36:00,40.0,13520.0,Switzerland
536861,POST,POSTAGE,3,2010-12-03 10:44:00,18.0,12427.0,Germany
536862,DOT,DOTCOM POSTAGE,1,2010-12-03 11:13:00,254.43,,United Kingdom
536864,DOT,DOTCOM POSTAGE,1,2010-12-03 11:27:00,121.06,,United Kingdom
536865,M,Manual,1,2010-12-03 11:28:00,2.55,,United Kingdom
536865,DOT,DOTCOM POSTAGE,1,2010-12-03 11:28:00,498.47,,United Kingdom
536876,DOT,DOTCOM POSTAGE,1,2010-12-03 11:36:00,887.52,,United Kingdom
536967,POST,POSTAGE,1,2010-12-03 12:57:00,18.0,12600.0,Germany
536974,POST,POSTAGE,2,2010-12-03 13:59:00,18.0,12682.0,France
536981,M,Manual,2,2010-12-03 14:26:00,0.85,14723.0,United Kingdom
536983,POST,POSTAGE,1,2010-12-03 14:30:00,18.0,12712.0,Germany
536990,POST,POSTAGE,1,2010-12-03 15:14:00,28.0,12793.0,Portugal
537022,POST,POSTAGE,2,2010-12-03 15:45:00,28.0,12725.0,Italy
537026,POST,POSTAGE,2,2010-12-03 16:35:00,18.0,12395.0,Belgium
537065,POST,POSTAGE,9,2010-12-05 11:57:00,18.0,12567.0,France
537077,M,Manual,12,2010-12-05 11:59:00,0.42,17062.0,United Kingdom
537137,M,Manual,36,2010-12-05 12:43:00,0.85,16327.0,United Kingdom
537140,M,Manual,1,2010-12-05 12:53:00,0.42,12748.0,United Kingdom
537140,M,Manual,1,2010-12-05 12:53:00,0.85,12748.0,United Kingdom
537197,POST,POSTAGE,3,2010-12-05 14:02:00,18.0,12647.0,Germany
537198,POST,POSTAGE,1,2010-12-05 14:03:00,18.0,12647.0,Germany
537199,M,Manual,1,2010-12-05 14:06:00,0.65,15894.0,United Kingdom
537201,POST,POSTAGE,6,2010-12-05 14:19:00,18.0,12472.0,Germany
537208,M,Manual,4,2010-12-05 15:12:00,0.85,15889.0,United Kingdom
537212,POST,POSTAGE,4,2010-12-05 15:21:00,18.0,12720.0,Germany
537225,M,Manual,1,2010-12-05 16:41:00,1.0,12748.0,United Kingdom
537237,DOT,DOTCOM POSTAGE,1,2010-12-06 09:58:00,863.74,,United Kingdom
537240,DOT,DOTCOM POSTAGE,1,2010-12-06 10:08:00,940.87,,United Kingdom
537246,POST,POSTAGE,1,2010-12-06 10:27:00,28.0,12808.0,Portugal
537250,POST,POSTAGE,1,2010-12-06 10:43:00,18.0,12708.0,Germany
537377,M,Manual,12,2010-12-06 13:01:00,0.19,15882.0,United Kingdom
537392,M,Manual,5,2010-12-06 13:58:00,1.25,17068.0,United Kingdom
537396,M,Manual,1,2010-12-06 14:08:00,35.0,17223.0,United Kingdom
C537414,POST,POSTAGE,-1,2010-12-06 15:09:00,4.41,16861.0,United Kingdom
537434,DOT,DOTCOM POSTAGE,1,2010-12-06 16:57:00,950.99,,United Kingdom
537435,M,Manual,2,2010-12-06 16:58:00,5.95,17920.0,United Kingdom
537463,POST,POSTAGE,4,2010-12-07 10:08:00,18.0,12681.0,France
537468,POST,POSTAGE,3,2010-12-07 10:36:00,18.0,12567.0,France
537534,M,Manual,1,2010-12-07 11:48:00,924.59,,United Kingdom
C537572,BANK CHARGES,Bank Charges,-1,2010-12-07 12:00:00,95.38,,United Kingdom
537594,POST,POSTAGE,5,2010-12-07 12:28:00,18.0,12647.0,Germany
C537610,M,Manual,-1,2010-12-07 13:23:00,631.31,,United Kingdom
C537613,M,Manual,-1,2010-12-07 13:28:00,313.78,,United Kingdom
537638,DOT,DOTCOM POSTAGE,1,2010-12-07 15:28:00,836.14,,United Kingdom
537641,DOT,DOTCOM POSTAGE,1,2010-12-07 15:32:00,229.74,,United Kingdom
537642,DOT,DOTCOM POSTAGE,1,2010-12-07 15:33:00,448.0,,United Kingdom
537643,DOT,DOTCOM POSTAGE,1,2010-12-07 15:34:00,593.15,,United Kingdom
537645,DOT,DOTCOM POSTAGE,1,2010-12-07 15:34:00,607.96,,United Kingdom
537666,DOT,DOTCOM POSTAGE,1,2010-12-07 18:36:00,701.95,,United Kingdom
537673,POST,POSTAGE,7,2010-12-08 09:49:00,18.0,12709.0,Germany
537693,POST,POSTAGE,1,2010-12-08 10:45:00,18.0,12441.0,France
537800,M,Manual,12,2010-12-08 13:08:00,0.19,12748.0,United Kingdom
537804,M,Manual,12,2010-12-08 13:17:00,2.95,12748.0,United Kingdom
537804,M,Manual,12,2010-12-08 13:17:00,0.19,12748.0,United Kingdom
537818,POST,POSTAGE,6,2010-12-08 13:53:00,28.0,12766.0,Portugal
537823,DOT,DOTCOM POSTAGE,1,2010-12-08 14:25:00,729.42,,United Kingdom
537892,POST,POSTAGE,1,2010-12-09 10:13:00,18.0,12481.0,Germany
537894,POST,POSTAGE,2,2010-12-09 10:16:00,18.0,12621.0,Germany
537897,POST,POSTAGE,1,2010-12-09 10:37:00,18.0,12683.0,France
537915,POST,POSTAGE,1,2010-12-09 10:55:00,28.0,12797.0,Portugal
537967,POST,POSTAGE,1,2010-12-09 11:31:00,18.0,12494.0,France
537995,POST,POSTAGE,2,2010-12-09 11:39:00,18.0,12712.0,Germany
538003,POST,POSTAGE,8,2010-12-09 12:05:00,18.0,12429.0,Denmark
538008,POST,POSTAGE,5,2010-12-09 12:17:00,18.0,12683.0,France
538071,DOT,DOTCOM POSTAGE,1,2010-12-09 14:09:00,885.94,,United Kingdom
538093,POST,POSTAGE,5,2010-12-09 14:49:00,18.0,12682.0,France
C538124,M,Manual,-4,2010-12-09 15:43:00,0.5,15329.0,United Kingdom
538147,M,Manual,1,2010-12-09 16:11:00,15.0,13090.0,United Kingdom
538148,DOT,DOTCOM POSTAGE,1,2010-12-09 16:26:00,547.32,,United Kingdom
538149,DOT,DOTCOM POSTAGE,1,2010-12-09 16:27:00,620.68,,United Kingdom
538153,DOT,DOTCOM POSTAGE,1,2010-12-09 16:31:00,822.94,,United Kingdom
538154,DOT,DOTCOM POSTAGE,1,2010-12-09 16:35:00,85.79,,United Kingdom
538175,POST,POSTAGE,21,2010-12-10 09:48:00,18.0,12471.0,Germany
538177,DOT,DOTCOM POSTAGE,1,2010-12-10 09:51:00,847.42,,United Kingdom
C538189,M,Manual,-1,2010-12-10 10:35:00,133.08,,United Kingdom
538196,POST,POSTAGE,8,2010-12-10 10:56:00,18.0,12731.0,France
538311,POST,POSTAGE,2,2010-12-10 13:48:00,28.0,12785.0,Portugal
538349,DOT,DOTCOM POSTAGE,1,2010-12-10 14:59:00,907.47,,United Kingdom
538524,DOT,DOTCOM POSTAGE,1,2010-12-13 09:35:00,641.86,,United Kingdom
538525,POST,POSTAGE,5,2010-12-13 09:39:00,28.0,12540.0,Spain
538566,DOT,DOTCOM POSTAGE,1,2010-12-13 11:21:00,584.59,,United Kingdom
538597,M,Manual,1,2010-12-13 12:26:00,1.25,15555.0,United Kingdom
C538680,BANK CHARGES,Bank Charges,-1,2010-12-13 17:10:00,966.92,,United Kingdom
C538681,M,Manual,-1,2010-12-13 17:12:00,316.3,,United Kingdom
C538682,M,Manual,-1,2010-12-13 17:14:00,1130.9,,United Kingdom
538685,POST,POSTAGE,1,2010-12-14 09:39:00,15.0,15694.0,United Kingdom
538707,M,Manual,2,2010-12-14 10:38:00,0.21,17894.0,United Kingdom
C538806,M,Manual,-1,2010-12-14 11:59:00,4.25,15181.0,United Kingdom
538807,M,Manual,4,2010-12-14 12:06:00,0.21,17194.0,United Kingdom
538807,M,Manual,1,2010-12-14 12:06:00,20.0,17194.0,United Kingdom
538807,M,Manual,1,2010-12-14 12:06:00,5.0,17194.0,United Kingdom
538880,DOT,DOTCOM POSTAGE,1,2010-12-14 15:52:00,113.45,,United Kingdom
538881,DOT,DOTCOM POSTAGE,1,2010-12-14 15:54:00,198.17,,United Kingdom
538883,DOT,DOTCOM POSTAGE,1,2010-12-14 15:56:00,340.72,,United Kingdom
538884,DOT,DOTCOM POSTAGE,1,2010-12-14 15:56:00,146.85,,United Kingdom
539014,M,Manual,48,2010-12-15 13:37:00,0.32,17692.0,United Kingdom
539056,M,Manual,1,2010-12-15 16:38:00,1.45,16725.0,United Kingdom
C539063,POST,POSTAGE,-1,2010-12-15 16:50:00,12.34,15107.0,United Kingdom
C539073,POST,POSTAGE,-1,2010-12-15 17:08:00,3.5,12971.0,United Kingdom
539317,M,Manual,2,2010-12-16 19:04:00,3.0,17392.0,United Kingdom
539318,POST,POSTAGE,6,2010-12-16 19:09:00,40.0,12348.0,Finland
539327,POST,POSTAGE,1,2010-12-17 09:24:00,18.0,12600.0,Germany
539330,POST,POSTAGE,3,2010-12-17 09:38:00,40.0,12370.0,Austria
539353,POST,POSTAGE,3,2010-12-17 11:30:00,28.0,12782.0,Portugal
539391,POST,POSTAGE,2,2010-12-17 11:51:00,15.0,12417.0,Belgium
539395,POST,POSTAGE,11,2010-12-17 11:52:00,18.0,12471.0,Germany
539403,POST,POSTAGE,2,2010-12-17 12:21:00,18.0,12647.0,Germany
539405,POST,POSTAGE,6,2010-12-17 12:38:00,18.0,12621.0,Germany
539407,POST,POSTAGE,1,2010-12-17 12:56:00,18.0,12726.0,France
539408,POST,POSTAGE,3,2010-12-17 12:56:00,18.0,12720.0,Germany
C539409,POST,POSTAGE,-1,2010-12-17 12:58:00,18.0,12720.0,Germany
539434,DOT,DOTCOM POSTAGE,1,2010-12-17 14:41:00,510.79,,United Kingdom
539435,POST,POSTAGE,1,2010-12-17 14:46:00,18.0,12691.0,France
539436,DOT,DOTCOM POSTAGE,1,2010-12-17 14:49:00,565.37,,United Kingdom
539437,DOT,DOTCOM POSTAGE,1,2010-12-17 14:54:00,803.55,,United Kingdom
539446,POST,POSTAGE,9,2010-12-17 15:58:00,18.0,12705.0,Germany
539447,POST,POSTAGE,3,2010-12-17 16:00:00,18.0,12395.0,Belgium
539451,DOT,DOTCOM POSTAGE,1,2010-12-17 16:59:00,662.14,,United Kingdom
539453,DOT,DOTCOM POSTAGE,1,2010-12-17 17:08:00,603.62,,United Kingdom
539457,M,Manual,2,2010-12-17 17:24:00,1.0,,United Kingdom
539466,POST,POSTAGE,4,2010-12-19 12:46:00,18.0,12668.0,Germany
539491,POST,POSTAGE,1,2010-12-20 10:09:00,15.0,14646.0,Netherlands
539492,DOT,DOTCOM POSTAGE,1,2010-12-20 10:14:00,396.81,,United Kingdom
539551,POST,POSTAGE,1,2010-12-20 11:38:00,18.0,12721.0,France
539595,DOT,DOTCOM POSTAGE,1,2010-12-20 13:43:00,350.78,,United Kingdom
539607,POST,POSTAGE,5,2010-12-20 14:10:00,18.0,12681.0,France
539631,DOT,DOTCOM POSTAGE,1,2010-12-20 15:03:00,250.83,,United Kingdom
539636,POST,POSTAGE,6,2010-12-20 15:15:00,18.0,12481.0,Germany
539651,M,Manual,1,2010-12-20 16:19:00,22.0,,United Kingdom
539676,POST,POSTAGE,3,2010-12-21 10:54:00,15.0,12423.0,Belgium
539708,DOT,DOTCOM POSTAGE,1,2010-12-21 12:18:00,182.37,,United Kingdom
C539712,POST,POSTAGE,-1,2010-12-21 12:40:00,5.75,15602.0,United Kingdom
539718,DOT,DOTCOM POSTAGE,1,2010-12-21 13:06:00,112.37,,United Kingdom
539727,POST,POSTAGE,1,2010-12-21 14:26:00,18.0,12678.0,France
539735,DOT,DOTCOM POSTAGE,1,2010-12-21 15:17:00,164.55,,United Kingdom
539736,DOT,DOTCOM POSTAGE,1,2010-12-21 15:18:00,337.23,,United Kingdom
539737,DOT,DOTCOM POSTAGE,1,2010-12-21 15:19:00,514.0,,United Kingdom
539738,DOT,DOTCOM POSTAGE,1,2010-12-21 15:19:00,549.79,,United Kingdom
539739,DOT,DOTCOM POSTAGE,1,2010-12-21 15:19:00,324.43,,United Kingdom
539740,DOT,DOTCOM POSTAGE,1,2010-12-21 15:20:00,311.66,,United Kingdom
539741,DOT,DOTCOM POSTAGE,1,2010-12-21 15:20:00,128.6,,United Kingdom
539742,DOT,DOTCOM POSTAGE,1,2010-12-21 15:20:00,114.34,,United Kingdom
539743,DOT,DOTCOM POSTAGE,1,2010-12-21 15:20:00,103.57,,United Kingdom
539745,DOT,DOTCOM POSTAGE,1,2010-12-21 15:21:00,152.68,,United Kingdom
539744,DOT,DOTCOM POSTAGE,1,2010-12-21 15:21:00,189.57,,United Kingdom
539746,DOT,DOTCOM POSTAGE,1,2010-12-21 15:22:00,50.6,,United Kingdom
539747,DOT,DOTCOM POSTAGE,1,2010-12-21 15:23:00,50.64,,United Kingdom
539748,DOT,DOTCOM POSTAGE,1,2010-12-21 15:23:00,29.53,,United Kingdom
539752,POST,POSTAGE,3,2010-12-21 15:43:00,35.0,12515.0,Italy
539840,POST,POSTAGE,3,2010-12-22 14:28:00,15.0,12383.0,Belgium
539856,M,Manual,1,2010-12-22 14:41:00,1298.4,,United Kingdom
539946,POST,POSTAGE,1,2010-12-23 11:46:00,18.0,13817.0,Germany
539957,POST,POSTAGE,6,2010-12-23 12:58:00,18.0,12585.0,Germany
539958,DOT,DOTCOM POSTAGE,1,2010-12-23 13:26:00,627.47,,United Kingdom
539988,M,Manual,18,2010-12-23 16:06:00,0.2,18116.0,United Kingdom
540021,M,Manual,1,2011-01-04 12:51:00,1.25,17841.0,United Kingdom
540026,DOT,DOTCOM POSTAGE,1,2011-01-04 13:25:00,469.7,,United Kingdom
540040,POST,POSTAGE,5,2011-01-04 14:20:00,40.0,12483.0,Sweden
C540057,POST,POSTAGE,-1,2011-01-04 14:29:00,40.0,12483.0,Sweden
540073,M,Manual,6,2011-01-04 14:47:00,1.65,16814.0,United Kingdom
540116,DOT,DOTCOM POSTAGE,1,2011-01-05 09:54:00,2.51,,United Kingdom
540154,DOT,DOTCOM POSTAGE,1,2011-01-05 11:30:00,192.86,,United Kingdom
540178,POST,POSTAGE,3,2011-01-05 12:42:00,18.0,12681.0,France
540238,DOT,DOTCOM POSTAGE,1,2011-01-05 14:44:00,109.19,,United Kingdom
540239,POST,POSTAGE,4,2011-01-05 14:48:00,18.0,12682.0,France
540242,M,Manual,1,2011-01-05 15:30:00,18.95,15046.0,United Kingdom
540255,DOT,DOTCOM POSTAGE,1,2011-01-05 16:50:00,219.24,,United Kingdom
C540266,M,Manual,-1,2011-01-06 11:05:00,458.29,,United Kingdom
C540266,POST,POSTAGE,-1,2011-01-06 11:05:00,35.09,,United Kingdom
C540271,M,Manual,-1,2011-01-06 11:51:00,1126.0,12503.0,Spain
540278,M,Manual,1,2011-01-06 12:31:00,1.65,15719.0,United Kingdom
C540307,M,Manual,-2,2011-01-06 12:58:00,21.95,15823.0,United Kingdom
540351,POST,POSTAGE,2,2011-01-06 14:26:00,18.0,12735.0,France
540352,DOT,DOTCOM POSTAGE,1,2011-01-06 14:27:00,306.35,,United Kingdom
540365,POST,POSTAGE,3,2011-01-06 16:12:00,18.0,12413.0,France
C540367,POST,POSTAGE,-3,2011-01-06 16:17:00,18.0,12413.0,France
540410,POST,POSTAGE,3,2011-01-07 10:04:00,18.0,12530.0,Germany
540414,POST,POSTAGE,3,2011-01-07 10:32:00,18.0,12481.0,Germany
540418,DOT,DOTCOM POSTAGE,1,2011-01-07 11:04:00,369.95,,United Kingdom
540455,POST,POSTAGE,3,2011-01-07 12:07:00,18.0,12583.0,France
540458,POST,POSTAGE,8,2011-01-07 12:28:00,18.0,12501.0,Germany
540463,POST,POSTAGE,2,2011-01-07 13:13:00,18.0,12489.0,France
540468,DOT,DOTCOM POSTAGE,1,2011-01-07 13:55:00,278.97,,United Kingdom
540469,POST,POSTAGE,4,2011-01-07 14:04:00,28.0,12484.0,Spain
540480,POST,POSTAGE,4,2011-01-07 15:27:00,18.0,12480.0,Germany
540519,POST,POSTAGE,2,2011-01-09 12:12:00,28.0,12793.0,Portugal
540546,POST,POSTAGE,3,2011-01-09 15:56:00,28.0,12766.0,Portugal
540551,DOT,DOTCOM POSTAGE,1,2011-01-10 09:43:00,557.0,,United Kingdom
540553,POST,POSTAGE,1,2011-01-10 09:48:00,18.0,12500.0,Germany
540562,POST,POSTAGE,3,2011-01-10 10:35:00,18.0,12524.0,Germany
540566,M,Manual,1,2011-01-10 10:58:00,6.7,17811.0,United Kingdom
540642,POST,POSTAGE,7,2011-01-10 13:22:00,18.0,12681.0,France
540646,DOT,DOTCOM POSTAGE,1,2011-01-10 14:32:00,262.73,,United Kingdom
540681,DOT,DOTCOM POSTAGE,1,2011-01-10 16:25:00,223.35,,United Kingdom
540688,POST,POSTAGE,5,2011-01-11 07:57:00,18.0,12736.0,France
540699,POST,,1000,2011-01-11 09:32:00,0.0,,United Kingdom
540769,POST,POSTAGE,1,2011-01-11 10:38:00,18.0,12601.0,Germany
540789,POST,POSTAGE,2,2011-01-11 11:48:00,18.0,12643.0,France
C540793,POST,POSTAGE,-1,2011-01-11 11:53:00,3.0,14295.0,United Kingdom
540801,POST,POSTAGE,6,2011-01-11 12:25:00,28.0,12540.0,Spain
540821,DOT,DOTCOM POSTAGE,1,2011-01-11 13:16:00,394.83,,United Kingdom
540824,POST,POSTAGE,2,2011-01-11 13:31:00,18.0,12728.0,France
540835,POST,POSTAGE,1,2011-01-11 15:00:00,18.0,12724.0,France
540839,M,Manual,1,2011-01-11 15:42:00,12.75,16791.0,United Kingdom
C540841,POST,POSTAGE,-1,2011-01-11 16:14:00,12.99,15602.0,United Kingdom
540848,DOT,DOTCOM POSTAGE,1,2011-01-12 09:26:00,491.93,,United Kingdom
540900,POST,POSTAGE,2,2011-01-12 11:46:00,18.0,12712.0,Germany
C540937,POST,POSTAGE,-1,2011-01-12 12:09:00,7.06,14748.0,United Kingdom
540971,POST,POSTAGE,4,2011-01-12 14:10:00,15.0,12383.0,Belgium
540972,POST,POSTAGE,3,2011-01-12 14:13:00,18.0,12437.0,France
540976,POST,POSTAGE,7,2011-01-12 15:00:00,18.0,12652.0,France
540977,DOT,DOTCOM POSTAGE,1,2011-01-12 15:01:00,478.1,,United Kingdom
540995,DOT,DOTCOM POSTAGE,1,2011-01-13 09:30:00,404.49,,United Kingdom
541093,POST,POSTAGE,5,2011-01-13 13:21:00,18.0,12471.0,Germany
541104,DOT,DOTCOM POSTAGE,1,2011-01-13 14:29:00,323.98,,United Kingdom
541115,POST,POSTAGE,7,2011-01-13 15:34:00,28.0,12578.0,Italy
541120,POST,POSTAGE,5,2011-01-14 09:13:00,18.0,12490.0,France
541122,POST,POSTAGE,2,2011-01-14 09:23:00,18.0,12708.0,Germany
541125,POST,POSTAGE,1,2011-01-14 10:06:00,18.0,12474.0,Germany
541127,DOT,DOTCOM POSTAGE,1,2011-01-14 10:11:00,50.96,,United Kingdom
541128,DOT,DOTCOM POSTAGE,1,2011-01-14 10:12:00,60.79,,United Kingdom
541129,DOT,DOTCOM POSTAGE,1,2011-01-14 10:14:00,81.42,,United Kingdom
541130,DOT,DOTCOM POSTAGE,1,2011-01-14 10:15:00,138.0,,United Kingdom
541131,DOT,DOTCOM POSTAGE,1,2011-01-14 10:16:00,156.21,,United Kingdom
541132,DOT,DOTCOM POSTAGE,1,2011-01-14 10:17:00,127.54,,United Kingdom
541133,M,Manual,1,2011-01-14 10:17:00,2.5,,United Kingdom
541133,DOT,DOTCOM POSTAGE,1,2011-01-14 10:17:00,120.88,,United Kingdom
541138,POST,POSTAGE,6,2011-01-14 10:42:00,18.0,12553.0,France
541219,DOT,DOTCOM POSTAGE,1,2011-01-14 14:06:00,391.32,,United Kingdom
541224,POST,POSTAGE,1,2011-01-14 14:45:00,18.0,12474.0,Germany
541265,M,Manual,2,2011-01-16 16:23:00,1.25,17609.0,United Kingdom
541269,POST,POSTAGE,8,2011-01-17 11:01:00,18.0,12626.0,Germany
C541284,M,Manual,-36,2011-01-17 12:45:00,0.87,17744.0,United Kingdom
541405,POST,POSTAGE,5,2011-01-17 15:17:00,18.0,12683.0,France
541421,DOT,DOTCOM POSTAGE,1,2011-01-17 17:44:00,449.52,,United Kingdom
541422,DOT,DOTCOM POSTAGE,1,2011-01-17 17:48:00,295.2,,United Kingdom
541423,DOT,DOTCOM POSTAGE,1,2011-01-17 17:54:00,235.48,,United Kingdom
541424,DOT,DOTCOM POSTAGE,1,2011-01-17 17:57:00,301.84,,United Kingdom
541430,POST,POSTAGE,18,2011-01-18 09:50:00,18.0,12356.0,Portugal
541480,POST,POSTAGE,1,2011-01-18 12:05:00,18.0,12527.0,Germany
541485,M,Manual,12,2011-01-18 13:05:00,0.2,18118.0,United Kingdom
541491,POST,POSTAGE,3,2011-01-18 14:04:00,28.0,12510.0,Spain
541495,DOT,DOTCOM POSTAGE,1,2011-01-18 14:59:00,116.71,,United Kingdom
541496,DOT,DOTCOM POSTAGE,1,2011-01-18 15:00:00,101.0,,United Kingdom
541497,DOT,DOTCOM POSTAGE,1,2011-01-18 15:19:00,243.21,,United Kingdom
541505,BANK CHARGES,Bank Charges,1,2011-01-18 15:58:00,15.0,15939.0,United Kingdom
541506,DOT,DOTCOM POSTAGE,1,2011-01-18 16:05:00,118.33,,United Kingdom
541507,DOT,DOTCOM POSTAGE,1,2011-01-18 16:05:00,72.33,,United Kingdom
541508,DOT,DOTCOM POSTAGE,1,2011-01-18 16:06:00,152.92,,United Kingdom
541516,DOT,DOTCOM POSTAGE,1,2011-01-18 17:34:00,285.3,,United Kingdom
541517,POST,POSTAGE,1,2011-01-19 08:34:00,18.0,12665.0,Germany
541564,M,Manual,10,2011-01-19 11:38:00,0.38,16904.0,United Kingdom
541567,POST,POSTAGE,3,2011-01-19 11:51:00,18.0,12681.0,France
541569,POST,POSTAGE,3,2011-01-19 12:14:00,40.0,13520.0,Switzerland
541584,DOT,DOTCOM POSTAGE,1,2011-01-19 14:12:00,118.25,,United Kingdom
541592,DOT,DOTCOM POSTAGE,1,2011-01-19 15:08:00,470.12,,United Kingdom
541607,POST,POSTAGE,1,2011-01-20 09:53:00,29.43,,United Kingdom
541631,POST,POSTAGE,6,2011-01-20 10:48:00,18.0,12637.0,France
C541650,M,Manual,-1,2011-01-20 11:44:00,544.4,,United Kingdom
C541651,M,Manual,-1,2011-01-20 11:48:00,1283.8,,United Kingdom
C541653,BANK CHARGES,Bank Charges,-1,2011-01-20 11:50:00,1050.15,,United Kingdom
541658,M,Manual,1,2011-01-20 12:16:00,2.55,15529.0,United Kingdom
541675,POST,POSTAGE,2,2011-01-20 13:49:00,15.0,12402.0,Belgium
541695,DOT,DOTCOM POSTAGE,1,2011-01-20 18:01:00,334.16,,United Kingdom
541696,DOT,DOTCOM POSTAGE,1,2011-01-20 18:08:00,307.85,,United Kingdom
541703,POST,POSTAGE,2,2011-01-21 09:52:00,28.0,12594.0,Italy
541756,POST,POSTAGE,2,2011-01-21 11:42:00,40.0,12664.0,Finland
541808,M,Manual,1,2011-01-21 14:51:00,10.0,16210.0,United Kingdom
541810,DOT,DOTCOM POSTAGE,1,2011-01-21 15:00:00,157.08,,United Kingdom
541811,DOT,DOTCOM POSTAGE,1,2011-01-21 15:01:00,171.04,,United Kingdom
541827,DOT,DOTCOM POSTAGE,1,2011-01-21 17:05:00,403.81,,United Kingdom
541830,DOT,DOTCOM POSTAGE,1,2011-01-21 17:09:00,214.42,,United Kingdom
541857,POST,POSTAGE,6,2011-01-23 15:17:00,18.0,12727.0,France
541869,DOT,DOTCOM POSTAGE,1,2011-01-24 09:35:00,144.45,,United Kingdom
541870,DOT,DOTCOM POSTAGE,1,2011-01-24 09:39:00,105.71,,United Kingdom
541871,DOT,DOTCOM POSTAGE,1,2011-01-24 09:41:00,127.09,,United Kingdom
541877,POST,POSTAGE,2,2011-01-24 10:12:00,18.0,12559.0,Germany
541878,DOT,DOTCOM POSTAGE,1,2011-01-24 10:28:00,161.08,,United Kingdom
541879,DOT,DOTCOM POSTAGE,1,2011-01-24 10:31:00,80.46,,United Kingdom
541962,POST,POSTAGE,2,2011-01-24 12:58:00,18.0,12693.0,Germany
541965,POST,POSTAGE,7,2011-01-24 13:27:00,18.0,12625.0,Germany
541969,DOT,DOTCOM POSTAGE,1,2011-01-24 13:46:00,163.67,,United Kingdom
541971,DOT,DOTCOM POSTAGE,1,2011-01-24 13:48:00,124.16,,United Kingdom
541980,POST,POSTAGE,1,2011-01-24 15:09:00,28.0,12421.0,Spain
541983,M,Manual,1,2011-01-24 15:47:00,15.0,15797.0,United Kingdom
541991,POST,POSTAGE,2,2011-01-25 09:11:00,15.0,12417.0,Belgium
541993,DOT,DOTCOM POSTAGE,1,2011-01-25 09:37:00,150.25,,United Kingdom
541998,POST,POSTAGE,1,2011-01-25 10:42:00,40.0,12348.0,Finland
541999,DOT,DOTCOM POSTAGE,1,2011-01-25 10:45:00,216.11,,United Kingdom
542080,POST,POSTAGE,5,2011-01-25 12:16:00,18.0,13815.0,Germany
542115,DOT,DOTCOM POSTAGE,1,2011-01-25 14:01:00,247.54,,United Kingdom
542128,POST,POSTAGE,2,2011-01-25 15:13:00,18.0,12609.0,Germany
542132,POST,POSTAGE,2,2011-01-25 15:59:00,18.0,12691.0,France
542147,POST,POSTAGE,4,2011-01-26 10:02:00,28.0,12782.0,Portugal
542215,POST,POSTAGE,3,2011-01-26 12:27:00,18.0,12472.0,Germany
542229,POST,POSTAGE,1,2011-01-26 13:38:00,18.0,12474.0,Germany
542238,POST,POSTAGE,3,2011-01-26 14:35:00,28.0,12591.0,Italy
542252,DOT,DOTCOM POSTAGE,1,2011-01-26 16:01:00,200.38,,United Kingdom
542255,DOT,DOTCOM POSTAGE,1,2011-01-26 16:43:00,246.37,,United Kingdom
542344,DOT,DOTCOM POSTAGE,1,2011-01-27 11:30:00,200.33,,United Kingdom
C542348,M,Manual,-1,2011-01-27 12:09:00,1715.85,12539.0,Spain
542369,POST,POSTAGE,1,2011-01-27 13:08:00,18.0,12645.0,Germany
542371,POST,POSTAGE,2,2011-01-27 13:29:00,18.0,12468.0,Germany
542375,POST,POSTAGE,2,2011-01-27 13:42:00,18.0,12626.0,Germany
C542376,M,Manual,-1,2011-01-27 13:44:00,4.65,13777.0,United Kingdom
C542376,M,Manual,-2,2011-01-27 13:44:00,2.55,13777.0,United Kingdom
542398,M,Manual,1,2011-01-27 15:36:00,4.0,13174.0,United Kingdom
542425,POST,POSTAGE,2,2011-01-28 09:20:00,18.0,12574.0,France
542433,POST,POSTAGE,2,2011-01-28 10:45:00,18.0,12726.0,France
542535,POST,POSTAGE,3,2011-01-28 13:37:00,18.0,12735.0,France
C542540,POST,POSTAGE,-1,2011-01-28 14:20:00,4.41,,United Kingdom
C542540,DOT,DOTCOM POSTAGE,-1,2011-01-28 14:20:00,3.29,,United Kingdom
542541,DOT,DOTCOM POSTAGE,1,2011-01-28 14:25:00,223.89,,United Kingdom
542586,POST,POSTAGE,2,2011-01-28 15:45:00,40.0,12377.0,Switzerland
542621,POST,POSTAGE,3,2011-01-31 09:05:00,18.0,12528.0,Germany
542622,DOT,DOTCOM POSTAGE,1,2011-01-31 09:09:00,230.61,,United Kingdom
542624,DOT,DOTCOM POSTAGE,1,2011-01-31 09:48:00,188.88,,United Kingdom
542625,DOT,DOTCOM POSTAGE,1,2011-01-31 09:50:00,192.21,,United Kingdom
542626,POST,POSTAGE,2,2011-01-31 09:51:00,18.0,12720.0,Germany
542648,POST,POSTAGE,5,2011-01-31 11:46:00,18.0,12476.0,Germany
542664,DOT,DOTCOM POSTAGE,1,2011-01-31 12:14:00,157.76,,United Kingdom
542713,POST,POSTAGE,7,2011-01-31 13:27:00,18.0,12668.0,Germany
542717,M,Manual,1,2011-01-31 14:07:00,2.95,17580.0,United Kingdom
542720,POST,POSTAGE,1,2011-01-31 14:35:00,15.0,12778.0,Netherlands
542735,POST,POSTAGE,3,2011-01-31 15:36:00,18.0,12681.0,France
542782,POST,POSTAGE,2,2011-02-01 10:00:00,18.0,12712.0,Germany
542794,DOT,DOTCOM POSTAGE,1,2011-02-01 10:56:00,86.77,,United Kingdom
542887,POST,POSTAGE,1,2011-02-01 13:10:00,40.0,12373.0,Austria
542894,POST,POSTAGE,2,2011-02-01 13:45:00,15.0,12775.0,Netherlands
542904,POST,POSTAGE,3,2011-02-01 14:58:00,18.0,12682.0,France
542905,POST,POSTAGE,1,2011-02-01 15:11:00,28.0,12540.0,Spain
542906,DOT,DOTCOM POSTAGE,1,2011-02-01 15:12:00,189.59,,United Kingdom
542911,POST,POSTAGE,1,2011-02-01 15:41:00,40.0,12676.0,Sweden
C542916,M,Manual,-1,2011-02-01 16:21:00,4.0,15940.0,United Kingdom
542922,POST,POSTAGE,2,2011-02-02 09:06:00,18.0,12682.0,France
542997,DOT,DOTCOM POSTAGE,1,2011-02-02 12:16:00,108.75,,United Kingdom
542998,DOT,DOTCOM POSTAGE,1,2011-02-02 12:16:00,172.42,,United Kingdom
542999,DOT,DOTCOM POSTAGE,1,2011-02-02 12:16:00,142.29,,United Kingdom
543000,DOT,DOTCOM POSTAGE,1,2011-02-02 12:17:00,259.75,,United Kingdom
543013,DOT,DOTCOM POSTAGE,1,2011-02-02 13:35:00,174.12,,United Kingdom
543017,M,Manual,1,2011-02-02 14:17:00,15.0,13199.0,United Kingdom
543027,POST,POSTAGE,1,2011-02-02 14:51:00,40.0,12414.0,Austria
543030,POST,POSTAGE,1,2011-02-02 15:22:00,18.0,12437.0,France
543037,POST,POSTAGE,1,2011-02-02 16:01:00,40.0,12350.0,Norway
543048,POST,POSTAGE,3,2011-02-03 09:58:00,18.0,12600.0,Germany
C543050,POST,POSTAGE,-1,2011-02-03 10:14:00,18.0,12625.0,Germany
543055,POST,POSTAGE,4,2011-02-03 10:41:00,28.0,12502.0,Spain
543056,POST,POSTAGE,6,2011-02-03 10:47:00,18.0,12471.0,Germany
543097,DOT,DOTCOM POSTAGE,1,2011-02-03 11:41:00,168.53,,United Kingdom
543117,POST,POSTAGE,3,2011-02-03 13:30:00,15.0,12464.0,Belgium
543121,POST,POSTAGE,2,2011-02-03 13:58:00,18.0,12662.0,Germany
543134,M,Manual,1,2011-02-03 15:28:00,15.0,15885.0,United Kingdom
543171,DOT,DOTCOM POSTAGE,1,2011-02-04 09:11:00,230.08,,United Kingdom
543172,DOT,DOTCOM POSTAGE,1,2011-02-04 09:11:00,164.46,,United Kingdom
C543175,POST,POSTAGE,-1,2011-02-04 09:46:00,18.0,12712.0,Germany
543180,POST,POSTAGE,4,2011-02-04 10:38:00,40.0,12410.0,Switzerland
543182,DOT,DOTCOM POSTAGE,1,2011-02-04 10:40:00,208.12,,United Kingdom
543188,POST,POSTAGE,6,2011-02-04 11:45:00,18.0,12567.0,France
543200,DOT,DOTCOM POSTAGE,1,2011-02-04 13:03:00,166.92,,United Kingdom
543201,DOT,DOTCOM POSTAGE,1,2011-02-04 13:03:00,212.04,,United Kingdom
543345,DOT,DOTCOM POSTAGE,1,2011-02-07 12:29:00,183.09,,United Kingdom
543358,DOT,DOTCOM POSTAGE,1,2011-02-07 14:04:00,218.26,,United Kingdom
543387,POST,POSTAGE,10,2011-02-08 09:41:00,15.0,14646.0,Netherlands
C543388,POST,POSTAGE,-3,2011-02-08 09:44:00,15.0,14646.0,Netherlands
543399,DOT,DOTCOM POSTAGE,1,2011-02-08 11:07:00,171.42,,United Kingdom
543450,DOT,DOTCOM POSTAGE,1,2011-02-08 12:12:00,110.13,,United Kingdom
543451,DOT,DOTCOM POSTAGE,1,2011-02-08 12:13:00,179.29,,United Kingdom
543459,POST,POSTAGE,2,2011-02-08 13:28:00,18.0,12599.0,France
543461,DOT,DOTCOM POSTAGE,1,2011-02-08 13:35:00,153.71,,United Kingdom
543467,DOT,DOTCOM POSTAGE,1,2011-02-08 14:35:00,234.92,,United Kingdom
543484,POST,POSTAGE,3,2011-02-09 10:11:00,18.0,12721.0,France
543492,POST,POSTAGE,1,2011-02-09 10:41:00,18.0,12720.0,Germany
543530,DOT,DOTCOM POSTAGE,1,2011-02-09 12:46:00,213.15,,United Kingdom
543532,DOT,DOTCOM POSTAGE,1,2011-02-09 12:59:00,225.17,,United Kingdom
543533,DOT,DOTCOM POSTAGE,1,2011-02-09 13:00:00,254.08,,United Kingdom
543537,POST,POSTAGE,1,2011-02-09 13:50:00,15.0,12401.0,Belgium
543541,POST,POSTAGE,6,2011-02-09 14:44:00,28.0,12462.0,Spain
543543,M,Manual,1,2011-02-09 15:33:00,2.95,17843.0,United Kingdom
543543,M,Manual,24,2011-02-09 15:33:00,0.2,17843.0,United Kingdom
543546,DOT,DOTCOM POSTAGE,1,2011-02-09 16:52:00,206.15,,United Kingdom
543550,POST,POSTAGE,1,2011-02-10 09:43:00,18.0,12601.0,Germany
C543624,M,Manual,-200,2011-02-10 15:33:00,0.41,12931.0,United Kingdom
543625,POST,POSTAGE,2,2011-02-10 15:38:00,18.0,12583.0,France
543629,DOT,DOTCOM POSTAGE,1,2011-02-10 15:55:00,208.92,,United Kingdom
543660,DOT,DOTCOM POSTAGE,1,2011-02-11 10:40:00,248.48,,United Kingdom
543732,DOT,DOTCOM POSTAGE,1,2011-02-11 12:02:00,198.21,,United Kingdom
543733,POST,POSTAGE,1,2011-02-11 12:16:00,15.0,12395.0,Belgium
C543743,M,Manual,-1,2011-02-11 13:39:00,4.5,12505.0,Italy
C543749,M,Manual,-1,2011-02-11 13:55:00,71.46,13672.0,United Kingdom
C543789,M,Manual,-1,2011-02-11 17:10:00,856.48,17450.0,United Kingdom
C543789,M,Manual,-1,2011-02-11 17:10:00,190.8,17450.0,United Kingdom
543822,POST,POSTAGE,3,2011-02-14 09:24:00,28.0,12507.0,Spain
543826,DOT,DOTCOM POSTAGE,1,2011-02-14 09:41:00,168.19,,United Kingdom
543833,POST,POSTAGE,1,2011-02-14 10:24:00,18.0,12476.0,Germany
C543835,M,Manual,-8,2011-02-14 10:40:00,1.95,12963.0,United Kingdom
C543838,POST,POSTAGE,-1,2011-02-14 10:59:00,7.06,15827.0,United Kingdom
C543841,M,Manual,-1,2011-02-14 11:20:00,208.16,17095.0,United Kingdom
543900,POST,POSTAGE,3,2011-02-14 12:11:00,18.0,12621.0,Germany
543909,DOT,DOTCOM POSTAGE,1,2011-02-14 12:32:00,127.24,,United Kingdom
543985,DOT,DOTCOM POSTAGE,1,2011-02-15 09:44:00,138.5,,United Kingdom
C543992,POST,POSTAGE,-1,2011-02-15 10:29:00,18.0,12583.0,France
C544047,M,Manual,-1,2011-02-15 12:36:00,1435.79,,United Kingdom
C544049,BANK CHARGES,Bank Charges,-1,2011-02-15 12:39:00,566.37,,United Kingdom
C544054,M,Manual,-1,2011-02-15 12:41:00,869.55,,United Kingdom
544069,POST,POSTAGE,2,2011-02-15 14:17:00,18.0,12616.0,France
544087,M,Manual,1,2011-02-15 17:02:00,3.75,17530.0,United Kingdom
544087,M,Manual,2,2011-02-15 17:02:00,0.42,17530.0,United Kingdom
544089,DOT,DOTCOM POSTAGE,1,2011-02-15 17:51:00,111.86,,United Kingdom
544115,POST,POSTAGE,5,2011-02-16 11:45:00,18.0,12727.0,France
C544117,POST,POSTAGE,-1,2011-02-16 11:48:00,18.0,12727.0,France
544157,POST,POSTAGE,2,2011-02-16 12:46:00,18.0,12372.0,Denmark
544186,DOT,DOTCOM POSTAGE,1,2011-02-16 15:56:00,149.49,,United Kingdom
544193,POST,POSTAGE,5,2011-02-17 08:23:00,15.0,12431.0,Belgium
544200,POST,POSTAGE,2,2011-02-17 10:08:00,18.0,12494.0,France
544201,DOT,DOTCOM POSTAGE,1,2011-02-17 10:11:00,213.08,,United Kingdom
544202,DOT,DOTCOM POSTAGE,1,2011-02-17 10:29:00,143.04,,United Kingdom
544203,POST,POSTAGE,3,2011-02-17 10:30:00,15.0,12362.0,Belgium
544204,DOT,DOTCOM POSTAGE,1,2011-02-17 10:30:00,132.25,,United Kingdom
544205,DOT,DOTCOM POSTAGE,1,2011-02-17 10:31:00,207.79,,United Kingdom
544206,DOT,DOTCOM POSTAGE,1,2011-02-17 10:33:00,159.46,,United Kingdom
544207,DOT,DOTCOM POSTAGE,1,2011-02-17 10:34:00,185.83,,United Kingdom
544208,DOT,DOTCOM POSTAGE,1,2011-02-17 10:34:00,135.75,,United Kingdom
544281,POST,POSTAGE,1,2011-02-17 12:23:00,18.0,12500.0,Germany
544302,POST,POSTAGE,1,2011-02-17 13:16:00,18.0,12654.0,Germany
544323,DOT,DOTCOM POSTAGE,1,2011-02-17 15:51:00,179.94,,United Kingdom
544331,POST,POSTAGE,1,2011-02-17 17:05:00,15.0,12455.0,Cyprus
544355,POST,POSTAGE,5,2011-02-18 10:53:00,18.0,12714.0,France
544399,POST,POSTAGE,1,2011-02-18 12:28:00,28.0,12594.0,Italy
544407,M,Manual,1,2011-02-18 13:26:00,15.0,14606.0,United Kingdom
544434,DOT,DOTCOM POSTAGE,1,2011-02-18 16:12:00,149.02,,United Kingdom
C544437,M,Manual,-1,2011-02-18 17:19:00,82.5,16027.0,United Kingdom
544464,M,Manual,4,2011-02-20 14:38:00,0.85,17323.0,United Kingdom
544474,POST,POSTAGE,1,2011-02-21 09:52:00,15.0,12423.0,Belgium
544483,POST,POSTAGE,5,2011-02-21 10:53:00,18.0,12524.0,Germany
544495,POST,POSTAGE,6,2011-02-21 11:42:00,28.0,12766.0,Portugal
544573,POST,POSTAGE,5,2011-02-21 13:40:00,18.0,12621.0,Germany
C544575,BANK CHARGES,Bank Charges,-1,2011-02-21 13:58:00,134.76,,United Kingdom
C544576,BANK CHARGES,Bank Charges,-1,2011-02-21 14:01:00,149.16,,United Kingdom
C544577,M,Manual,-1,2011-02-21 14:02:00,320.69,12365.0,Cyprus
544578,M,Manual,1,2011-02-21 14:04:00,320.69,12365.0,Cyprus
C544584,BANK CHARGES,Bank Charges,-1,2011-02-21 14:52:00,109.84,,United Kingdom
544585,POST,POSTAGE,1,2011-02-21 14:58:00,18.0,12523.0,France
544598,DOT,DOTCOM POSTAGE,1,2011-02-21 18:10:00,144.15,,United Kingdom
544599,DOT,DOTCOM POSTAGE,1,2011-02-21 18:15:00,198.77,,United Kingdom
544673,M,Manual,25,2011-02-22 15:46:00,0.42,13421.0,United Kingdom
544681,DOT,DOTCOM POSTAGE,1,2011-02-22 16:28:00,140.19,,United Kingdom
544684,DOT,DOTCOM POSTAGE,1,2011-02-22 16:32:00,172.99,,United Kingdom
544766,DOT,DOTCOM POSTAGE,1,2011-02-23 11:09:00,136.38,,United Kingdom
544768,DOT,DOTCOM POSTAGE,1,2011-02-23 11:10:00,134.04,,United Kingdom
544767,DOT,DOTCOM POSTAGE,1,2011-02-23 11:10:00,100.17,,United Kingdom
544770,DOT,DOTCOM POSTAGE,1,2011-02-23 11:11:00,124.79,,United Kingdom
544771,DOT,DOTCOM POSTAGE,1,2011-02-23 11:12:00,137.33,,United Kingdom
544772,DOT,DOTCOM POSTAGE,1,2011-02-23 11:12:00,161.04,,United Kingdom
544811,POST,POSTAGE,3,2011-02-23 15:53:00,18.0,12471.0,Germany
544812,DOT,DOTCOM POSTAGE,1,2011-02-23 15:58:00,170.54,,United Kingdom
C544814,M,Manual,-1,2011-02-23 16:36:00,30.19,15590.0,United Kingdom
544817,POST,POSTAGE,2,2011-02-23 16:44:00,18.0,12437.0,France
544819,M,Manual,6,2011-02-23 17:15:00,5.0,12748.0,United Kingdom
544886,POST,POSTAGE,1,2011-02-24 11:42:00,40.0,12582.0,Finland
544928,DOT,DOTCOM POSTAGE,1,2011-02-24 18:07:00,189.91,,United Kingdom
544933,POST,POSTAGE,6,2011-02-25 08:44:00,18.0,12633.0,Germany
544996,POST,POSTAGE,2,2011-02-25 11:53:00,18.0,12474.0,Germany
545017,POST,POSTAGE,1,2011-02-25 13:51:00,15.0,12361.0,Belgium
545024,DOT,DOTCOM POSTAGE,1,2011-02-25 14:38:00,79.67,,United Kingdom
545025,DOT,DOTCOM POSTAGE,1,2011-02-25 14:40:00,137.96,,United Kingdom
545034,POST,POSTAGE,1,2011-02-25 16:42:00,40.0,13493.0,Switzerland
545051,POST,POSTAGE,1,2011-02-27 11:58:00,18.0,12599.0,France
545078,DOT,DOTCOM POSTAGE,1,2011-02-28 10:15:00,147.49,,United Kingdom
545084,POST,POSTAGE,2,2011-02-28 10:55:00,40.0,12458.0,Switzerland
545086,POST,POSTAGE,1,2011-02-28 11:43:00,18.0,12678.0,France
545105,POST,POSTAGE,6,2011-02-28 11:58:00,18.0,12598.0,France
545140,POST,POSTAGE,2,2011-02-28 12:08:00,15.0,12464.0,Belgium
545160,M,Manual,1,2011-02-28 13:31:00,48.0,,United Kingdom
545176,M,Manual,1,2011-02-28 14:19:00,764.12,,United Kingdom
545180,POST,POSTAGE,1,2011-02-28 14:42:00,18.0,12728.0,France
545181,POST,POSTAGE,1,2011-02-28 14:45:00,18.0,12509.0,France
545182,M,Manual,17,2011-02-28 14:48:00,0.2,14046.0,United Kingdom
545191,POST,POSTAGE,1,2011-02-28 15:39:00,28.0,12811.0,Portugal
545215,DOT,DOTCOM POSTAGE,1,2011-02-28 16:47:00,265.19,,United Kingdom
545216,DOT,DOTCOM POSTAGE,1,2011-02-28 16:50:00,157.08,,United Kingdom
545217,DOT,DOTCOM POSTAGE,1,2011-02-28 16:59:00,172.62,,United Kingdom
545235,POST,POSTAGE,2,2011-03-01 10:31:00,18.0,12683.0,France
545301,POST,POSTAGE,4,2011-03-01 12:26:00,18.0,12679.0,France
545314,POST,POSTAGE,4,2011-03-01 14:11:00,15.0,12866.0,Belgium
545315,DOT,DOTCOM POSTAGE,1,2011-03-01 14:14:00,75.58,,United Kingdom
545316,DOT,DOTCOM POSTAGE,1,2011-03-01 14:14:00,36.08,,United Kingdom
545317,DOT,DOTCOM POSTAGE,1,2011-03-01 14:14:00,148.67,,United Kingdom
545323,POST,POSTAGE,1,2011-03-01 14:57:00,40.0,12352.0,Norway
C545329,M,Manual,-1,2011-03-01 15:47:00,280.05,12352.0,Norway
C545329,M,Manual,-1,2011-03-01 15:47:00,183.75,12352.0,Norway
C545330,M,Manual,-1,2011-03-01 15:49:00,376.5,12352.0,Norway
545332,M,Manual,1,2011-03-01 15:52:00,376.5,12352.0,Norway
545332,M,Manual,1,2011-03-01 15:52:00,280.05,12352.0,Norway
545332,M,Manual,1,2011-03-01 15:52:00,183.75,12352.0,Norway
545333,DOT,DOTCOM POSTAGE,1,2011-03-01 16:22:00,155.31,,United Kingdom
545336,M,Manual,2,2011-03-01 16:53:00,275.6,12428.0,Finland
545464,DOT,DOTCOM POSTAGE,1,2011-03-03 09:10:00,201.64,,United Kingdom
545515,POST,POSTAGE,3,2011-03-03 12:06:00,18.0,12727.0,France
545517,POST,POSTAGE,1,2011-03-03 12:20:00,18.0,12727.0,France
545533,POST,POSTAGE,2,2011-03-03 14:04:00,18.0,12524.0,Germany
545536,POST,POSTAGE,3,2011-03-03 14:12:00,15.0,12417.0,Belgium
545557,POST,POSTAGE,1,2011-03-03 15:30:00,18.0,12500.0,Germany
545568,DOT,DOTCOM POSTAGE,1,2011-03-03 16:22:00,226.19,,United Kingdom
545570,POST,POSTAGE,1,2011-03-03 16:28:00,40.0,12817.0,Austria
545583,POST,POSTAGE,2,2011-03-04 09:08:00,18.0,12553.0,France
545585,POST,POSTAGE,1,2011-03-04 09:32:00,28.0,12541.0,Spain
545595,M,Manual,1,2011-03-04 10:39:00,0.85,14570.0,United Kingdom
545647,POST,POSTAGE,1,2011-03-04 12:46:00,28.0,12547.0,Spain
545664,POST,POSTAGE,3,2011-03-04 15:15:00,28.0,12584.0,Italy
545667,DOT,DOTCOM POSTAGE,1,2011-03-04 16:07:00,176.48,,United Kingdom
C545677,M,Manual,-2,2011-03-06 10:48:00,10.65,14543.0,United Kingdom
C545677,M,Manual,-1,2011-03-06 10:48:00,12.75,14543.0,United Kingdom
545706,POST,POSTAGE,1,2011-03-07 09:10:00,18.0,12712.0,Germany
545709,POST,POSTAGE,1,2011-03-07 09:49:00,18.0,12708.0,Germany
545714,DOT,DOTCOM POSTAGE,1,2011-03-07 10:12:00,130.58,,United Kingdom
545715,DOT,DOTCOM POSTAGE,1,2011-03-07 10:13:00,180.92,,United Kingdom
545717,DOT,DOTCOM POSTAGE,1,2011-03-07 10:15:00,147.13,,United Kingdom
545716,DOT,DOTCOM POSTAGE,1,2011-03-07 10:15:00,192.29,,United Kingdom
C545739,M,Manual,-1,2011-03-07 11:46:00,45.57,12754.0,Japan
C545740,POST,POSTAGE,-1,2011-03-07 11:47:00,8.65,18257.0,United Kingdom
C545884,M,Manual,-1,2011-03-07 15:49:00,537.83,,United Kingdom
C545886,M,Manual,-1,2011-03-07 15:53:00,222.59,,United Kingdom
C545887,BANK CHARGES,Bank Charges,-1,2011-03-07 15:54:00,326.68,,United Kingdom
545889,M,Manual,1,2011-03-07 16:14:00,45.0,15291.0,United Kingdom
C545891,M,Manual,-1,2011-03-07 16:40:00,16.05,12754.0,Japan
C545892,M,Manual,-1,2011-03-07 16:41:00,17.55,12755.0,Japan
545895,DOT,DOTCOM POSTAGE,1,2011-03-07 17:14:00,249.02,,United Kingdom
545897,DOT,DOTCOM POSTAGE,1,2011-03-07 17:22:00,218.64,,United Kingdom
545901,M,Manual,2,2011-03-07 17:52:00,1.25,15834.0,United Kingdom
545916,POST,POSTAGE,2,2011-03-08 11:46:00,18.0,12528.0,Germany
545988,POST,POSTAGE,1,2011-03-08 12:52:00,18.0,12662.0,Germany
545994,POST,POSTAGE,2,2011-03-08 13:50:00,18.0,12623.0,Germany
545995,M,Manual,6,2011-03-08 13:54:00,2.1,15023.0,United Kingdom
546007,DOT,DOTCOM POSTAGE,1,2011-03-08 15:34:00,146.1,,United Kingdom
546008,DOT,DOTCOM POSTAGE,1,2011-03-08 15:43:00,187.89,,United Kingdom
546027,POST,POSTAGE,2,2011-03-09 08:09:00,15.0,12759.0,Netherlands
546035,M,Manual,1,2011-03-09 09:50:00,7.95,12924.0,United Kingdom
546117,M,Manual,12,2011-03-09 13:56:00,1.0,16771.0,United Kingdom
546134,POST,POSTAGE,2,2011-03-09 15:35:00,40.0,13493.0,Switzerland
546136,DOT,DOTCOM POSTAGE,1,2011-03-09 16:32:00,199.33,,United Kingdom
C546203,POST,POSTAGE,-1,2011-03-10 11:13:00,4.5,16839.0,United Kingdom
C546204,POST,POSTAGE,-1,2011-03-10 11:13:00,1.72,13599.0,United Kingdom
C546205,POST,POSTAGE,-1,2011-03-10 11:14:00,2.84,18223.0,United Kingdom
546303,POST,POSTAGE,1,2011-03-10 15:30:00,8.62,,United Kingdom
546306,DOT,DOTCOM POSTAGE,1,2011-03-10 16:16:00,147.03,,United Kingdom
C546325,M,Manual,-1,2011-03-11 10:15:00,1687.17,14911.0,EIRE
C546327,M,Manual,-1,2011-03-11 10:18:00,1687.17,14911.0,EIRE
546328,M,Manual,1,2011-03-11 10:19:00,1687.17,14911.0,EIRE
546329,M,Manual,1,2011-03-11 10:22:00,1687.17,14911.0,EIRE
C546363,POST,POSTAGE,-1,2011-03-11 11:30:00,7.06,16912.0,United Kingdom
546365,POST,POSTAGE,5,2011-03-11 11:35:00,18.0,12520.0,Germany
546373,POST,POSTAGE,2,2011-03-11 12:00:00,18.0,12583.0,France
546374,M,Manual,1,2011-03-11 12:05:00,10.0,17194.0,United Kingdom
546406,DOT,DOTCOM POSTAGE,1,2011-03-11 16:21:00,201.37,,United Kingdom
546418,M,Manual,24,2011-03-13 10:57:00,0.42,17315.0,United Kingdom
546426,M,Manual,1,2011-03-13 13:46:00,2.0,13708.0,United Kingdom
546428,POST,POSTAGE,2,2011-03-13 14:55:00,18.0,12681.0,France
546433,POST,POSTAGE,1,2011-03-14 08:37:00,15.0,12778.0,Netherlands
546434,POST,POSTAGE,4,2011-03-14 08:41:00,18.0,12383.0,Belgium
546479,POST,POSTAGE,3,2011-03-14 11:38:00,18.0,12682.0,France
546543,M,Manual,1,2011-03-14 15:40:00,0.85,17841.0,United Kingdom
C546557,M,Manual,-1,2011-03-15 09:44:00,2583.76,,Hong Kong
546558,M,Manual,1,2011-03-15 09:50:00,2583.76,,Hong Kong
546650,DOT,DOTCOM POSTAGE,1,2011-03-15 14:17:00,111.79,,United Kingdom
546651,DOT,DOTCOM POSTAGE,1,2011-03-15 14:17:00,112.67,,United Kingdom
546649,DOT,DOTCOM POSTAGE,1,2011-03-15 14:17:00,133.13,,United Kingdom
546652,DOT,DOTCOM POSTAGE,1,2011-03-15 14:18:00,167.58,,United Kingdom
546653,DOT,DOTCOM POSTAGE,1,2011-03-15 14:18:00,155.46,,United Kingdom
546654,DOT,DOTCOM POSTAGE,1,2011-03-15 14:18:00,125.96,,United Kingdom
546655,DOT,DOTCOM POSTAGE,1,2011-03-15 14:19:00,122.58,,United Kingdom
546656,DOT,DOTCOM POSTAGE,1,2011-03-15 14:19:00,172.54,,United Kingdom
546678,POST,POSTAGE,3,2011-03-15 16:39:00,18.0,12681.0,France
546742,M,Manual,12,2011-03-16 12:26:00,0.42,12849.0,United Kingdom
546742,M,Manual,6,2011-03-16 12:26:00,2.1,12849.0,United Kingdom
546755,POST,POSTAGE,5,2011-03-16 13:29:00,28.0,12502.0,Spain
546759,POST,POSTAGE,2,2011-03-16 13:58:00,18.0,12712.0,Germany
546760,POST,POSTAGE,3,2011-03-16 14:00:00,28.0,12597.0,Spain
546765,POST,POSTAGE,1,2011-03-16 14:37:00,18.0,12437.0,France
546843,POST,POSTAGE,2,2011-03-17 12:40:00,18.0,12472.0,Germany
546851,POST,POSTAGE,7,2011-03-17 13:23:00,18.0,12480.0,Germany
C546859,M,Manual,-102,2011-03-17 14:39:00,5.45,17603.0,United Kingdom
546866,M,Manual,2,2011-03-17 15:47:00,2.5,14462.0,United Kingdom
C546870,M,Manual,-2,2011-03-17 16:07:00,2.5,14462.0,United Kingdom
C546879,M,Manual,-96,2011-03-17 17:14:00,0.91,16422.0,United Kingdom
546884,DOT,DOTCOM POSTAGE,1,2011-03-17 18:08:00,303.0,,United Kingdom
546888,DOT,DOTCOM POSTAGE,1,2011-03-17 18:15:00,237.89,,United Kingdom
546891,DOT,DOTCOM POSTAGE,1,2011-03-17 18:18:00,227.3,,United Kingdom
546892,DOT,DOTCOM POSTAGE,1,2011-03-17 18:20:00,192.44,,United Kingdom
546896,DOT,DOTCOM POSTAGE,1,2011-03-17 18:24:00,255.04,,United Kingdom
C546905,M,Manual,-48,2011-03-17 18:42:00,0.45,15061.0,United Kingdom
C546907,M,Manual,-25,2011-03-17 18:46:00,0.67,16422.0,United Kingdom
546919,POST,POSTAGE,1,2011-03-18 09:55:00,18.0,12500.0,Germany
546920,POST,POSTAGE,8,2011-03-18 09:55:00,18.0,12471.0,Germany
546925,POST,POSTAGE,3,2011-03-18 10:09:00,18.0,12647.0,Germany
546933,M,Manual,1,2011-03-18 11:02:00,498.79,,United Kingdom
C546943,BANK CHARGES,Bank Charges,-1,2011-03-18 11:11:00,56.93,,United Kingdom
546950,M,Manual,4,2011-03-18 11:24:00,0.5,16511.0,United Kingdom
546973,DOT,DOTCOM POSTAGE,1,2011-03-18 12:07:00,122.5,,United Kingdom
546976,DOT,DOTCOM POSTAGE,1,2011-03-18 12:08:00,184.96,,United Kingdom
546974,DOT,DOTCOM POSTAGE,1,2011-03-18 12:08:00,131.46,,United Kingdom
C546975,M,Manual,-1,2011-03-18 12:08:00,19.05,,United Kingdom
546977,DOT,DOTCOM POSTAGE,1,2011-03-18 12:08:00,218.08,,United Kingdom
547005,POST,POSTAGE,4,2011-03-18 14:20:00,18.0,12474.0,Germany
547042,DOT,DOTCOM POSTAGE,1,2011-03-20 11:00:00,279.84,,United Kingdom
C547054,M,Manual,-1,2011-03-20 12:11:00,6.95,16444.0,United Kingdom
547061,POST,POSTAGE,1,2011-03-20 13:21:00,15.0,12407.0,Belgium
547071,POST,POSTAGE,2,2011-03-20 13:59:00,18.0,12693.0,Germany
547085,POST,POSTAGE,1,2011-03-20 15:41:00,18.0,12600.0,Germany
547086,POST,POSTAGE,3,2011-03-20 15:46:00,40.0,12428.0,Finland
547087,POST,POSTAGE,1,2011-03-20 15:58:00,18.0,12726.0,France
547109,POST,POSTAGE,2,2011-03-21 11:46:00,15.0,12423.0,Belgium
547248,DOT,DOTCOM POSTAGE,1,2011-03-22 09:23:00,197.33,,United Kingdom
547249,DOT,DOTCOM POSTAGE,1,2011-03-22 09:27:00,192.43,,United Kingdom
547250,DOT,DOTCOM POSTAGE,1,2011-03-22 09:30:00,253.24,,United Kingdom
547327,POST,POSTAGE,3,2011-03-22 11:28:00,18.0,12681.0,France
547365,POST,POSTAGE,1,2011-03-22 12:36:00,15.0,12775.0,Netherlands
547379,POST,POSTAGE,6,2011-03-22 15:13:00,18.0,12720.0,Germany
547383,POST,POSTAGE,3,2011-03-22 15:42:00,18.0,12613.0,Germany
547384,POST,POSTAGE,1,2011-03-22 15:46:00,18.0,12613.0,Germany
547385,DOT,DOTCOM POSTAGE,1,2011-03-22 15:48:00,110.6,,United Kingdom
547386,DOT,DOTCOM POSTAGE,1,2011-03-22 15:52:00,131.22,,United Kingdom
547390,POST,POSTAGE,1,2011-03-22 16:08:00,40.0,12352.0,Norway
547398,DOT,DOTCOM POSTAGE,1,2011-03-22 16:55:00,141.42,,United Kingdom
547397,DOT,DOTCOM POSTAGE,1,2011-03-22 16:55:00,146.29,,United Kingdom
547399,DOT,DOTCOM POSTAGE,1,2011-03-22 16:55:00,155.25,,United Kingdom
547400,DOT,DOTCOM POSTAGE,1,2011-03-22 16:56:00,116.67,,United Kingdom
547412,POST,POSTAGE,1,2011-03-23 09:42:00,15.0,12399.0,Belgium
547444,POST,POSTAGE,1,2011-03-23 10:55:00,1.0,12811.0,Portugal
547493,POST,POSTAGE,9,2011-03-23 12:06:00,40.0,12818.0,Austria
547492,POST,POSTAGE,1,2011-03-23 12:06:00,18.0,12604.0,France
547504,POST,POSTAGE,8,2011-03-23 13:33:00,18.0,12683.0,France
547517,POST,POSTAGE,3,2011-03-23 14:33:00,15.0,12395.0,Belgium
547520,POST,POSTAGE,3,2011-03-23 14:55:00,18.0,12564.0,France
547547,DOT,DOTCOM POSTAGE,1,2011-03-23 15:30:00,115.42,,United Kingdom
547552,DOT,DOTCOM POSTAGE,1,2011-03-23 15:55:00,169.29,,United Kingdom
547551,DOT,DOTCOM POSTAGE,1,2011-03-23 15:55:00,128.25,,United Kingdom
547566,POST,POSTAGE,1,2011-03-24 09:42:00,27.0,12811.0,Portugal
547645,POST,POSTAGE,1,2011-03-24 11:40:00,40.0,12676.0,Sweden
547684,POST,POSTAGE,5,2011-03-24 14:46:00,15.0,12408.0,Belgium
547703,POST,POSTAGE,8,2011-03-24 17:10:00,28.0,12540.0,Spain
547715,POST,POSTAGE,2,2011-03-25 08:50:00,18.0,12520.0,Germany
547722,POST,POSTAGE,3,2011-03-25 10:19:00,18.0,12553.0,France
547788,DOT,DOTCOM POSTAGE,1,2011-03-25 12:00:00,175.28,,United Kingdom
547790,POST,POSTAGE,3,2011-03-25 12:04:00,28.0,12545.0,Spain
547796,POST,POSTAGE,9,2011-03-25 12:34:00,15.0,14646.0,Netherlands
547810,M,Manual,1,2011-03-25 14:00:00,0.85,,United Kingdom
547815,POST,POSTAGE,1,2011-03-25 14:19:00,40.0,13520.0,Switzerland
547821,POST,POSTAGE,4,2011-03-25 14:50:00,18.0,12621.0,Germany
547822,POST,POSTAGE,16,2011-03-25 14:53:00,18.0,12668.0,Germany
547825,POST,POSTAGE,1,2011-03-25 15:01:00,15.0,12778.0,Netherlands
547830,DOT,DOTCOM POSTAGE,1,2011-03-25 15:50:00,220.71,,United Kingdom
547863,POST,POSTAGE,2,2011-03-27 13:07:00,18.0,12728.0,France
547873,M,Manual,1,2011-03-27 15:33:00,14.95,13240.0,United Kingdom
547892,POST,POSTAGE,6,2011-03-28 10:15:00,18.0,12669.0,France
547897,POST,POSTAGE,2,2011-03-28 11:36:00,28.0,12792.0,Portugal
C547899,POST,POSTAGE,-1,2011-03-28 11:51:00,55.89,,United Kingdom
C547899,M,Manual,-1,2011-03-28 11:51:00,1486.12,,United Kingdom
C547905,POST,POSTAGE,-1,2011-03-28 12:10:00,18.66,,United Kingdom
C547905,M,Manual,-1,2011-03-28 12:10:00,416.75,,United Kingdom
547906,M,Manual,2,2011-03-28 12:13:00,0.5,14410.0,United Kingdom
C547908,M,Manual,-1,2011-03-28 12:18:00,646.46,,United Kingdom
C547908,POST,POSTAGE,-1,2011-03-28 12:18:00,38.45,,United Kingdom
C547913,POST,POSTAGE,-1,2011-03-28 12:34:00,13.39,,United Kingdom
C547913,M,Manual,-1,2011-03-28 12:34:00,325.0,,United Kingdom
547914,POST,POSTAGE,1,2011-03-28 12:35:00,18.0,12594.0,Italy
C547915,POST,POSTAGE,-1,2011-03-28 12:37:00,29.7,,United Kingdom
C547915,M,Manual,-1,2011-03-28 12:37:00,165.29,,United Kingdom
547925,POST,POSTAGE,4,2011-03-28 13:57:00,18.0,12481.0,Germany
C547930,POST,POSTAGE,-1,2011-03-28 14:00:00,18.0,12594.0,Italy
547931,POST,POSTAGE,1,2011-03-28 14:01:00,28.0,12594.0,Italy
547934,POST,POSTAGE,1,2011-03-28 14:07:00,18.0,12474.0,Germany
547941,POST,POSTAGE,1,2011-03-28 14:46:00,150.0,16692.0,United Kingdom
547964,DOT,DOTCOM POSTAGE,1,2011-03-28 15:45:00,184.6,,United Kingdom
547966,DOT,,1000,2011-03-28 15:49:00,0.0,,United Kingdom
547967,DOT,DOTCOM POSTAGE,1,2011-03-28 15:49:00,229.79,,United Kingdom
548163,DOT,DOTCOM POSTAGE,1,2011-03-29 13:43:00,231.79,,United Kingdom
548165,DOT,DOTCOM POSTAGE,1,2011-03-29 13:44:00,142.83,,United Kingdom
548164,DOT,DOTCOM POSTAGE,1,2011-03-29 13:44:00,173.42,,United Kingdom
548166,DOT,DOTCOM POSTAGE,1,2011-03-29 13:45:00,180.17,,United Kingdom
548167,DOT,DOTCOM POSTAGE,1,2011-03-29 13:45:00,181.88,,United Kingdom
548168,DOT,DOTCOM POSTAGE,1,2011-03-29 13:46:00,144.75,,United Kingdom
548191,DOT,DOTCOM POSTAGE,1,2011-03-29 15:20:00,23.53,,United Kingdom
548194,DOT,DOTCOM POSTAGE,1,2011-03-29 15:30:00,226.92,,United Kingdom
548203,M,Manual,1,2011-03-29 16:41:00,238.12,,United Kingdom
548212,POST,POSTAGE,4,2011-03-30 09:12:00,40.0,12456.0,Switzerland
548219,POST,POSTAGE,1,2011-03-30 09:46:00,3.95,,United Kingdom
548320,POST,POSTAGE,2,2011-03-30 12:54:00,18.0,12709.0,Germany
548327,M,Manual,1,2011-03-30 13:05:00,1.65,16788.0,United Kingdom
C548350,POST,POSTAGE,-1,2011-03-30 14:49:00,2.7,15648.0,United Kingdom
548363,POST,POSTAGE,10,2011-03-30 15:48:00,40.0,12428.0,Finland
548373,DOT,DOTCOM POSTAGE,1,2011-03-30 16:34:00,299.76,,United Kingdom
548412,POST,POSTAGE,1,2011-03-31 10:38:00,18.0,12601.0,Germany
C548454,M,Manual,-1,2011-03-31 11:42:00,5.7,16422.0,United Kingdom
C548454,M,Manual,-1,2011-03-31 11:42:00,7.88,16422.0,United Kingdom
C548454,M,Manual,-1,2011-03-31 11:42:00,0.22,16422.0,United Kingdom
C548454,M,Manual,-1,2011-03-31 11:42:00,57.6,16422.0,United Kingdom
C548456,M,Manual,-1,2011-03-31 11:49:00,57.6,16422.0,United Kingdom
548461,M,Manual,2,2011-03-31 12:08:00,0.5,14527.0,United Kingdom
C548469,M,Manual,-1,2011-03-31 12:32:00,12.75,14543.0,United Kingdom
C548469,M,Manual,-2,2011-03-31 12:32:00,10.95,14543.0,United Kingdom
548470,POST,POSTAGE,2,2011-03-31 12:36:00,28.0,12782.0,Portugal
548504,DOT,DOTCOM POSTAGE,1,2011-03-31 14:33:00,274.75,,United Kingdom
548505,DOT,DOTCOM POSTAGE,1,2011-03-31 14:34:00,236.88,,United Kingdom
548514,DOT,DOTCOM POSTAGE,1,2011-03-31 16:03:00,282.88,,United Kingdom
548515,M,Manual,3,2011-03-31 16:19:00,0.65,,United Kingdom
548516,DOT,DOTCOM POSTAGE,1,2011-03-31 16:28:00,197.3,,United Kingdom
548522,DOT,DOTCOM POSTAGE,1,2011-03-31 16:43:00,290.59,,United Kingdom
C548543,M,Manual,-12,2011-03-31 18:44:00,3.75,14525.0,United Kingdom
548568,M,Manual,1,2011-04-01 10:43:00,12.75,14543.0,United Kingdom
548568,M,Manual,2,2011-04-01 10:43:00,10.95,14543.0,United Kingdom
548621,M,Manual,3,2011-04-01 11:54:00,0.65,16960.0,United Kingdom
548631,M,Manual,1,2011-04-01 12:24:00,1.0,13184.0,United Kingdom
548654,POST,POSTAGE,7,2011-04-01 13:47:00,18.0,12569.0,Germany
548661,POST,POSTAGE,1,2011-04-01 14:28:00,350.0,12415.0,Australia
548663,DOT,DOTCOM POSTAGE,1,2011-04-01 14:44:00,244.46,,United Kingdom
548725,POST,POSTAGE,1,2011-04-04 09:08:00,134.0,12678.0,France
548737,POST,POSTAGE,4,2011-04-04 11:18:00,18.0,12682.0,France
548745,POST,POSTAGE,3,2011-04-04 12:10:00,18.0,12471.0,Germany
548813,M,Manual,1,2011-04-04 13:03:00,162.6,12744.0,Singapore
548813,M,Manual,1,2011-04-04 13:03:00,2382.92,12744.0,Singapore
548813,M,Manual,1,2011-04-04 13:03:00,239.3,12744.0,Singapore
548813,M,Manual,1,2011-04-04 13:03:00,1252.95,12744.0,Singapore
548820,M,Manual,1,2011-04-04 13:04:00,2053.07,12744.0,Singapore
C548830,M,Manual,-1,2011-04-04 13:08:00,162.6,12744.0,Singapore
C548830,M,Manual,-1,2011-04-04 13:08:00,2382.92,12744.0,Singapore
C548830,M,Manual,-1,2011-04-04 13:08:00,239.3,12744.0,Singapore
C548830,M,Manual,-1,2011-04-04 13:08:00,1252.95,12744.0,Singapore
C548834,M,Manual,-1,2011-04-04 13:09:00,2053.07,12744.0,Singapore
548860,M,Manual,1,2011-04-04 13:38:00,2.0,13263.0,United Kingdom
548893,DOT,DOTCOM POSTAGE,1,2011-04-04 15:54:00,336.52,,United Kingdom
548894,DOT,DOTCOM POSTAGE,1,2011-04-04 16:01:00,278.92,,United Kingdom
548913,M,Manual,1,2011-04-05 09:45:00,1136.3,12669.0,France
C548914,M,Manual,-1,2011-04-05 09:46:00,1136.3,12669.0,France
548955,POST,POSTAGE,1,2011-04-05 10:47:00,40.0,12348.0,Finland
549023,DOT,DOTCOM POSTAGE,1,2011-04-05 16:27:00,185.28,,United Kingdom
549155,DOT,DOTCOM POSTAGE,1,2011-04-06 17:08:00,187.21,,United Kingdom
C549184,POST,POSTAGE,-1,2011-04-07 09:28:00,40.0,12428.0,Finland
549193,POST,POSTAGE,2,2011-04-07 10:24:00,18.0,12580.0,Germany
549245,M,Manual,2,2011-04-07 11:59:00,0.85,15005.0,United Kingdom
549249,POST,POSTAGE,2,2011-04-07 12:04:00,15.0,12423.0,Belgium
549274,POST,POSTAGE,3,2011-04-07 13:07:00,18.0,12721.0,France
549295,DOT,DOTCOM POSTAGE,1,2011-04-07 19:49:00,252.57,,United Kingdom
549325,POST,POSTAGE,2,2011-04-08 10:32:00,50.0,12717.0,Greece
549434,POST,POSTAGE,4,2011-04-08 12:30:00,18.0,12647.0,Germany
549468,M,Manual,1,2011-04-08 14:27:00,1867.86,17940.0,United Kingdom
549524,DOT,DOTCOM POSTAGE,1,2011-04-08 15:42:00,183.2,,United Kingdom
549525,DOT,DOTCOM POSTAGE,1,2011-04-08 15:44:00,134.66,,United Kingdom
C549532,POST,POSTAGE,-1,2011-04-08 17:07:00,7.06,16217.0,United Kingdom
549559,POST,POSTAGE,3,2011-04-10 13:25:00,15.0,12447.0,Belgium
549588,POST,POSTAGE,3,2011-04-11 10:04:00,40.0,12428.0,Finland
549680,POST,POSTAGE,2,2011-04-11 13:02:00,18.0,12701.0,Germany
549682,POST,POSTAGE,2,2011-04-11 13:22:00,28.0,12596.0,Spain
549689,POST,POSTAGE,1,2011-04-11 13:40:00,4.95,15971.0,United Kingdom
549717,BANK CHARGES,Bank Charges,1,2011-04-11 14:56:00,15.0,14606.0,United Kingdom
549730,M,Manual,1,2011-04-11 16:35:00,1.5,15867.0,United Kingdom
549739,M,Manual,1,2011-04-12 09:35:00,308.82,15935.0,United Kingdom
549825,POST,POSTAGE,2,2011-04-12 12:47:00,18.0,12463.0,Belgium
C549827,POST,POSTAGE,-2,2011-04-12 12:55:00,3.0,12463.0,Belgium
C549930,M,Manual,-1,2011-04-13 10:36:00,15.05,16454.0,United Kingdom
C549931,M,Manual,-1,2011-04-13 10:40:00,97.35,,United Kingdom
C549945,POST,POSTAGE,-1,2011-04-13 12:39:00,5.95,18270.0,United Kingdom
549981,M,Manual,6,2011-04-13 15:49:00,0.39,16348.0,United Kingdom
549989,M,Manual,1,2011-04-13 16:58:00,2.55,13221.0,United Kingdom
550002,POST,POSTAGE,1,2011-04-14 09:30:00,18.0,12709.0,Germany
550004,POST,POSTAGE,4,2011-04-14 09:56:00,18.0,12569.0,Germany
C550009,M,Manual,-1,2011-04-14 10:24:00,57.6,16422.0,United Kingdom
550145,POST,POSTAGE,3,2011-04-14 14:15:00,18.0,12637.0,France
C550147,POST,POSTAGE,-3,2011-04-14 14:23:00,18.0,12637.0,France
550162,POST,POSTAGE,2,2011-04-14 16:23:00,18.0,12569.0,Germany
550178,POST,POSTAGE,2,2011-04-14 17:25:00,18.0,12662.0,Germany
550187,POST,POSTAGE,2,2011-04-14 18:40:00,18.0,13811.0,Germany
550188,POST,POSTAGE,3,2011-04-14 18:57:00,40.0,12457.0,Switzerland
550192,POST,POSTAGE,3,2011-04-15 08:45:00,40.0,12582.0,Finland
550203,DOT,DOTCOM POSTAGE,1,2011-04-15 10:37:00,77.96,,United Kingdom
550204,DOT,DOTCOM POSTAGE,1,2011-04-15 10:37:00,74.75,,United Kingdom
550205,DOT,DOTCOM POSTAGE,1,2011-04-15 10:37:00,137.08,,United Kingdom
550206,DOT,DOTCOM POSTAGE,1,2011-04-15 10:38:00,155.33,,United Kingdom
550207,DOT,DOTCOM POSTAGE,1,2011-04-15 10:38:00,145.46,,United Kingdom
550208,DOT,DOTCOM POSTAGE,1,2011-04-15 10:39:00,210.42,,United Kingdom
550209,DOT,DOTCOM POSTAGE,1,2011-04-15 10:39:00,164.33,,United Kingdom
550210,DOT,DOTCOM POSTAGE,1,2011-04-15 10:40:00,202.42,,United Kingdom
550212,DOT,DOTCOM POSTAGE,1,2011-04-15 10:41:00,106.04,,United Kingdom
550211,DOT,DOTCOM POSTAGE,1,2011-04-15 10:41:00,110.92,,United Kingdom
550213,DOT,DOTCOM POSTAGE,1,2011-04-15 10:42:00,105.21,,United Kingdom
550214,DOT,DOTCOM POSTAGE,1,2011-04-15 10:43:00,175.13,,United Kingdom
550215,DOT,DOTCOM POSTAGE,1,2011-04-15 10:43:00,213.08,,United Kingdom
550277,POST,POSTAGE,3,2011-04-15 12:48:00,40.0,12639.0,Sweden
550281,POST,POSTAGE,1,2011-04-15 13:48:00,40.0,12457.0,Switzerland
550284,POST,POSTAGE,1,2011-04-15 14:10:00,15.0,12383.0,Belgium
550313,POST,POSTAGE,2,2011-04-17 11:21:00,18.0,12681.0,France
550354,M,Manual,1,2011-04-18 10:28:00,222.75,13811.0,Germany
C550355,M,Manual,-1,2011-04-18 10:29:00,222.75,13811.0,Germany
C550365,POST,POSTAGE,-1,2011-04-18 11:31:00,11.0,12731.0,France
550440,POST,POSTAGE,2,2011-04-18 12:25:00,15.0,12407.0,Belgium
550458,DOT,DOTCOM POSTAGE,1,2011-04-18 13:13:00,156.45,,United Kingdom
550469,M,Manual,18,2011-04-18 13:46:00,0.1,16399.0,United Kingdom
550470,DOT,DOTCOM POSTAGE,1,2011-04-18 13:49:00,2.29,,United Kingdom
550471,DOT,DOTCOM POSTAGE,1,2011-04-18 13:52:00,28.66,,United Kingdom
550474,DOT,DOTCOM POSTAGE,1,2011-04-18 13:58:00,46.86,,United Kingdom
550488,M,Manual,4,2011-04-18 14:27:00,0.83,16729.0,United Kingdom
550496,DOT,DOTCOM POSTAGE,1,2011-04-18 15:05:00,84.21,,United Kingdom
550499,DOT,DOTCOM POSTAGE,1,2011-04-18 15:16:00,148.67,,United Kingdom
550500,DOT,DOTCOM POSTAGE,1,2011-04-18 15:26:00,222.02,,United Kingdom
550513,M,Manual,1,2011-04-18 16:37:00,7.95,16928.0,United Kingdom
550527,POST,POSTAGE,11,2011-04-19 10:48:00,18.0,12476.0,Germany
C550529,M,Manual,-1,2011-04-19 10:49:00,158.21,18102.0,United Kingdom
C550540,POST,POSTAGE,-1,2011-04-19 11:31:00,3.82,14339.0,United Kingdom
550541,DOT,DOTCOM POSTAGE,1,2011-04-19 11:33:00,187.1,,United Kingdom
550542,DOT,DOTCOM POSTAGE,1,2011-04-19 11:37:00,176.52,,United Kingdom
550620,POST,POSTAGE,6,2011-04-19 13:39:00,18.0,12585.0,Germany
550625,POST,POSTAGE,2,2011-04-19 14:02:00,18.0,12619.0,Germany
550633,M,Manual,1,2011-04-19 14:57:00,3.0,17449.0,United Kingdom
550636,DOT,DOTCOM POSTAGE,1,2011-04-19 15:37:00,149.67,,United Kingdom
550638,DOT,DOTCOM POSTAGE,1,2011-04-19 15:44:00,192.67,,United Kingdom
550661,POST,POSTAGE,4,2011-04-20 09:20:00,18.0,12656.0,France
550665,POST,POSTAGE,2,2011-04-20 09:31:00,18.0,12530.0,Germany
C550787,POST,POSTAGE,-1,2011-04-20 14:08:00,21.78,17450.0,United Kingdom
C550787,POST,POSTAGE,-1,2011-04-20 14:08:00,3.96,17450.0,United Kingdom
550827,POST,POSTAGE,3,2011-04-21 10:16:00,18.0,12670.0,France
550899,POST,POSTAGE,4,2011-04-21 12:07:00,40.0,13505.0,Switzerland
550924,POST,POSTAGE,1,2011-04-21 14:33:00,40.0,12664.0,Finland
C550932,BANK CHARGES,Bank Charges,-1,2011-04-21 15:12:00,475.69,,United Kingdom
C550933,M,Manual,-1,2011-04-21 15:13:00,678.03,,United Kingdom
C550935,M,Manual,-1,2011-04-21 15:15:00,194.97,,United Kingdom
550946,POST,POSTAGE,1,2011-04-21 15:52:00,18.0,12708.0,Germany
550953,DOT,DOTCOM POSTAGE,1,2011-04-21 16:17:00,283.0,,United Kingdom
550957,M,Manual,1,2011-04-21 16:37:00,1.95,18283.0,United Kingdom
550960,POST,POSTAGE,1,2011-04-21 16:39:00,18.0,12622.0,Germany
550986,DOT,DOTCOM POSTAGE,1,2011-04-21 18:06:00,221.16,,United Kingdom
550987,DOT,DOTCOM POSTAGE,1,2011-04-21 18:10:00,163.83,,United Kingdom
550998,POST,POSTAGE,1,2011-04-26 09:12:00,40.0,12414.0,Austria
551004,DOT,DOTCOM POSTAGE,1,2011-04-26 09:48:00,176.71,,United Kingdom
551006,DOT,DOTCOM POSTAGE,1,2011-04-26 09:48:00,138.08,,United Kingdom
551005,DOT,DOTCOM POSTAGE,1,2011-04-26 09:48:00,172.63,,United Kingdom
551007,DOT,DOTCOM POSTAGE,1,2011-04-26 09:49:00,125.88,,United Kingdom
551008,DOT,DOTCOM POSTAGE,1,2011-04-26 09:50:00,122.5,,United Kingdom
551009,DOT,DOTCOM POSTAGE,1,2011-04-26 09:50:00,264.0,,United Kingdom
551010,DOT,DOTCOM POSTAGE,1,2011-04-26 09:52:00,119.13,,United Kingdom
551013,POST,POSTAGE,2,2011-04-26 10:54:00,18.0,15108.0,European Community
551016,M,Manual,2,2011-04-26 11:09:00,1.65,17975.0,United Kingdom
551054,POST,POSTAGE,2,2011-04-26 11:44:00,28.0,12429.0,Austria
551173,DOT,DOTCOM POSTAGE,1,2011-04-26 16:54:00,133.64,,United Kingdom
551174,DOT,DOTCOM POSTAGE,1,2011-04-26 17:02:00,111.73,,United Kingdom
C551179,M,Manual,-15,2011-04-26 17:29:00,0.24,16422.0,United Kingdom
551258,POST,POSTAGE,8,2011-04-27 12:02:00,18.0,12621.0,Germany
551268,M,Manual,48,2011-04-27 12:08:00,0.19,16965.0,United Kingdom
551270,M,Manual,1,2011-04-27 12:35:00,2.55,15891.0,United Kingdom
551277,M,Manual,1,2011-04-27 13:06:00,1.25,13637.0,United Kingdom
551278,POST,POSTAGE,1,2011-04-27 13:13:00,40.0,12483.0,Sweden
551339,DOT,DOTCOM POSTAGE,1,2011-04-27 17:18:00,102.5,,United Kingdom
551340,DOT,DOTCOM POSTAGE,1,2011-04-27 17:23:00,181.34,,United Kingdom
551345,POST,POSTAGE,6,2011-04-28 09:03:00,15.0,14646.0,Netherlands
551346,POST,POSTAGE,3,2011-04-28 09:12:00,15.0,12362.0,Belgium
C551386,M,Manual,-1,2011-04-28 11:38:00,1.01,16422.0,United Kingdom
551389,POST,POSTAGE,1,2011-04-28 11:45:00,18.0,12437.0,France
551398,POST,POSTAGE,3,2011-04-28 13:09:00,28.0,12417.0,Spain
551419,M,Manual,1,2011-04-28 13:51:00,400.0,12748.0,United Kingdom
551467,POST,POSTAGE,1,2011-04-28 16:20:00,18.0,12600.0,Germany
551468,DOT,DOTCOM POSTAGE,1,2011-04-28 16:21:00,143.18,,United Kingdom
C551526,M,Manual,-1,2011-05-01 12:38:00,1.95,16401.0,United Kingdom
551529,POST,POSTAGE,8,2011-05-01 13:18:00,18.0,12524.0,Germany
551544,POST,POSTAGE,4,2011-05-03 09:33:00,18.0,12683.0,France
C551551,M,Manual,-1,2011-05-03 10:08:00,0.29,17841.0,United Kingdom
551552,POST,POSTAGE,2,2011-05-03 10:09:00,18.0,12598.0,France
551649,POST,POSTAGE,2,2011-05-03 12:02:00,20.0,12643.0,France
551652,POST,POSTAGE,2,2011-05-03 12:03:00,1.0,12643.0,France
C551685,POST,POSTAGE,-1,2011-05-03 12:51:00,8142.75,16029.0,United Kingdom
551697,POST,POSTAGE,1,2011-05-03 13:46:00,8142.75,16029.0,United Kingdom
C551699,M,Manual,-1,2011-05-03 14:12:00,6930.0,16029.0,United Kingdom
551714,M,Manual,1,2011-05-03 15:15:00,25.95,16806.0,United Kingdom
551718,DOT,DOTCOM POSTAGE,1,2011-05-03 16:06:00,160.37,,United Kingdom
551719,DOT,DOTCOM POSTAGE,1,2011-05-03 16:09:00,178.12,,United Kingdom
551818,POST,POSTAGE,4,2011-05-04 11:57:00,18.0,12569.0,Germany
551820,POST,POSTAGE,2,2011-05-04 12:11:00,18.0,12645.0,Germany
551868,POST,POSTAGE,8,2011-05-04 16:29:00,28.0,12540.0,Spain
551886,POST,POSTAGE,1,2011-05-05 09:23:00,18.0,12569.0,Germany
551887,POST,POSTAGE,2,2011-05-05 09:29:00,18.0,12593.0,France
551945,BANK CHARGES,Bank Charges,1,2011-05-05 11:09:00,15.0,16714.0,United Kingdom
551982,M,Manual,3,2011-05-05 13:56:00,2.1,15023.0,United Kingdom
551985,POST,POSTAGE,1,2011-05-05 14:38:00,15.0,12395.0,Belgium
551995,DOT,DOTCOM POSTAGE,1,2011-05-05 15:42:00,55.64,,United Kingdom
551997,DOT,DOTCOM POSTAGE,1,2011-05-05 15:47:00,43.57,,United Kingdom
552000,DOT,DOTCOM POSTAGE,1,2011-05-05 15:56:00,49.62,,United Kingdom
552008,POST,POSTAGE,4,2011-05-05 17:13:00,18.0,12476.0,Germany
552040,POST,POSTAGE,4,2011-05-06 08:19:00,28.0,12502.0,Spain
552188,POST,POSTAGE,2,2011-05-06 14:01:00,15.0,12394.0,Belgium
552202,POST,POSTAGE,1,2011-05-06 14:51:00,40.0,12414.0,Austria
C552203,M,Manual,-1,2011-05-06 14:56:00,189.44,,United Kingdom
552229,DOT,DOTCOM POSTAGE,1,2011-05-06 15:40:00,21.74,,United Kingdom
552230,DOT,DOTCOM POSTAGE,1,2011-05-06 15:43:00,0.0,,United Kingdom
552232,DOT,DOTCOM POSTAGE,1,2011-05-06 15:54:00,36.71,,United Kingdom
552234,DOT,DOTCOM POSTAGE,1,2011-05-06 16:01:00,174.24,,United Kingdom
552259,M,Manual,1,2011-05-08 11:13:00,1.0,15796.0,United Kingdom
552315,POST,POSTAGE,6,2011-05-08 16:10:00,18.0,12700.0,France
C552317,POST,POSTAGE,-2,2011-05-08 16:12:00,18.0,12700.0,France
552325,POST,POSTAGE,2,2011-05-09 09:47:00,18.0,12490.0,France
552337,POST,POSTAGE,3,2011-05-09 11:34:00,18.0,12621.0,Germany
C552343,M,Manual,-1,2011-05-09 12:09:00,125.0,15521.0,United Kingdom
C552455,M,Manual,-1,2011-05-09 14:38:00,587.08,,United Kingdom
C552458,BANK CHARGES,Bank Charges,-1,2011-05-09 14:41:00,440.29,,United Kingdom
C552459,M,Manual,-1,2011-05-09 14:44:00,598.59,,United Kingdom
552464,POST,POSTAGE,1,2011-05-09 15:12:00,18.0,12726.0,France
552493,DOT,DOTCOM POSTAGE,1,2011-05-09 16:21:00,226.61,,United Kingdom
552508,DOT,DOTCOM POSTAGE,1,2011-05-09 16:27:00,198.6,,United Kingdom
552514,DOT,DOTCOM POSTAGE,1,2011-05-09 16:30:00,205.45,,United Kingdom
552520,DOT,DOTCOM POSTAGE,1,2011-05-09 16:34:00,189.84,,United Kingdom
552543,POST,POSTAGE,2,2011-05-10 10:22:00,15.0,12399.0,Belgium
552549,M,Manual,1,2011-05-10 10:39:00,334.71,15674.0,United Kingdom
C552553,M,Manual,-1,2011-05-10 10:51:00,334.71,15674.0,United Kingdom
552631,POST,POSTAGE,2,2011-05-10 12:55:00,18.0,12684.0,France
552649,POST,POSTAGE,1,2011-05-10 13:44:00,18.0,12592.0,Germany
552656,POST,POSTAGE,3,2011-05-10 14:46:00,18.0,12712.0,Germany
552660,DOT,DOTCOM POSTAGE,1,2011-05-10 15:03:00,184.92,,United Kingdom
552662,DOT,DOTCOM POSTAGE,1,2011-05-10 15:04:00,161.88,,United Kingdom
552663,DOT,DOTCOM POSTAGE,1,2011-05-10 15:04:00,133.17,,United Kingdom
552665,DOT,DOTCOM POSTAGE,1,2011-05-10 15:05:00,101.92,,United Kingdom
552667,DOT,DOTCOM POSTAGE,1,2011-05-10 15:05:00,118.38,,United Kingdom
552666,DOT,DOTCOM POSTAGE,1,2011-05-10 15:05:00,109.25,,United Kingdom
552668,DOT,DOTCOM POSTAGE,1,2011-05-10 15:05:00,168.63,,United Kingdom
552670,DOT,DOTCOM POSTAGE,1,2011-05-10 15:06:00,181.83,,United Kingdom
552671,DOT,DOTCOM POSTAGE,1,2011-05-10 15:06:00,146.29,,United Kingdom
552672,DOT,DOTCOM POSTAGE,1,2011-05-10 15:06:00,135.67,,United Kingdom
552673,DOT,DOTCOM POSTAGE,1,2011-05-10 15:07:00,95.38,,United Kingdom
552675,DOT,DOTCOM POSTAGE,1,2011-05-10 15:07:00,166.88,,United Kingdom
552677,DOT,DOTCOM POSTAGE,1,2011-05-10 15:07:00,202.96,,United Kingdom
552676,DOT,DOTCOM POSTAGE,1,2011-05-10 15:07:00,202.29,,United Kingdom
552674,DOT,DOTCOM POSTAGE,1,2011-05-10 15:07:00,132.29,,United Kingdom
552681,DOT,DOTCOM POSTAGE,1,2011-05-10 15:08:00,166.08,,United Kingdom
552678,DOT,DOTCOM POSTAGE,1,2011-05-10 15:08:00,201.5,,United Kingdom
552687,DOT,DOTCOM POSTAGE,1,2011-05-10 15:09:00,246.5,,United Kingdom
552683,DOT,DOTCOM POSTAGE,1,2011-05-10 15:09:00,131.42,,United Kingdom
552684,DOT,DOTCOM POSTAGE,1,2011-05-10 15:09:00,161.96,,United Kingdom
552702,DOT,DOTCOM POSTAGE,1,2011-05-10 16:00:00,120.92,,United Kingdom
552731,POST,POSTAGE,2,2011-05-11 10:43:00,18.0,12372.0,Denmark
C552744,POST,POSTAGE,-1,2011-05-11 11:15:00,3.15,16297.0,United Kingdom
552845,POST,POSTAGE,6,2011-05-11 14:37:00,15.0,14646.0,Netherlands
552844,POST,POSTAGE,2,2011-05-11 14:37:00,18.0,12649.0,Germany
552846,POST,POSTAGE,1,2011-05-11 14:38:00,18.0,14646.0,Netherlands
552857,DOT,DOTCOM POSTAGE,1,2011-05-11 15:34:00,175.69,,United Kingdom
C552863,M,Manual,-1,2011-05-11 16:52:00,5.1,13012.0,United Kingdom
552871,POST,POSTAGE,2,2011-05-12 08:52:00,18.0,12693.0,Germany
552874,POST,POSTAGE,7,2011-05-12 09:40:00,18.0,12621.0,Germany
C552876,M,Manual,-1,2011-05-12 09:48:00,929.9,13235.0,United Kingdom
552878,POST,POSTAGE,8,2011-05-12 09:54:00,18.0,12625.0,Germany
552884,POST,POSTAGE,1,2011-05-12 10:15:00,15.0,12395.0,Belgium
552946,POST,POSTAGE,1,2011-05-12 11:50:00,18.0,12683.0,France
552980,POST,POSTAGE,1,2011-05-12 14:52:00,523.0,12590.0,Germany
C552995,M,Manual,-1350,2011-05-12 15:19:00,0.16,18133.0,United Kingdom
553002,M,Manual,2,2011-05-12 15:26:00,1.95,13263.0,United Kingdom
553013,DOT,DOTCOM POSTAGE,1,2011-05-12 18:19:00,189.68,,United Kingdom
553018,M,Manual,1,2011-05-12 19:02:00,557.72,12757.0,Portugal
C553019,M,Manual,-1,2011-05-12 19:04:00,557.72,12757.0,Portugal
C553033,POST,POSTAGE,-1,2011-05-12 19:50:00,3.5,13883.0,United Kingdom
553035,M,Manual,1,2011-05-12 20:13:00,1.45,17337.0,United Kingdom
553037,POST,POSTAGE,4,2011-05-13 08:10:00,18.0,12471.0,Germany
553044,POST,POSTAGE,2,2011-05-13 09:24:00,18.0,12682.0,France
553161,POST,POSTAGE,1,2011-05-13 15:48:00,18.0,12681.0,France
553162,DOT,DOTCOM POSTAGE,1,2011-05-13 15:53:00,152.19,,United Kingdom
553189,M,Manual,2,2011-05-15 13:14:00,1.65,15033.0,United Kingdom
553195,POST,POSTAGE,1,2011-05-15 13:45:00,18.0,12599.0,France
553208,POST,POSTAGE,2,2011-05-16 09:10:00,18.0,12674.0,France
553316,POST,POSTAGE,1,2011-05-16 12:04:00,18.0,12682.0,France
553357,M,Manual,2,2011-05-16 14:17:00,15.0,12684.0,France
C553370,POST,POSTAGE,-1,2011-05-16 14:30:00,19.29,,United Kingdom
C553370,M,Manual,-1,2011-05-16 14:30:00,260.7,,United Kingdom
C553372,POST,POSTAGE,-1,2011-05-16 14:37:00,35.65,,United Kingdom
C553372,M,Manual,-1,2011-05-16 14:37:00,293.08,,United Kingdom
C553373,POST,POSTAGE,-1,2011-05-16 14:48:00,16.85,,United Kingdom
C553373,M,Manual,-1,2011-05-16 14:48:00,233.37,,United Kingdom
C553376,POST,POSTAGE,-1,2011-05-16 14:56:00,18.75,,United Kingdom
C553376,M,Manual,-1,2011-05-16 14:56:00,273.79,,United Kingdom
C553378,POST,POSTAGE,-1,2011-05-16 15:02:00,27.42,,United Kingdom
C553378,M,Manual,-1,2011-05-16 15:02:00,269.7,,United Kingdom
553387,DOT,DOTCOM POSTAGE,1,2011-05-16 16:33:00,182.67,,United Kingdom
553389,DOT,DOTCOM POSTAGE,1,2011-05-16 16:37:00,113.99,,United Kingdom
553393,DOT,DOTCOM POSTAGE,1,2011-05-16 16:46:00,66.38,,United Kingdom
C553407,POST,POSTAGE,-1,2011-05-17 08:58:00,40.0,15768.0,United Kingdom
553411,POST,POSTAGE,3,2011-05-17 09:28:00,18.0,12714.0,France
C553414,POST,POSTAGE,-1,2011-05-17 09:57:00,18.0,12600.0,Germany
553415,POST,POSTAGE,2,2011-05-17 10:02:00,18.0,12463.0,Belgium
C553510,POST,POSTAGE,-1,2011-05-17 13:46:00,1.0,14342.0,United Kingdom
C553511,BANK CHARGES,Bank Charges,-1,2011-05-17 13:49:00,86.9,,United Kingdom
553521,M,Manual,1,2011-05-17 14:35:00,452.45,,United Kingdom
C553528,BANK CHARGES,Bank Charges,-1,2011-05-17 14:58:00,82.73,,United Kingdom
553539,M,Manual,1,2011-05-17 15:27:00,465.87,,United Kingdom
553541,DOT,DOTCOM POSTAGE,1,2011-05-17 15:33:00,248.13,,United Kingdom
553542,DOT,DOTCOM POSTAGE,1,2011-05-17 15:34:00,204.63,,United Kingdom
553543,DOT,DOTCOM POSTAGE,1,2011-05-17 15:35:00,154.5,,United Kingdom
553544,DOT,DOTCOM POSTAGE,1,2011-05-17 15:36:00,124.08,,United Kingdom
553545,DOT,DOTCOM POSTAGE,1,2011-05-17 15:37:00,105.96,,United Kingdom
553547,POST,POSTAGE,4,2011-05-17 15:48:00,18.0,12474.0,Germany
553549,DOT,DOTCOM POSTAGE,1,2011-05-17 16:09:00,179.67,,United Kingdom
553559,M,Manual,1,2011-05-17 17:12:00,293.0,14931.0,Channel Islands
C553560,M,Manual,-1,2011-05-17 17:14:00,293.0,14931.0,Channel Islands
553566,POST,POSTAGE,3,2011-05-18 09:09:00,18.0,12690.0,France
553577,POST,POSTAGE,2,2011-05-18 10:34:00,18.0,12437.0,France
553666,POST,POSTAGE,2,2011-05-18 12:18:00,18.0,12679.0,France
C553669,POST,POSTAGE,-1,2011-05-18 12:24:00,3.71,15128.0,United Kingdom
553674,POST,POSTAGE,1,2011-05-18 12:50:00,40.0,12483.0,Sweden
553682,POST,POSTAGE,4,2011-05-18 13:20:00,15.0,14646.0,Netherlands
553718,DOT,DOTCOM POSTAGE,1,2011-05-18 16:14:00,176.8,,United Kingdom
553731,POST,POSTAGE,4,2011-05-19 08:26:00,18.0,12481.0,Germany
553741,POST,POSTAGE,3,2011-05-19 09:37:00,18.0,12520.0,Germany
553766,DOT,DOTCOM POSTAGE,1,2011-05-19 10:44:00,205.5,,United Kingdom
553767,DOT,DOTCOM POSTAGE,1,2011-05-19 10:46:00,162.75,,United Kingdom
553768,DOT,DOTCOM POSTAGE,1,2011-05-19 10:47:00,236.46,,United Kingdom
553842,POST,POSTAGE,2,2011-05-19 12:24:00,18.0,12524.0,Germany
553843,POST,POSTAGE,2,2011-05-19 12:29:00,18.0,12553.0,France
553884,POST,POSTAGE,1,2011-05-19 15:36:00,18.0,12600.0,Germany
553885,POST,POSTAGE,1,2011-05-19 15:41:00,18.0,12601.0,Germany
553890,DOT,DOTCOM POSTAGE,1,2011-05-19 16:32:00,167.03,,United Kingdom
553997,POST,POSTAGE,9,2011-05-20 11:34:00,18.0,12656.0,France
C554002,POST,POSTAGE,-1,2011-05-20 12:09:00,6.5,13692.0,United Kingdom
C554010,POST,POSTAGE,-1,2011-05-20 12:44:00,75.0,17940.0,United Kingdom
554038,POST,POSTAGE,2,2011-05-20 14:23:00,15.0,12775.0,Netherlands
554054,DOT,DOTCOM POSTAGE,1,2011-05-20 15:29:00,124.27,,United Kingdom
554097,POST,POSTAGE,5,2011-05-22 13:01:00,18.0,12567.0,France
C554100,M,Manual,-1,2011-05-22 13:27:00,0.85,15555.0,United Kingdom
554104,POST,POSTAGE,4,2011-05-22 14:03:00,18.0,12705.0,Germany
554106,POST,POSTAGE,4,2011-05-22 14:05:00,18.0,12710.0,Germany
554109,POST,POSTAGE,2,2011-05-22 14:33:00,18.0,12682.0,France
C554127,M,Manual,-96,2011-05-23 09:24:00,5.0,17949.0,United Kingdom
554132,POST,POSTAGE,4,2011-05-23 09:43:00,40.0,12360.0,Austria
554134,POST,POSTAGE,2,2011-05-23 09:48:00,18.0,12583.0,France
554137,POST,POSTAGE,2,2011-05-23 10:13:00,18.0,12708.0,Germany
554147,POST,POSTAGE,2,2011-05-23 10:48:00,15.0,12423.0,Belgium
C554154,M,Manual,-1,2011-05-23 11:24:00,1241.98,12757.0,Portugal
554155,M,Manual,1,2011-05-23 11:26:00,1241.98,12757.0,Portugal
554159,POST,POSTAGE,2,2011-05-23 11:48:00,15.0,12464.0,Belgium
554285,DOT,DOTCOM POSTAGE,1,2011-05-23 14:15:00,156.92,,United Kingdom
554293,DOT,DOTCOM POSTAGE,1,2011-05-23 14:19:00,159.63,,United Kingdom
554301,M,Manual,1,2011-05-23 14:46:00,1241.98,12757.0,Portugal
C554302,M,Manual,-1,2011-05-23 14:50:00,1241.98,12757.0,Portugal
C554303,M,Manual,-1,2011-05-23 14:52:00,15.0,12757.0,Portugal
554305,M,Manual,1,2011-05-23 14:58:00,557.72,12757.0,Portugal
C554308,M,Manual,-1,2011-05-23 15:00:00,557.72,12757.0,Portugal
554310,DOT,DOTCOM POSTAGE,1,2011-05-23 15:25:00,249.91,,United Kingdom
554324,POST,POSTAGE,1,2011-05-23 15:38:00,18.0,12712.0,Germany
554325,POST,POSTAGE,3,2011-05-23 15:38:00,18.0,12621.0,Germany
554356,POST,POSTAGE,2,2011-05-24 09:25:00,18.0,12670.0,France
554363,POST,POSTAGE,2,2011-05-24 10:19:00,18.0,12647.0,Germany
554511,DOT,DOTCOM POSTAGE,1,2011-05-24 15:52:00,162.67,,United Kingdom
554512,DOT,DOTCOM POSTAGE,1,2011-05-24 15:54:00,194.12,,United Kingdom
554514,DOT,DOTCOM POSTAGE,1,2011-05-24 15:58:00,214.29,,United Kingdom
C554535,M,Manual,-1,2011-05-24 17:36:00,60.0,17940.0,United Kingdom
C554544,M,Manual,-1,2011-05-25 09:34:00,102.64,,United Kingdom
554555,POST,POSTAGE,2,2011-05-25 10:08:00,18.0,12437.0,France
554648,POST,POSTAGE,3,2011-05-25 12:44:00,18.0,12562.0,France
554650,POST,POSTAGE,3,2011-05-25 12:54:00,18.0,12681.0,France
554654,POST,POSTAGE,3,2011-05-25 13:34:00,40.0,12815.0,Poland
554694,DOT,DOTCOM POSTAGE,1,2011-05-25 17:06:00,202.77,,United Kingdom
554699,POST,POSTAGE,3,2011-05-26 09:17:00,18.0,12613.0,Germany
554711,POST,POSTAGE,1,2011-05-26 10:41:00,18.0,12654.0,Germany
554714,DOT,DOTCOM POSTAGE,1,2011-05-26 10:44:00,155.25,,United Kingdom
554792,POST,POSTAGE,1,2011-05-26 12:38:00,28.0,12547.0,Spain
554794,POST,POSTAGE,2,2011-05-26 12:41:00,18.0,12720.0,Germany
554840,POST,POSTAGE,2,2011-05-26 17:16:00,18.0,12684.0,France
554857,POST,,800,2011-05-27 10:08:00,0.0,,United Kingdom
554861,POST,POSTAGE,5,2011-05-27 10:29:00,18.0,12633.0,Germany
554924,POST,POSTAGE,1,2011-05-27 12:54:00,4.0,12748.0,United Kingdom
554933,M,Manual,2,2011-05-27 13:26:00,0.3,13232.0,United Kingdom
554938,POST,POSTAGE,4,2011-05-27 13:34:00,15.0,12876.0,Belgium
554940,POST,POSTAGE,2,2011-05-27 13:49:00,18.0,12494.0,France
554957,DOT,DOTCOM POSTAGE,1,2011-05-27 15:17:00,75.75,,United Kingdom
554958,DOT,DOTCOM POSTAGE,1,2011-05-27 15:17:00,167.88,,United Kingdom
554959,DOT,DOTCOM POSTAGE,1,2011-05-27 15:18:00,58.5,,United Kingdom
554960,DOT,DOTCOM POSTAGE,1,2011-05-27 15:18:00,148.75,,United Kingdom
554961,DOT,DOTCOM POSTAGE,1,2011-05-27 15:19:00,164.29,,United Kingdom
554985,POST,POSTAGE,4,2011-05-29 12:26:00,18.0,12426.0,Germany
555003,POST,POSTAGE,1,2011-05-31 09:36:00,15.0,12787.0,Netherlands
555096,POST,POSTAGE,3,2011-05-31 13:32:00,18.0,12682.0,France
555095,POST,POSTAGE,7,2011-05-31 13:32:00,28.0,12540.0,Spain
555106,POST,POSTAGE,2,2011-05-31 14:14:00,15.0,12790.0,Netherlands
555110,M,Manual,2,2011-05-31 14:34:00,1.65,17841.0,United Kingdom
555147,POST,POSTAGE,4,2011-05-31 15:41:00,40.0,13505.0,Switzerland
555149,DOT,DOTCOM POSTAGE,1,2011-05-31 15:49:00,154.01,,United Kingdom
555150,DOT,DOTCOM POSTAGE,1,2011-05-31 15:53:00,183.55,,United Kingdom
555161,POST,POSTAGE,1,2011-06-01 09:26:00,15.0,12423.0,Belgium
555162,POST,POSTAGE,4,2011-06-01 10:15:00,18.0,12473.0,Germany
C555163,POST,POSTAGE,-2,2011-06-01 10:18:00,18.0,12473.0,Germany
555264,M,Manual,1,2011-06-01 16:03:00,3.95,17757.0,United Kingdom
555275,DOT,DOTCOM POSTAGE,1,2011-06-01 17:18:00,205.29,,United Kingdom
555276,DOT,DOTCOM POSTAGE,1,2011-06-01 17:28:00,185.88,,United Kingdom
555277,DOT,DOTCOM POSTAGE,1,2011-06-01 17:30:00,124.87,,United Kingdom
555278,DOT,DOTCOM POSTAGE,1,2011-06-01 17:33:00,97.96,,United Kingdom
555320,DOT,DOTCOM POSTAGE,1,2011-06-02 11:00:00,98.54,,United Kingdom
555321,DOT,DOTCOM POSTAGE,1,2011-06-02 11:01:00,56.79,,United Kingdom
555322,DOT,DOTCOM POSTAGE,1,2011-06-02 11:01:00,88.71,,United Kingdom
555324,DOT,DOTCOM POSTAGE,1,2011-06-02 11:02:00,124.08,,United Kingdom
555325,DOT,DOTCOM POSTAGE,1,2011-06-02 11:02:00,47.67,,United Kingdom
555323,DOT,DOTCOM POSTAGE,1,2011-06-02 11:02:00,46.0,,United Kingdom
555326,DOT,DOTCOM POSTAGE,1,2011-06-02 11:03:00,79.67,,United Kingdom
555327,DOT,DOTCOM POSTAGE,1,2011-06-02 11:03:00,158.63,,United Kingdom
C555339,M,Manual,-1,2011-06-02 11:32:00,11.7,16422.0,United Kingdom
555397,DOT,DOTCOM POSTAGE,1,2011-06-02 17:26:00,216.8,,United Kingdom
555403,POST,POSTAGE,1,2011-06-02 18:06:00,40.0,12676.0,Sweden
555407,POST,POSTAGE,1,2011-06-03 07:48:00,15.0,12775.0,Netherlands
555417,POST,POSTAGE,1,2011-06-03 10:17:00,18.0,12601.0,Germany
555470,POST,POSTAGE,1,2011-06-03 11:33:00,28.0,12455.0,Spain
555510,DOT,DOTCOM POSTAGE,1,2011-06-03 17:09:00,181.45,,United Kingdom
555523,POST,POSTAGE,2,2011-06-05 11:36:00,18.0,12468.0,Germany
555531,POST,POSTAGE,11,2011-06-05 11:53:00,18.0,12678.0,France
555547,POST,POSTAGE,4,2011-06-05 13:13:00,18.0,12681.0,France
555553,POST,POSTAGE,2,2011-06-05 13:45:00,18.0,12662.0,Germany
555569,POST,POSTAGE,5,2011-06-05 15:29:00,18.0,12727.0,France
555572,POST,POSTAGE,6,2011-06-05 15:37:00,15.0,12449.0,Belgium
555574,POST,POSTAGE,3,2011-06-05 15:46:00,15.0,12417.0,Belgium
555589,POST,POSTAGE,2,2011-06-06 09:36:00,15.0,12802.0,Netherlands
555648,M,Manual,12,2011-06-06 13:46:00,0.39,14623.0,United Kingdom
555719,POST,POSTAGE,5,2011-06-06 15:31:00,18.0,12609.0,Germany
555721,POST,POSTAGE,3,2011-06-06 16:01:00,15.0,15108.0,European Community
555722,DOT,DOTCOM POSTAGE,1,2011-06-06 16:06:00,208.89,,United Kingdom
555726,POST,POSTAGE,2,2011-06-06 16:23:00,28.0,12540.0,Spain
555739,POST,POSTAGE,3,2011-06-07 09:49:00,15.0,12380.0,Belgium
555851,M,Manual,1,2011-06-07 13:37:00,3.75,13050.0,United Kingdom
555869,POST,POSTAGE,1,2011-06-07 14:54:00,5.15,,United Kingdom
555923,DOT,DOTCOM POSTAGE,1,2011-06-07 17:09:00,222.18,,United Kingdom
555924,DOT,DOTCOM POSTAGE,1,2011-06-07 17:12:00,174.78,,United Kingdom
555925,DOT,DOTCOM POSTAGE,1,2011-06-07 17:13:00,173.59,,United Kingdom
555928,POST,POSTAGE,2,2011-06-08 08:02:00,15.0,12383.0,Belgium
555931,POST,POSTAGE,4,2011-06-08 08:31:00,40.0,17828.0,Malta
555937,POST,POSTAGE,3,2011-06-08 09:39:00,18.0,12683.0,France
555941,POST,POSTAGE,1,2011-06-08 10:10:00,18.0,12726.0,France
555943,POST,POSTAGE,3,2011-06-08 10:15:00,40.0,13520.0,Switzerland
556070,M,Manual,1,2011-06-08 14:51:00,129.38,17873.0,United Kingdom
556082,DOT,DOTCOM POSTAGE,1,2011-06-08 15:22:00,212.96,,United Kingdom
556081,DOT,DOTCOM POSTAGE,1,2011-06-08 15:22:00,169.29,,United Kingdom
556083,DOT,DOTCOM POSTAGE,1,2011-06-08 15:23:00,89.79,,United Kingdom
556085,DOT,DOTCOM POSTAGE,1,2011-06-08 15:23:00,151.33,,United Kingdom
556086,DOT,DOTCOM POSTAGE,1,2011-06-08 15:24:00,53.33,,United Kingdom
556087,DOT,DOTCOM POSTAGE,1,2011-06-08 15:24:00,110.13,,United Kingdom
556088,DOT,DOTCOM POSTAGE,1,2011-06-08 15:24:00,36.13,,United Kingdom
556091,DOT,DOTCOM POSTAGE,1,2011-06-08 15:25:00,84.63,,United Kingdom
556089,DOT,DOTCOM POSTAGE,1,2011-06-08 15:25:00,93.75,,United Kingdom
556090,DOT,DOTCOM POSTAGE,1,2011-06-08 15:25:00,61.79,,United Kingdom
556092,DOT,DOTCOM POSTAGE,1,2011-06-08 15:25:00,97.79,,United Kingdom
556093,DOT,DOTCOM POSTAGE,1,2011-06-08 15:26:00,224.42,,United Kingdom
556094,DOT,DOTCOM POSTAGE,1,2011-06-08 15:26:00,98.75,,United Kingdom
556095,DOT,DOTCOM POSTAGE,1,2011-06-08 15:27:00,192.54,,United Kingdom
556108,DOT,DOTCOM POSTAGE,1,2011-06-08 17:59:00,275.98,,United Kingdom
556114,POST,POSTAGE,1,2011-06-09 09:36:00,18.0,12569.0,Germany
556118,POST,POSTAGE,2,2011-06-09 09:54:00,18.0,13811.0,Germany
556194,POST,POSTAGE,2,2011-06-09 12:20:00,18.0,12483.0,Sweden
556203,POST,POSTAGE,1,2011-06-09 13:09:00,15.0,12399.0,Belgium
556222,M,Manual,12,2011-06-09 14:23:00,0.38,17522.0,United Kingdom
556235,POST,POSTAGE,1,2011-06-09 15:29:00,15.0,12778.0,Netherlands
556237,DOT,DOTCOM POSTAGE,1,2011-06-09 15:34:00,275.34,,United Kingdom
556241,POST,POSTAGE,8,2011-06-09 16:04:00,28.0,12597.0,Spain
556243,DOT,DOTCOM POSTAGE,1,2011-06-09 16:07:00,237.33,,United Kingdom
556258,POST,POSTAGE,3,2011-06-09 17:48:00,18.0,12694.0,France
556259,POST,POSTAGE,4,2011-06-09 17:53:00,18.0,12721.0,France
C556274,M,Manual,-1,2011-06-09 19:46:00,600.0,15299.0,United Kingdom
C556281,POST,POSTAGE,-1,2011-06-09 20:32:00,4.05,14040.0,United Kingdom
556305,POST,POSTAGE,4,2011-06-10 10:38:00,18.0,12643.0,France
C556324,POST,POSTAGE,-1,2011-06-10 11:15:00,5.0,14287.0,United Kingdom
556428,DOT,DOTCOM POSTAGE,1,2011-06-10 13:23:00,130.71,,United Kingdom
556429,DOT,DOTCOM POSTAGE,1,2011-06-10 13:23:00,61.63,,United Kingdom
556427,DOT,DOTCOM POSTAGE,1,2011-06-10 13:23:00,91.33,,United Kingdom
556431,DOT,DOTCOM POSTAGE,1,2011-06-10 13:24:00,9.08,,United Kingdom
556443,POST,POSTAGE,4,2011-06-10 15:28:00,18.0,12712.0,Germany
C556445,M,Manual,-1,2011-06-10 15:31:00,38970.0,15098.0,United Kingdom
556459,DOT,DOTCOM POSTAGE,1,2011-06-10 17:25:00,171.46,,United Kingdom
556463,POST,POSTAGE,2,2011-06-12 10:47:00,18.0,12583.0,France
556469,POST,POSTAGE,3,2011-06-12 11:37:00,18.0,12516.0,Germany
556507,POST,POSTAGE,8,2011-06-13 09:55:00,18.0,12567.0,France
556509,POST,POSTAGE,2,2011-06-13 10:33:00,18.0,12708.0,Germany
556513,DOT,DOTCOM POSTAGE,1,2011-06-13 10:45:00,101.17,,United Kingdom
556515,DOT,DOTCOM POSTAGE,1,2011-06-13 10:45:00,61.71,,United Kingdom
556514,POST,POSTAGE,1,2011-06-13 10:45:00,3.3,,United Kingdom
556516,DOT,DOTCOM POSTAGE,1,2011-06-13 10:46:00,87.04,,United Kingdom
556517,POST,POSTAGE,5,2011-06-13 10:52:00,18.0,12481.0,Germany
556519,POST,POSTAGE,1,2011-06-13 10:54:00,2.02,16794.0,United Kingdom
556527,M,Manual,4,2011-06-13 11:33:00,1.65,16205.0,United Kingdom
556526,POST,POSTAGE,1,2011-06-13 11:33:00,18.0,12732.0,France
556529,POST,POSTAGE,4,2011-06-13 11:41:00,18.0,12714.0,France
556573,M,Manual,1,2011-06-13 13:32:00,4.25,14667.0,United Kingdom
556578,POST,POSTAGE,7,2011-06-13 14:13:00,18.0,12472.0,Germany
556636,DOT,DOTCOM POSTAGE,1,2011-06-13 15:30:00,188.54,,United Kingdom
556671,M,Manual,1,2011-06-13 16:33:00,2.5,17841.0,United Kingdom
C556675,M,Manual,-1,2011-06-13 17:13:00,20.0,16013.0,United Kingdom
556784,M,Manual,1,2011-06-14 13:15:00,0.39,14461.0,United Kingdom
C556807,POST,POSTAGE,-1,2011-06-14 15:43:00,14.95,,United Kingdom
C556807,M,Manual,-1,2011-06-14 15:43:00,91.58,,United Kingdom
556812,DOT,DOTCOM POSTAGE,1,2011-06-14 17:25:00,239.67,,United Kingdom
556813,DOT,DOTCOM POSTAGE,1,2011-06-14 17:28:00,191.78,,United Kingdom
556816,POST,POSTAGE,3,2011-06-15 09:01:00,18.0,12437.0,France
556819,POST,POSTAGE,4,2011-06-15 10:21:00,18.0,12682.0,France
556821,DOT,DOTCOM POSTAGE,1,2011-06-15 10:22:00,50.96,,United Kingdom
556824,DOT,DOTCOM POSTAGE,1,2011-06-15 10:24:00,65.79,,United Kingdom
556823,DOT,DOTCOM POSTAGE,1,2011-06-15 10:24:00,20.5,,United Kingdom
556825,DOT,DOTCOM POSTAGE,1,2011-06-15 10:24:00,117.42,,United Kingdom
556826,DOT,DOTCOM POSTAGE,1,2011-06-15 10:25:00,277.0,,United Kingdom
556829,POST,POSTAGE,3,2011-06-15 10:51:00,28.0,12809.0,Portugal
C556870,M,Manual,-1,2011-06-15 11:47:00,306.6,,United Kingdom
C556874,BANK CHARGES,Bank Charges,-1,2011-06-15 11:49:00,464.52,,United Kingdom
C556875,M,Manual,-1,2011-06-15 11:51:00,702.38,,United Kingdom
556886,POST,POSTAGE,2,2011-06-15 12:34:00,18.0,12624.0,France
C556919,POST,POSTAGE,-1,2011-06-15 13:46:00,2.17,17511.0,United Kingdom
556932,DOT,DOTCOM POSTAGE,1,2011-06-15 15:41:00,141.03,,United Kingdom
557007,POST,POSTAGE,7,2011-06-16 11:30:00,28.0,12484.0,Spain
557027,POST,POSTAGE,2,2011-06-16 13:24:00,40.0,12816.0,Poland
557055,POST,POSTAGE,2,2011-06-16 14:45:00,18.0,12621.0,Germany
557069,POST,POSTAGE,3,2011-06-16 15:22:00,18.0,12562.0,France
557112,DOT,DOTCOM POSTAGE,1,2011-06-16 16:31:00,273.01,,United Kingdom
557147,POST,POSTAGE,4,2011-06-17 10:51:00,15.0,12408.0,Belgium
557232,POST,POSTAGE,2,2011-06-17 14:28:00,18.0,12463.0,Belgium
557295,POST,POSTAGE,1,2011-06-19 13:37:00,18.0,12724.0,France
557297,POST,POSTAGE,2,2011-06-19 13:54:00,28.0,12421.0,Spain
C557300,M,Manual,-1,2011-06-19 14:05:00,0.77,12421.0,Spain
557314,POST,POSTAGE,1,2011-06-19 15:59:00,28.0,12541.0,Spain
557324,DOT,DOTCOM POSTAGE,1,2011-06-20 09:41:00,212.33,,United Kingdom
557377,M,Manual,1,2011-06-20 11:00:00,1917.0,,EIRE
557377,M,Manual,1,2011-06-20 11:00:00,1216.12,,EIRE
C557381,M,Manual,-1,2011-06-20 11:01:00,1216.12,,EIRE
C557387,M,Manual,-1,2011-06-20 11:02:00,1917.0,,EIRE
557427,POST,POSTAGE,9,2011-06-20 12:14:00,18.0,12429.0,Denmark
557466,POST,POSTAGE,11,2011-06-20 13:08:00,18.0,13815.0,Germany
557480,DOT,DOTCOM POSTAGE,1,2011-06-20 14:10:00,86.38,,United Kingdom
557481,DOT,DOTCOM POSTAGE,1,2011-06-20 14:11:00,130.63,,United Kingdom
557482,DOT,DOTCOM POSTAGE,1,2011-06-20 14:11:00,57.58,,United Kingdom
557483,POST,POSTAGE,1,2011-06-20 14:17:00,18.0,12643.0,France
557489,POST,POSTAGE,3,2011-06-20 14:58:00,18.0,12490.0,France
557493,DOT,DOTCOM POSTAGE,1,2011-06-20 15:18:00,132.33,,United Kingdom
557494,DOT,DOTCOM POSTAGE,1,2011-06-20 15:19:00,182.38,,United Kingdom
557495,DOT,DOTCOM POSTAGE,1,2011-06-20 15:19:00,26.33,,United Kingdom
557496,DOT,DOTCOM POSTAGE,1,2011-06-20 15:19:00,101.17,,United Kingdom
557497,DOT,DOTCOM POSTAGE,1,2011-06-20 15:20:00,46.13,,United Kingdom
557500,DOT,DOTCOM POSTAGE,1,2011-06-20 15:27:00,167.02,,United Kingdom
557502,DOT,DOTCOM POSTAGE,1,2011-06-20 15:32:00,173.3,,United Kingdom
557525,POST,POSTAGE,3,2011-06-21 09:26:00,15.0,12759.0,Netherlands
557569,POST,POSTAGE,2,2011-06-21 10:46:00,18.0,12474.0,Germany
C557624,M,Manual,-1,2011-06-21 14:22:00,0.75,16422.0,United Kingdom
C557624,M,Manual,-1,2011-06-21 14:22:00,5.8,16422.0,United Kingdom
557627,POST,POSTAGE,1,2011-06-21 14:30:00,18.0,12583.0,France
C557638,POST,POSTAGE,-1,2011-06-21 16:01:00,545.58,17450.0,United Kingdom
557641,DOT,DOTCOM POSTAGE,1,2011-06-21 16:35:00,75.71,,United Kingdom
557642,DOT,DOTCOM POSTAGE,1,2011-06-21 16:35:00,88.75,,United Kingdom
557643,DOT,DOTCOM POSTAGE,1,2011-06-21 16:36:00,129.08,,United Kingdom
557644,DOT,DOTCOM POSTAGE,1,2011-06-21 17:06:00,138.46,,United Kingdom
557645,DOT,DOTCOM POSTAGE,1,2011-06-21 17:08:00,87.75,,United Kingdom
C557656,M,Manual,-3,2011-06-21 17:37:00,4.25,14001.0,United Kingdom
557669,POST,POSTAGE,2,2011-06-22 09:43:00,18.0,12674.0,France
557675,POST,POSTAGE,1,2011-06-22 10:27:00,15.0,,Hong Kong
557734,POST,POSTAGE,2,2011-06-22 11:20:00,18.0,12684.0,France
557754,POST,POSTAGE,1,2011-06-22 13:12:00,700.0,12432.0,Norway
557768,POST,POSTAGE,1,2011-06-22 14:26:00,3.01,,United Kingdom
557789,POST,POSTAGE,3,2011-06-22 16:32:00,15.0,12379.0,Belgium
557803,POST,POSTAGE,1,2011-06-23 10:20:00,40.0,12704.0,Finland
557850,POST,POSTAGE,2,2011-06-23 10:56:00,18.0,12720.0,Germany
557884,M,Manual,1,2011-06-23 13:35:00,1.25,17759.0,United Kingdom
557885,POST,POSTAGE,2,2011-06-23 13:37:00,15.0,12465.0,Belgium
557889,POST,POSTAGE,2,2011-06-23 13:51:00,18.0,12412.0,Denmark
557937,DOT,DOTCOM POSTAGE,1,2011-06-23 15:30:00,157.81,,United Kingdom
557938,DOT,DOTCOM POSTAGE,1,2011-06-23 15:35:00,159.78,,United Kingdom
557939,POST,POSTAGE,2,2011-06-23 15:44:00,40.0,12697.0,Sweden
557972,POST,POSTAGE,2,2011-06-24 10:16:00,18.0,12500.0,Germany
558041,POST,POSTAGE,3,2011-06-24 13:20:00,40.0,12422.0,Switzerland
558045,POST,POSTAGE,3,2011-06-24 13:35:00,18.0,12615.0,France
558047,M,Manual,1,2011-06-24 13:51:00,542.2,,EIRE
C558048,M,Manual,-1,2011-06-24 13:52:00,542.2,,EIRE
558066,DOT,DOTCOM POSTAGE,1,2011-06-24 15:45:00,150.77,,United Kingdom
558068,DOT,DOTCOM POSTAGE,1,2011-06-24 15:51:00,150.71,,United Kingdom
558089,POST,POSTAGE,3,2011-06-26 12:36:00,40.0,13505.0,Switzerland
558108,POST,POSTAGE,1,2011-06-26 15:35:00,28.0,12548.0,Spain
558118,DOT,DOTCOM POSTAGE,1,2011-06-27 09:11:00,131.58,,United Kingdom
558116,DOT,DOTCOM POSTAGE,1,2011-06-27 09:11:00,200.58,,United Kingdom
558117,DOT,DOTCOM POSTAGE,1,2011-06-27 09:11:00,62.46,,United Kingdom
558119,DOT,DOTCOM POSTAGE,1,2011-06-27 09:12:00,189.79,,United Kingdom
558120,DOT,DOTCOM POSTAGE,1,2011-06-27 09:12:00,55.08,,United Kingdom
558124,POST,POSTAGE,1,2011-06-27 10:17:00,18.0,12493.0,France
558240,DOT,DOTCOM POSTAGE,1,2011-06-27 15:27:00,147.53,,United Kingdom
558316,DOT,DOTCOM POSTAGE,1,2011-06-28 11:45:00,107.58,,United Kingdom
558319,DOT,DOTCOM POSTAGE,1,2011-06-28 11:53:00,58.33,,United Kingdom
558321,DOT,DOTCOM POSTAGE,1,2011-06-28 11:53:00,81.33,,United Kingdom
558334,POST,POSTAGE,1,2011-06-28 13:11:00,18.0,12599.0,France
558340,M,Manual,1,2011-06-28 14:01:00,481.45,,United Kingdom
C558349,BANK CHARGES,Bank Charges,-1,2011-06-28 14:50:00,82.89,,United Kingdom
C558357,M,Manual,-2,2011-06-28 15:04:00,3.56,15502.0,United Kingdom
C558364,POST,POSTAGE,-1,2011-06-28 15:20:00,3.95,,United Kingdom
558381,M,Manual,1,2011-06-28 17:01:00,600.0,15299.0,United Kingdom
558461,M,Manual,2,2011-06-29 15:03:00,1.95,13263.0,United Kingdom
558475,DOT,DOTCOM POSTAGE,1,2011-06-29 15:58:00,858.46,,United Kingdom
558479,M,Manual,2,2011-06-29 16:44:00,2.95,17837.0,United Kingdom
C558525,M,Manual,-7,2011-06-30 10:52:00,1.95,13113.0,United Kingdom
558608,POST,POSTAGE,1,2011-06-30 15:30:00,18.0,12524.0,Germany
558614,DOT,DOTCOM POSTAGE,1,2011-06-30 15:56:00,264.65,,United Kingdom
558623,POST,POSTAGE,1,2011-06-30 16:52:00,15.0,12395.0,Belgium
558626,POST,POSTAGE,1,2011-06-30 17:34:00,18.0,12569.0,Germany
558628,POST,POSTAGE,5,2011-06-30 17:59:00,18.0,12626.0,Germany
558679,M,Manual,1,2011-07-01 10:58:00,1.0,17800.0,United Kingdom
558680,DOT,DOTCOM POSTAGE,1,2011-07-01 11:19:00,64.88,,United Kingdom
558681,DOT,DOTCOM POSTAGE,1,2011-07-01 11:20:00,65.67,,United Kingdom
558682,DOT,DOTCOM POSTAGE,1,2011-07-01 11:20:00,126.54,,United Kingdom
558683,DOT,DOTCOM POSTAGE,1,2011-07-01 11:23:00,112.5,,United Kingdom
558687,POST,POSTAGE,1,2011-07-01 11:43:00,18.0,12598.0,France
558699,POST,POSTAGE,1,2011-07-01 12:17:00,18.0,12494.0,France
C558712,M,Manual,-1,2011-07-01 13:06:00,2.95,17338.0,United Kingdom
558715,M,Manual,1,2011-07-01 13:18:00,116.69,,United Kingdom
558717,POST,POSTAGE,1,2011-07-01 13:22:00,18.0,12710.0,Germany
558774,DOT,DOTCOM POSTAGE,1,2011-07-04 10:17:00,206.66,,United Kingdom
558777,DOT,DOTCOM POSTAGE,1,2011-07-04 10:23:00,304.24,,United Kingdom
558808,DOT,DOTCOM POSTAGE,1,2011-07-04 11:10:00,42.75,,United Kingdom
558809,DOT,DOTCOM POSTAGE,1,2011-07-04 11:10:00,146.5,,United Kingdom
558810,DOT,DOTCOM POSTAGE,1,2011-07-04 11:11:00,196.79,,United Kingdom
558811,DOT,DOTCOM POSTAGE,1,2011-07-04 11:11:00,57.63,,United Kingdom
558813,POST,POSTAGE,3,2011-07-04 11:42:00,18.0,12682.0,France
558837,DOT,DOTCOM POSTAGE,1,2011-07-04 11:58:00,117.63,,United Kingdom
558835,DOT,DOTCOM POSTAGE,1,2011-07-04 11:58:00,54.25,,United Kingdom
558841,M,Manual,1,2011-07-04 11:59:00,30.0,12471.0,Germany
558875,M,Manual,2,2011-07-04 13:35:00,8.95,13301.0,United Kingdom
558895,M,Manual,1,2011-07-04 15:54:00,389.68,12619.0,Germany
C558897,M,Manual,-1,2011-07-04 15:55:00,389.68,12619.0,Germany
558904,DOT,DOTCOM POSTAGE,1,2011-07-04 16:18:00,306.35,,United Kingdom
C558905,POST,POSTAGE,-1,2011-07-04 16:27:00,4.9,13826.0,United Kingdom
C558969,M,Manual,-2,2011-07-05 11:01:00,3.52,16729.0,United Kingdom
559004,POST,POSTAGE,4,2011-07-05 12:23:00,40.0,12428.0,Finland
559039,DOT,DOTCOM POSTAGE,1,2011-07-05 15:32:00,116.71,,United Kingdom
559041,DOT,DOTCOM POSTAGE,1,2011-07-05 15:33:00,24.67,,United Kingdom
559040,DOT,DOTCOM POSTAGE,1,2011-07-05 15:33:00,39.5,,United Kingdom
559042,DOT,DOTCOM POSTAGE,1,2011-07-05 15:34:00,75.67,,United Kingdom
559043,DOT,DOTCOM POSTAGE,1,2011-07-05 15:35:00,158.71,,United Kingdom
559051,DOT,DOTCOM POSTAGE,1,2011-07-05 16:47:00,201.84,,United Kingdom
559052,DOT,DOTCOM POSTAGE,1,2011-07-05 16:53:00,576.18,,United Kingdom
559055,DOT,DOTCOM POSTAGE,1,2011-07-05 17:09:00,531.65,,United Kingdom
559058,POST,POSTAGE,6,2011-07-06 09:49:00,15.0,12407.0,Belgium
559106,M,Manual,2,2011-07-06 11:10:00,7.95,15889.0,United Kingdom
559107,M,Manual,1,2011-07-06 11:22:00,2.95,15334.0,United Kingdom
559134,POST,POSTAGE,5,2011-07-06 13:14:00,18.0,12700.0,France
559135,POST,POSTAGE,1,2011-07-06 13:18:00,28.0,12455.0,Spain
559162,DOT,DOTCOM POSTAGE,1,2011-07-06 16:29:00,231.61,,United Kingdom
559163,DOT,DOTCOM POSTAGE,1,2011-07-06 16:33:00,240.41,,United Kingdom
559173,POST,POSTAGE,2,2011-07-07 10:03:00,28.0,12540.0,Spain
559295,POST,POSTAGE,2,2011-07-07 12:32:00,15.0,12362.0,Belgium
559298,POST,POSTAGE,6,2011-07-07 12:38:00,18.0,12471.0,Germany
559316,POST,POSTAGE,1,2011-07-07 13:54:00,18.0,12647.0,Germany
559337,DOT,DOTCOM POSTAGE,1,2011-07-07 16:27:00,298.31,,United Kingdom
559338,DOT,DOTCOM POSTAGE,1,2011-07-07 16:30:00,296.61,,United Kingdom
C559347,M,Manual,-1,2011-07-07 17:22:00,2.88,18072.0,United Kingdom
C559347,M,Manual,-1,2011-07-07 17:22:00,9.36,18072.0,United Kingdom
559362,POST,POSTAGE,3,2011-07-08 08:43:00,18.0,12635.0,Germany
559418,POST,POSTAGE,3,2011-07-08 11:36:00,18.0,12681.0,France
559421,POST,POSTAGE,1,2011-07-08 11:55:00,18.0,12648.0,Germany
559422,POST,POSTAGE,2,2011-07-08 12:00:00,18.0,12553.0,France
559441,POST,POSTAGE,2,2011-07-08 12:22:00,18.0,12583.0,France
559488,DOT,DOTCOM POSTAGE,1,2011-07-08 13:52:00,191.67,,United Kingdom
559489,DOT,DOTCOM POSTAGE,1,2011-07-08 13:52:00,69.0,,United Kingdom
559490,DOT,DOTCOM POSTAGE,1,2011-07-08 13:53:00,3.29,,United Kingdom
559491,DOT,DOTCOM POSTAGE,1,2011-07-08 13:53:00,164.54,,United Kingdom
559492,DOT,DOTCOM POSTAGE,1,2011-07-08 13:53:00,56.04,,United Kingdom
559493,DOT,DOTCOM POSTAGE,1,2011-07-08 13:53:00,166.96,,United Kingdom
559497,DOT,DOTCOM POSTAGE,1,2011-07-08 13:54:00,142.29,,United Kingdom
559494,DOT,DOTCOM POSTAGE,1,2011-07-08 13:54:00,69.92,,United Kingdom
559496,DOT,DOTCOM POSTAGE,1,2011-07-08 13:54:00,19.75,,United Kingdom
559504,M,Manual,2,2011-07-08 15:16:00,0.79,15920.0,United Kingdom
559506,DOT,DOTCOM POSTAGE,1,2011-07-08 15:17:00,319.82,,United Kingdom
559511,M,Manual,3,2011-07-08 15:31:00,0.79,15920.0,United Kingdom
559514,DOT,DOTCOM POSTAGE,1,2011-07-08 15:57:00,57.67,,United Kingdom
559515,DOT,DOTCOM POSTAGE,1,2011-07-08 15:58:00,36.17,,United Kingdom
559517,DOT,DOTCOM POSTAGE,1,2011-07-08 16:11:00,16.42,,United Kingdom
559518,DOT,DOTCOM POSTAGE,1,2011-07-08 16:11:00,92.88,,United Kingdom
559535,M,Manual,1,2011-07-10 12:16:00,3.75,17841.0,United Kingdom
559535,M,Manual,1,2011-07-10 12:16:00,0.85,17841.0,United Kingdom
559536,M,Manual,2,2011-07-10 12:17:00,0.85,16283.0,United Kingdom
559607,POST,POSTAGE,5,2011-07-11 11:39:00,18.0,12681.0,France
559672,M,Manual,4,2011-07-11 14:04:00,0.39,14796.0,United Kingdom
559674,M,Manual,3,2011-07-11 14:16:00,0.42,15856.0,United Kingdom
559680,POST,POSTAGE,2,2011-07-11 14:47:00,50.0,12717.0,Greece
C559681,POST,POSTAGE,-1,2011-07-11 14:51:00,50.0,12717.0,Greece
559685,POST,POSTAGE,1,2011-07-11 15:22:00,18.0,12599.0,France
559693,DOT,DOTCOM POSTAGE,1,2011-07-11 16:21:00,275.11,,United Kingdom
559699,POST,POSTAGE,1,2011-07-12 08:52:00,18.0,12682.0,France
559704,POST,POSTAGE,4,2011-07-12 09:54:00,18.0,12669.0,France
559707,POST,POSTAGE,2,2011-07-12 10:04:00,40.0,12358.0,Austria
559710,POST,POSTAGE,1,2011-07-12 10:25:00,18.0,12474.0,Germany
559799,DOT,DOTCOM POSTAGE,1,2011-07-12 13:46:00,23.0,,United Kingdom
559800,DOT,DOTCOM POSTAGE,1,2011-07-12 13:46:00,34.5,,United Kingdom
559801,DOT,DOTCOM POSTAGE,1,2011-07-12 13:46:00,90.42,,United Kingdom
559802,DOT,DOTCOM POSTAGE,1,2011-07-12 13:48:00,175.88,,United Kingdom
559816,DOT,DOTCOM POSTAGE,1,2011-07-12 16:11:00,375.64,,United Kingdom
559817,DOT,DOTCOM POSTAGE,1,2011-07-12 16:20:00,169.55,,United Kingdom
559819,POST,POSTAGE,1,2011-07-12 16:58:00,18.0,12682.0,France
C559830,M,Manual,-1,2011-07-13 09:49:00,0.48,16998.0,United Kingdom
559835,POST,POSTAGE,1,2011-07-13 10:08:00,15.0,13509.0,United Kingdom
559862,POST,POSTAGE,4,2011-07-13 10:30:00,28.0,12782.0,Portugal
C559882,POST,POSTAGE,-1,2011-07-13 11:34:00,7.62,16156.0,United Kingdom
559889,POST,POSTAGE,1,2011-07-13 11:48:00,145.0,12678.0,France
559890,POST,POSTAGE,1,2011-07-13 11:58:00,15.0,12464.0,Belgium
559899,POST,POSTAGE,3,2011-07-13 12:24:00,18.0,12528.0,Germany
559914,DOT,DOTCOM POSTAGE,1,2011-07-13 15:13:00,198.75,,United Kingdom
559923,DOT,DOTCOM POSTAGE,1,2011-07-13 16:07:00,240.67,,United Kingdom
559928,POST,POSTAGE,8,2011-07-14 08:52:00,40.0,12405.0,Finland
559945,M,Manual,1,2011-07-14 10:24:00,18.0,17396.0,United Kingdom
C559950,M,Manual,-3,2011-07-14 10:47:00,2.1,14562.0,United Kingdom
559987,POST,POSTAGE,5,2011-07-14 12:12:00,18.0,12619.0,Germany
559988,M,Manual,1,2011-07-14 12:17:00,0.42,15402.0,United Kingdom
560090,DOT,DOTCOM POSTAGE,1,2011-07-14 16:46:00,255.83,,United Kingdom
C560100,M,Manual,-1,2011-07-14 17:51:00,7.88,16422.0,United Kingdom
560119,POST,POSTAGE,2,2011-07-15 10:21:00,40.0,12815.0,Poland
560162,M,Manual,1,2011-07-15 11:21:00,10.0,,United Kingdom
560187,POST,POSTAGE,1,2011-07-15 12:05:00,550.94,17444.0,Canada
560202,POST,POSTAGE,4,2011-07-15 13:10:00,18.0,12712.0,Germany
560209,M,Manual,1,2011-07-15 14:05:00,0.39,15004.0,United Kingdom
560211,POST,POSTAGE,3,2011-07-15 14:34:00,18.0,12621.0,Germany
560225,DOT,DOTCOM POSTAGE,1,2011-07-15 16:27:00,377.33,,United Kingdom
560228,M,Manual,10,2011-07-15 17:29:00,0.85,17750.0,United Kingdom
560230,POST,POSTAGE,2,2011-07-17 10:53:00,18.0,12600.0,Germany
560272,POST,POSTAGE,1,2011-07-17 14:56:00,18.0,12691.0,France
560291,DOT,DOTCOM POSTAGE,1,2011-07-18 10:17:00,120.17,,United Kingdom
560290,DOT,DOTCOM POSTAGE,1,2011-07-18 10:17:00,82.21,,United Kingdom
560292,DOT,DOTCOM POSTAGE,1,2011-07-18 10:19:00,88.83,,United Kingdom
560293,DOT,DOTCOM POSTAGE,1,2011-07-18 10:20:00,153.92,,United Kingdom
560294,DOT,DOTCOM POSTAGE,1,2011-07-18 10:20:00,49.46,,United Kingdom
560296,DOT,DOTCOM POSTAGE,1,2011-07-18 10:21:00,135.13,,United Kingdom
560298,DOT,DOTCOM POSTAGE,1,2011-07-18 10:26:00,177.96,,United Kingdom
560363,POST,POSTAGE,1,2011-07-18 12:05:00,18.0,12589.0,France
C560372,M,Manual,-1,2011-07-18 12:26:00,4287.63,17448.0,United Kingdom
560373,M,Manual,1,2011-07-18 12:30:00,4287.63,,United Kingdom
C560384,M,Manual,-1,2011-07-18 12:52:00,125.0,14808.0,United Kingdom
C560386,POST,POSTAGE,-1,2011-07-18 12:55:00,9.72,,United Kingdom
C560408,M,Manual,-1,2011-07-18 14:24:00,550.64,13564.0,United Kingdom
560411,M,Manual,1,2011-07-18 14:29:00,550.64,,United Kingdom
560413,M,Manual,1,2011-07-18 14:33:00,550.64,13564.0,United Kingdom
C560414,M,Manual,-1,2011-07-18 14:35:00,550.64,13564.0,United Kingdom
C560418,M,Manual,-1,2011-07-18 15:01:00,717.23,17809.0,United Kingdom
560419,M,Manual,1,2011-07-18 15:03:00,717.23,,United Kingdom
C560420,M,Manual,-1,2011-07-18 15:11:00,1592.49,15369.0,United Kingdom
560421,M,Manual,1,2011-07-18 15:13:00,1592.49,,United Kingdom
C560430,M,Manual,-1,2011-07-18 15:21:00,611.86,13154.0,United Kingdom
560431,M,Manual,1,2011-07-18 15:23:00,611.86,,United Kingdom
560433,DOT,DOTCOM POSTAGE,1,2011-07-18 15:49:00,188.15,,United Kingdom
560434,DOT,DOTCOM POSTAGE,1,2011-07-18 15:56:00,323.05,,United Kingdom
C560435,M,Manual,-1,2011-07-18 16:01:00,294.92,17603.0,United Kingdom
C560436,M,Manual,-1,2011-07-18 16:04:00,705.45,17603.0,United Kingdom
560438,M,Manual,1,2011-07-18 16:06:00,294.92,,United Kingdom
560439,M,Manual,1,2011-07-18 16:08:00,705.45,,United Kingdom
560452,POST,POSTAGE,1,2011-07-19 09:51:00,18.0,12682.0,France
560545,POST,POSTAGE,1,2011-07-19 12:38:00,18.0,12569.0,Germany
560549,POST,POSTAGE,2,2011-07-19 12:43:00,40.0,12664.0,Finland
560566,POST,POSTAGE,2,2011-07-19 13:45:00,18.0,12662.0,Germany
560569,POST,POSTAGE,3,2011-07-19 14:04:00,18.0,12480.0,Germany
C560572,M,Manual,-1,2011-07-19 14:45:00,112.35,17065.0,United Kingdom
560573,M,Manual,1,2011-07-19 14:47:00,112.35,,United Kingdom
C560574,M,Manual,-1,2011-07-19 14:56:00,106.4,14437.0,United Kingdom
560575,M,Manual,1,2011-07-19 14:58:00,106.4,,United Kingdom
560579,M,Manual,12,2011-07-19 15:13:00,0.42,15867.0,United Kingdom
560607,POST,POSTAGE,3,2011-07-20 10:15:00,28.0,12510.0,Spain
560635,POST,POSTAGE,3,2011-07-20 10:51:00,18.0,12521.0,Germany
C560645,M,Manual,-1,2011-07-20 11:23:00,451.42,15802.0,United Kingdom
C560647,M,Manual,-1,2011-07-20 11:31:00,3060.6,18102.0,United Kingdom
560651,M,Manual,1,2011-07-20 11:38:00,451.42,15802.0,United Kingdom
C560653,M,Manual,-1,2011-07-20 11:40:00,451.42,15802.0,United Kingdom
560658,M,Manual,1,2011-07-20 11:42:00,451.42,,United Kingdom
560710,POST,POSTAGE,1,2011-07-20 12:51:00,15.0,14646.0,Netherlands
560728,POST,POSTAGE,2,2011-07-20 14:38:00,18.0,12520.0,Germany
560755,DOT,DOTCOM POSTAGE,1,2011-07-20 16:00:00,0.35,,United Kingdom
560772,DOT,DOTCOM POSTAGE,1,2011-07-20 16:12:00,268.05,,United Kingdom
560773,DOT,DOTCOM POSTAGE,1,2011-07-20 16:17:00,252.11,,United Kingdom
560777,DOT,DOTCOM POSTAGE,1,2011-07-21 09:30:00,79.0,,United Kingdom
560778,DOT,DOTCOM POSTAGE,1,2011-07-21 09:30:00,79.83,,United Kingdom
560779,DOT,DOTCOM POSTAGE,1,2011-07-21 09:30:00,178.71,,United Kingdom
560780,DOT,DOTCOM POSTAGE,1,2011-07-21 09:31:00,233.04,,United Kingdom
560783,POST,POSTAGE,4,2011-07-21 10:24:00,15.0,15108.0,European Community
C560822,M,Manual,-1,2011-07-21 11:20:00,770.26,,United Kingdom
C560823,BANK CHARGES,Bank Charges,-1,2011-07-21 11:22:00,21.9,,United Kingdom
C560825,M,Manual,-1,2011-07-21 11:23:00,367.38,,United Kingdom
560876,POST,POSTAGE,6,2011-07-21 15:14:00,18.0,12626.0,Germany
560900,M,Manual,1,2011-07-21 17:33:00,2.95,,United Kingdom
560901,POST,POSTAGE,7,2011-07-21 17:39:00,18.0,12476.0,Germany
C560904,M,Manual,-1,2011-07-21 17:51:00,8.95,14875.0,United Kingdom
560926,DOT,DOTCOM POSTAGE,1,2011-07-22 09:20:00,356.7,,United Kingdom
560991,POST,POSTAGE,3,2011-07-22 13:29:00,40.0,12438.0,Norway
560997,POST,POSTAGE,4,2011-07-22 13:59:00,18.0,12627.0,Germany
C561011,POST,POSTAGE,-1,2011-07-22 16:05:00,3.15,17612.0,United Kingdom
561029,POST,POSTAGE,2,2011-07-24 11:25:00,18.0,12490.0,France
561037,POST,POSTAGE,3,2011-07-24 11:55:00,18.0,12472.0,Germany
561057,POST,POSTAGE,1,2011-07-24 13:18:00,2.9,17935.0,United Kingdom
561091,DOT,DOTCOM POSTAGE,1,2011-07-25 09:55:00,75.79,,United Kingdom
561090,DOT,DOTCOM POSTAGE,1,2011-07-25 09:55:00,53.54,,United Kingdom
561093,POST,POSTAGE,6,2011-07-25 10:01:00,28.0,12540.0,Spain
561094,POST,POSTAGE,2,2011-07-25 10:04:00,18.0,12474.0,Germany
561102,POST,POSTAGE,1,2011-07-25 11:17:00,18.0,12412.0,Denmark
561116,POST,POSTAGE,5,2011-07-25 12:22:00,40.0,13520.0,Switzerland
C561117,POST,POSTAGE,-3,2011-07-25 12:23:00,40.0,13520.0,Switzerland
C561198,M,Manual,-35,2011-07-25 14:45:00,1.25,16161.0,United Kingdom
561209,DOT,DOTCOM POSTAGE,1,2011-07-25 16:57:00,299.72,,United Kingdom
561214,DOT,DOTCOM POSTAGE,1,2011-07-25 17:00:00,135.08,,United Kingdom
561216,POST,POSTAGE,8,2011-07-25 17:04:00,15.0,14606.0,United Kingdom
561217,DOT,DOTCOM POSTAGE,1,2011-07-25 17:09:00,234.63,,United Kingdom
561218,DOT,DOTCOM POSTAGE,1,2011-07-25 17:11:00,162.95,,United Kingdom
561245,DOT,DOTCOM POSTAGE,1,2011-07-26 11:27:00,6.58,,United Kingdom
561368,POST,POSTAGE,1,2011-07-26 16:00:00,36.5,14866.0,United Kingdom
561369,DOT,DOTCOM POSTAGE,1,2011-07-26 16:22:00,151.61,,United Kingdom
561371,DOT,DOTCOM POSTAGE,1,2011-07-26 16:25:00,122.99,,United Kingdom
561372,POST,POSTAGE,1,2011-07-26 16:27:00,13.31,,United Kingdom
561468,POST,POSTAGE,5,2011-07-27 13:00:00,18.0,12709.0,Germany
561470,POST,POSTAGE,1,2011-07-27 13:14:00,18.0,12523.0,France
561507,POST,POSTAGE,7,2011-07-27 14:21:00,15.0,12397.0,Belgium
561513,DOT,DOTCOM POSTAGE,1,2011-07-27 15:12:00,114.62,,United Kingdom
561515,DOT,DOTCOM POSTAGE,1,2011-07-27 15:16:00,133.3,,United Kingdom
561583,POST,POSTAGE,3,2011-07-28 10:33:00,18.0,13813.0,Germany
C561628,M,Manual,-1,2011-07-28 14:10:00,9.6,16422.0,United Kingdom
561651,DOT,DOTCOM POSTAGE,1,2011-07-28 15:36:00,180.5,,United Kingdom
561662,POST,POSTAGE,2,2011-07-28 16:28:00,15.0,12407.0,Belgium
561669,POST,POSTAGE,6,2011-07-28 17:09:00,28.0,12507.0,Spain
C561703,M,Manual,-1,2011-07-29 11:07:00,1.65,12709.0,Germany
C561725,M,Manual,-1,2011-07-29 12:10:00,3.25,17841.0,United Kingdom
561795,POST,POSTAGE,3,2011-07-29 13:28:00,18.0,12716.0,France
561820,DOT,DOTCOM POSTAGE,1,2011-07-29 16:00:00,185.66,,United Kingdom
561885,M,Manual,2,2011-07-31 13:13:00,4.95,15532.0,United Kingdom
561890,POST,POSTAGE,2,2011-07-31 14:17:00,40.0,12697.0,Sweden
561894,M,Manual,1,2011-07-31 15:00:00,0.08,14456.0,United Kingdom
561894,M,Manual,36,2011-07-31 15:00:00,0.08,14456.0,United Kingdom
561898,POST,POSTAGE,7,2011-07-31 15:25:00,40.0,12456.0,Switzerland
561902,M,Manual,1,2011-07-31 15:50:00,30.0,17404.0,Sweden
561911,POST,POSTAGE,6,2011-08-01 10:26:00,18.0,12534.0,Germany
561916,M,Manual,1,2011-08-01 11:44:00,0.0,15581.0,United Kingdom
561916,M,Manual,1,2011-08-01 11:44:00,250.0,15581.0,United Kingdom
562024,DOT,DOTCOM POSTAGE,1,2011-08-01 16:07:00,142.94,,United Kingdom
562034,POST,POSTAGE,6,2011-08-02 09:14:00,15.0,12449.0,Belgium
562035,POST,POSTAGE,2,2011-08-02 09:29:00,18.0,12627.0,Germany
562037,POST,POSTAGE,3,2011-08-02 09:34:00,15.0,13023.0,United Kingdom
562038,POST,POSTAGE,1,2011-08-02 09:35:00,18.0,12633.0,Germany
562047,POST,POSTAGE,1,2011-08-02 10:38:00,4.95,17788.0,United Kingdom
562113,DOT,DOTCOM POSTAGE,1,2011-08-02 16:11:00,150.59,,United Kingdom
562114,DOT,DOTCOM POSTAGE,1,2011-08-02 16:14:00,119.51,,United Kingdom
C562159,M,Manual,-12,2011-08-03 11:48:00,1.45,17389.0,United Kingdom
562207,POST,POSTAGE,9,2011-08-03 12:56:00,15.0,12643.0,France
562264,DOT,DOTCOM POSTAGE,1,2011-08-03 16:14:00,133.06,,United Kingdom
562273,POST,POSTAGE,6,2011-08-04 09:55:00,28.0,12502.0,Spain
562274,POST,POSTAGE,2,2011-08-04 10:00:00,40.0,12704.0,Finland
562275,POST,POSTAGE,2,2011-08-04 10:04:00,18.0,12689.0,France
562287,POST,POSTAGE,1,2011-08-04 11:07:00,28.0,12455.0,Spain
562347,M,Manual,1,2011-08-04 12:22:00,0.42,13263.0,United Kingdom
562370,POST,POSTAGE,4,2011-08-04 14:20:00,18.0,12626.0,Germany
562417,DOT,DOTCOM POSTAGE,1,2011-08-04 16:32:00,141.5,,United Kingdom
562420,DOT,DOTCOM POSTAGE,1,2011-08-04 16:38:00,170.98,,United Kingdom
562435,POST,POSTAGE,2,2011-08-04 17:51:00,18.0,12693.0,Germany
562445,POST,POSTAGE,3,2011-08-04 18:51:00,18.0,12417.0,Belgium
562450,POST,POSTAGE,3,2011-08-05 08:40:00,18.0,12562.0,France
562460,M,Manual,6,2011-08-05 11:19:00,0.85,17841.0,United Kingdom
C562514,M,Manual,-1,2011-08-05 12:20:00,11.95,13408.0,United Kingdom
C562515,M,Manual,-1,2011-08-05 12:22:00,43.63,13408.0,United Kingdom
562520,POST,POSTAGE,1,2011-08-05 12:38:00,18.0,12599.0,France
562527,POST,POSTAGE,2,2011-08-05 13:49:00,18.0,12647.0,Germany
562528,POST,POSTAGE,4,2011-08-05 13:52:00,28.0,12610.0,Italy
562537,POST,POSTAGE,5,2011-08-05 15:02:00,18.0,12517.0,Germany
562553,DOT,DOTCOM POSTAGE,1,2011-08-05 16:34:00,214.11,,United Kingdom
C562597,M,Manual,-1,2011-08-08 09:48:00,6.76,15518.0,United Kingdom
562600,POST,POSTAGE,1,2011-08-08 10:01:00,40.0,12676.0,Sweden
C562601,M,Manual,-144,2011-08-08 10:09:00,0.11,12901.0,United Kingdom
562605,POST,POSTAGE,2,2011-08-08 10:59:00,18.0,12530.0,Germany
C562622,M,Manual,-1,2011-08-08 12:37:00,48.0,15299.0,United Kingdom
C562647,M,Manual,-1,2011-08-08 12:56:00,3155.95,15502.0,United Kingdom
C562648,M,Manual,-1,2011-08-08 12:56:00,3.25,14606.0,United Kingdom
562650,POST,POSTAGE,2,2011-08-08 13:12:00,40.0,17404.0,Sweden
C562657,POST,POSTAGE,-1,2011-08-08 13:39:00,4.41,13588.0,United Kingdom
C562687,POST,POSTAGE,-1,2011-08-08 13:53:00,10.34,15157.0,United Kingdom
562715,DOT,DOTCOM POSTAGE,1,2011-08-08 15:34:00,204.85,,United Kingdom
562717,DOT,DOTCOM POSTAGE,1,2011-08-08 15:42:00,203.63,,United Kingdom
562729,POST,POSTAGE,1,2011-08-09 10:05:00,18.0,12569.0,Germany
C562786,M,Manual,-1,2011-08-09 13:43:00,250.0,15581.0,United Kingdom
562787,M,Manual,1,2011-08-09 13:44:00,208.34,15581.0,United Kingdom
C562793,M,Manual,-1,2011-08-09 14:18:00,57.6,16422.0,United Kingdom
562805,POST,POSTAGE,1,2011-08-09 14:51:00,3.59,,United Kingdom
562843,DOT,DOTCOM POSTAGE,1,2011-08-09 17:37:00,103.4,,United Kingdom
562844,POST,POSTAGE,7,2011-08-10 08:41:00,40.0,12444.0,Norway
562853,POST,POSTAGE,1,2011-08-10 10:15:00,18.0,13919.0,Denmark
562882,POST,POSTAGE,2,2011-08-10 11:23:00,40.0,12384.0,Switzerland
562933,DOT,DOTCOM POSTAGE,1,2011-08-10 16:51:00,150.17,,United Kingdom
562934,DOT,DOTCOM POSTAGE,1,2011-08-10 16:56:00,195.62,,United Kingdom
C562938,M,Manual,-1,2011-08-10 17:14:00,1121.18,14156.0,EIRE
562946,M,Manual,1,2011-08-11 09:38:00,2500.0,15581.0,United Kingdom
562955,DOT,DOTCOM POSTAGE,1,2011-08-11 10:14:00,4505.17,,United Kingdom
C562958,M,Manual,-1,2011-08-11 10:19:00,3.25,17531.0,United Kingdom
563020,POST,POSTAGE,3,2011-08-11 12:58:00,40.0,12428.0,Finland
563025,POST,POSTAGE,1,2011-08-11 14:00:00,1.69,,United Kingdom
563037,POST,POSTAGE,3,2011-08-11 15:02:00,15.0,12362.0,Belgium
563093,DOT,DOTCOM POSTAGE,1,2011-08-11 17:28:00,176.41,,United Kingdom
563100,POST,POSTAGE,6,2011-08-12 09:57:00,40.0,12381.0,Norway
563137,M,Manual,1,2011-08-12 11:22:00,1.65,14534.0,United Kingdom
563172,POST,POSTAGE,1,2011-08-12 13:15:00,15.0,12399.0,Belgium
563189,POST,POSTAGE,2,2011-08-12 15:22:00,18.0,12682.0,France
563193,DOT,DOTCOM POSTAGE,1,2011-08-12 16:30:00,199.89,,United Kingdom
563195,DOT,DOTCOM POSTAGE,1,2011-08-12 16:36:00,222.49,,United Kingdom
563288,POST,POSTAGE,4,2011-08-15 12:53:00,18.0,12656.0,France
563345,POST,POSTAGE,2,2011-08-15 13:22:00,18.0,12619.0,Germany
563373,POST,POSTAGE,2,2011-08-16 10:02:00,18.0,12569.0,Germany
563383,POST,POSTAGE,1,2011-08-16 10:52:00,15.0,14407.0,United Kingdom
563443,POST,POSTAGE,1,2011-08-16 13:26:00,40.0,12641.0,Sweden
C563446,POST,POSTAGE,-1,2011-08-16 14:24:00,4.41,15205.0,United Kingdom
563480,POST,POSTAGE,1,2011-08-16 15:52:00,2.45,,United Kingdom
563518,POST,POSTAGE,2,2011-08-17 10:56:00,28.0,12421.0,Spain
C563535,BANK CHARGES,Bank Charges,-1,2011-08-17 11:38:00,612.46,,United Kingdom
C563536,M,Manual,-1,2011-08-17 11:39:00,413.68,,United Kingdom
C563537,M,Manual,-1,2011-08-17 11:40:00,793.32,,United Kingdom
563540,POST,POSTAGE,5,2011-08-17 12:04:00,18.0,12473.0,Germany
563548,POST,POSTAGE,3,2011-08-17 12:30:00,18.0,12528.0,Germany
563549,DOT,DOTCOM POSTAGE,1,2011-08-17 12:34:00,1154.67,,United Kingdom
563565,M,Manual,12,2011-08-17 14:22:00,0.42,17338.0,United Kingdom
563576,M,Manual,1,2011-08-17 15:06:00,8.49,12748.0,United Kingdom
563662,POST,POSTAGE,2,2011-08-18 11:40:00,18.0,12729.0,France
563692,M,Manual,4,2011-08-18 13:01:00,2.1,17243.0,United Kingdom
563712,POST,POSTAGE,2,2011-08-18 15:44:00,18.0,12680.0,France
563749,POST,POSTAGE,2,2011-08-19 10:10:00,40.0,12360.0,Austria
563753,POST,POSTAGE,3,2011-08-19 10:51:00,18.0,12513.0,France
563776,POST,POSTAGE,2,2011-08-19 11:23:00,18.0,12600.0,Germany
563808,POST,POSTAGE,2,2011-08-19 11:46:00,18.0,12626.0,Germany
563820,M,Manual,1,2011-08-19 11:57:00,10.0,,United Kingdom
563852,POST,POSTAGE,2,2011-08-19 15:18:00,15.0,12395.0,Belgium
563853,POST,POSTAGE,8,2011-08-19 15:22:00,18.0,12560.0,Germany
563854,POST,POSTAGE,3,2011-08-19 15:24:00,15.0,12364.0,Belgium
563897,POST,POSTAGE,1,2011-08-21 10:44:00,18.0,12523.0,France
563914,POST,POSTAGE,2,2011-08-21 13:18:00,18.0,12518.0,Germany
563926,POST,POSTAGE,2,2011-08-21 14:42:00,18.0,12553.0,France
563936,POST,POSTAGE,1,2011-08-22 09:03:00,40.0,17828.0,Malta
563950,POST,POSTAGE,7,2011-08-22 10:39:00,18.0,12471.0,Germany
564039,POST,POSTAGE,2,2011-08-22 12:40:00,18.0,12645.0,Germany
564082,POST,POSTAGE,4,2011-08-23 08:51:00,18.0,12627.0,Germany
564086,POST,POSTAGE,1,2011-08-23 09:36:00,160.0,,Hong Kong
564140,POST,POSTAGE,2,2011-08-23 11:47:00,18.0,12621.0,Germany
564173,POST,POSTAGE,4,2011-08-23 14:23:00,18.0,12567.0,France
C564183,POST,POSTAGE,-1,2011-08-23 15:04:00,14.95,,United Kingdom
C564183,M,Manual,-1,2011-08-23 15:04:00,58.29,,United Kingdom
564196,POST,POSTAGE,1,2011-08-23 16:56:00,15.0,17315.0,United Kingdom
564201,POST,POSTAGE,2,2011-08-24 08:09:00,28.0,12540.0,Spain
564216,POST,POSTAGE,2,2011-08-24 09:23:00,18.0,12642.0,Germany
564221,DOT,DOTCOM POSTAGE,1,2011-08-24 09:36:00,1325.0,,United Kingdom
564226,POST,POSTAGE,2,2011-08-24 10:13:00,18.0,12523.0,France
564307,M,Manual,1,2011-08-24 12:32:00,2.1,17865.0,United Kingdom
564328,POST,POSTAGE,2,2011-08-24 13:42:00,18.0,12662.0,Germany
564329,POST,POSTAGE,2,2011-08-24 13:55:00,18.0,12569.0,Germany
C564331,POST,POSTAGE,-1,2011-08-24 13:57:00,18.0,12569.0,Germany
564337,POST,POSTAGE,1,2011-08-24 14:40:00,18.0,12649.0,Germany
564360,POST,POSTAGE,3,2011-08-24 16:13:00,18.0,12471.0,Germany
564367,POST,POSTAGE,1,2011-08-25 09:18:00,18.0,12712.0,Germany
564372,POST,POSTAGE,6,2011-08-25 09:55:00,18.0,12714.0,France
564378,POST,POSTAGE,3,2011-08-25 10:26:00,15.0,12417.0,Belgium
C564435,POST,POSTAGE,-1,2011-08-25 12:05:00,4.41,17676.0,United Kingdom
564471,POST,POSTAGE,1,2011-08-25 12:26:00,18.0,12583.0,France
564475,POST,POSTAGE,1,2011-08-25 12:50:00,18.0,12500.0,Germany
564476,POST,POSTAGE,1,2011-08-25 12:57:00,40.0,12610.0,Italy
564479,POST,POSTAGE,2,2011-08-25 13:12:00,18.0,12682.0,France
564481,POST,POSTAGE,3,2011-08-25 13:33:00,15.0,12464.0,Belgium
C564494,BANK CHARGES,Bank Charges,-1,2011-08-25 14:20:00,83.83,,United Kingdom
C564498,BANK CHARGES,Bank Charges,-1,2011-08-25 14:22:00,77.63,,United Kingdom
564516,DOT,DOTCOM POSTAGE,1,2011-08-25 14:45:00,309.75,,United Kingdom
564530,M,Manual,1,2011-08-25 14:57:00,312.5,,United Kingdom
564531,POST,POSTAGE,2,2011-08-25 15:04:00,18.0,12624.0,France
564539,POST,POSTAGE,2,2011-08-25 15:22:00,40.0,12715.0,Sweden
564558,POST,POSTAGE,2,2011-08-26 08:59:00,40.0,12704.0,Finland
564638,POST,POSTAGE,1,2011-08-26 12:54:00,18.0,13812.0,Germany
564649,POST,POSTAGE,1,2011-08-26 14:13:00,15.0,15611.0,United Kingdom
564665,POST,POSTAGE,1,2011-08-26 14:48:00,1.1,,United Kingdom
564666,POST,POSTAGE,1,2011-08-26 14:51:00,18.0,12492.0,Germany
564670,POST,POSTAGE,6,2011-08-26 15:44:00,18.0,12683.0,France
564749,POST,POSTAGE,2,2011-08-30 08:15:00,18.0,12708.0,Germany
564754,DOT,DOTCOM POSTAGE,1,2011-08-30 10:29:00,186.87,,United Kingdom
564755,DOT,DOTCOM POSTAGE,1,2011-08-30 10:31:00,170.92,,United Kingdom
564756,DOT,DOTCOM POSTAGE,1,2011-08-30 10:33:00,165.2,,United Kingdom
564757,DOT,DOTCOM POSTAGE,1,2011-08-30 10:36:00,198.09,,United Kingdom
564758,DOT,DOTCOM POSTAGE,1,2011-08-30 10:39:00,252.37,,United Kingdom
564760,DOT,DOTCOM POSTAGE,1,2011-08-30 10:47:00,191.06,,United Kingdom
564764,DOT,DOTCOM POSTAGE,1,2011-08-30 10:49:00,11.17,14096.0,United Kingdom
564817,DOT,DOTCOM POSTAGE,1,2011-08-30 12:02:00,177.63,,United Kingdom
564818,DOT,DOTCOM POSTAGE,1,2011-08-30 12:10:00,192.71,,United Kingdom
564819,POST,POSTAGE,1,2011-08-30 12:11:00,40.0,12814.0,Poland
564820,DOT,DOTCOM POSTAGE,1,2011-08-30 12:16:00,150.35,,United Kingdom
564825,DOT,DOTCOM POSTAGE,1,2011-08-30 12:26:00,124.83,,United Kingdom
564835,DOT,DOTCOM POSTAGE,1,2011-08-30 12:31:00,176.72,,United Kingdom
564837,DOT,DOTCOM POSTAGE,1,2011-08-30 12:40:00,177.63,,United Kingdom
564838,DOT,DOTCOM POSTAGE,1,2011-08-30 12:43:00,171.07,,United Kingdom
564840,DOT,DOTCOM POSTAGE,1,2011-08-30 12:49:00,191.96,,United Kingdom
564844,POST,POSTAGE,1,2011-08-30 14:11:00,3.82,,United Kingdom
564853,POST,POSTAGE,3,2011-08-31 08:55:00,15.0,12423.0,Belgium
564857,DOT,DOTCOM POSTAGE,1,2011-08-31 09:23:00,877.04,,United Kingdom
564858,POST,POSTAGE,5,2011-08-31 09:44:00,28.0,12484.0,Spain
564861,POST,POSTAGE,1,2011-08-31 10:21:00,15.0,17315.0,United Kingdom
564862,POST,POSTAGE,1,2011-08-31 10:24:00,145.0,12678.0,France
C564899,M,Manual,-480,2011-08-31 11:31:00,0.22,14646.0,Netherlands
C564905,POST,POSTAGE,-1,2011-08-31 12:16:00,87.4,17450.0,United Kingdom
C564905,POST,POSTAGE,-1,2011-08-31 12:16:00,79.68,17450.0,United Kingdom
564906,POST,POSTAGE,2,2011-08-31 12:18:00,18.0,12682.0,France
564912,POST,POSTAGE,3,2011-08-31 12:33:00,18.0,12490.0,France
564972,POST,POSTAGE,6,2011-08-31 15:30:00,18.0,12621.0,Germany
564974,DOT,DOTCOM POSTAGE,1,2011-08-31 15:32:00,161.16,,United Kingdom
565123,M,Manual,96,2011-09-01 11:56:00,5.0,17949.0,United Kingdom
565124,POST,POSTAGE,2,2011-09-01 12:09:00,40.0,12436.0,Norway
565210,M,Manual,41,2011-09-01 17:09:00,0.19,17750.0,United Kingdom
C565229,POST,POSTAGE,-1,2011-09-02 09:12:00,200.0,17450.0,United Kingdom
565231,DOT,DOTCOM POSTAGE,1,2011-09-02 09:26:00,119.77,,United Kingdom
565232,DOT,DOTCOM POSTAGE,1,2011-09-02 09:30:00,131.69,,United Kingdom
565233,DOT,DOTCOM POSTAGE,1,2011-09-02 09:34:00,235.02,,United Kingdom
565234,DOT,DOTCOM POSTAGE,1,2011-09-02 09:38:00,178.29,,United Kingdom
565239,POST,POSTAGE,3,2011-09-02 09:51:00,18.0,12670.0,France
565246,POST,POSTAGE,4,2011-09-02 10:27:00,15.0,12408.0,Belgium
565261,POST,POSTAGE,2,2011-09-02 10:53:00,18.0,12474.0,Germany
565286,DOT,DOTCOM POSTAGE,1,2011-09-02 11:39:00,249.71,,United Kingdom
565287,POST,POSTAGE,1,2011-09-02 11:42:00,18.0,12483.0,Sweden
565321,POST,POSTAGE,2,2011-09-02 13:14:00,18.0,12437.0,France
565333,POST,POSTAGE,1,2011-09-02 14:23:00,40.0,12375.0,Finland
565377,M,Manual,1,2011-09-02 15:12:00,852.8,18087.0,United Kingdom
565383,DOT,DOTCOM POSTAGE,1,2011-09-02 15:45:00,16.46,14096.0,United Kingdom
565396,DOT,DOTCOM POSTAGE,1,2011-09-02 16:39:00,191.46,,United Kingdom
565416,POST,POSTAGE,2,2011-09-04 12:00:00,18.0,12710.0,Germany
565423,POST,POSTAGE,1,2011-09-04 12:23:00,18.0,12569.0,Germany
C565428,M,Manual,-1,2011-09-04 12:53:00,4.25,12867.0,United Kingdom
565442,POST,POSTAGE,3,2011-09-04 14:09:00,18.0,12627.0,Germany
565443,POST,POSTAGE,3,2011-09-04 14:22:00,18.0,12567.0,France
565519,POST,POSTAGE,7,2011-09-05 11:52:00,28.0,12502.0,Spain
565556,POST,,750,2011-09-05 12:14:00,0.0,,United Kingdom
565579,M,Manual,1,2011-09-05 12:35:00,4.0,18283.0,United Kingdom
565583,POST,POSTAGE,1,2011-09-05 12:41:00,40.0,12816.0,Poland
565587,POST,POSTAGE,6,2011-09-05 13:38:00,18.0,12727.0,France
565612,POST,POSTAGE,2,2011-09-05 15:17:00,18.0,12616.0,France
565617,DOT,DOTCOM POSTAGE,1,2011-09-05 15:30:00,138.0,,United Kingdom
565735,BANK CHARGES,Bank Charges,1,2011-09-06 12:25:00,15.0,16904.0,United Kingdom
565759,POST,POSTAGE,3,2011-09-06 13:46:00,18.0,12720.0,Germany
565765,POST,POSTAGE,2,2011-09-06 14:19:00,18.0,12526.0,Germany
565777,POST,POSTAGE,1,2011-09-06 14:53:00,18.0,12569.0,Germany
565785,POST,POSTAGE,5,2011-09-06 16:57:00,40.0,12461.0,Switzerland
565801,POST,POSTAGE,3,2011-09-07 10:28:00,18.0,12685.0,France
565840,DOT,DOTCOM POSTAGE,1,2011-09-07 12:02:00,203.73,,United Kingdom
565841,DOT,DOTCOM POSTAGE,1,2011-09-07 12:04:00,194.7,,United Kingdom
565847,DOT,DOTCOM POSTAGE,1,2011-09-07 12:44:00,1569.04,,United Kingdom
565854,POST,POSTAGE,4,2011-09-07 13:22:00,18.0,12490.0,France
565870,POST,POSTAGE,1,2011-09-07 15:10:00,15.0,16828.0,United Kingdom
565917,DOT,DOTCOM POSTAGE,1,2011-09-07 16:15:00,211.86,,United Kingdom
565919,DOT,DOTCOM POSTAGE,1,2011-09-07 16:48:00,211.8,,United Kingdom
C565925,POST,POSTAGE,-1,2011-09-08 10:02:00,18.0,12471.0,Germany
565930,POST,POSTAGE,5,2011-09-08 10:32:00,18.0,12685.0,France
565931,POST,POSTAGE,2,2011-09-08 10:35:00,18.0,12683.0,France
565933,POST,POSTAGE,1,2011-09-08 10:43:00,15.0,15885.0,United Kingdom
C565962,M,Manual,-12,2011-09-08 11:25:00,1.25,14410.0,United Kingdom
566040,POST,POSTAGE,2,2011-09-08 13:38:00,28.0,12540.0,Spain
566054,POST,POSTAGE,1,2011-09-08 15:04:00,18.0,12592.0,Germany
566059,POST,POSTAGE,1,2011-09-08 15:22:00,18.0,12569.0,Germany
566060,DOT,DOTCOM POSTAGE,1,2011-09-08 15:27:00,213.71,,United Kingdom
566076,POST,POSTAGE,11,2011-09-09 09:13:00,15.0,12449.0,Belgium
566080,POST,POSTAGE,1,2011-09-09 10:05:00,15.0,15187.0,United Kingdom
566115,POST,POSTAGE,1,2011-09-09 10:51:00,18.0,12674.0,France
C566168,M,Manual,-1,2011-09-09 12:02:00,116.69,,United Kingdom
566173,POST,POSTAGE,1,2011-09-09 12:24:00,15.0,12787.0,Netherlands
C566187,M,Manual,-1,2011-09-09 13:03:00,110.45,14096.0,United Kingdom
566217,DOT,DOTCOM POSTAGE,1,2011-09-09 15:17:00,13.16,14096.0,United Kingdom
566221,DOT,DOTCOM POSTAGE,1,2011-09-09 16:13:00,197.74,,United Kingdom
566233,POST,POSTAGE,7,2011-09-11 11:04:00,18.0,12635.0,Germany
566256,POST,POSTAGE,1,2011-09-11 12:27:00,18.0,12680.0,France
566267,POST,POSTAGE,3,2011-09-11 13:32:00,18.0,12647.0,Germany
566268,POST,POSTAGE,3,2011-09-11 13:38:00,18.0,13813.0,Germany
566446,DOT,DOTCOM POSTAGE,1,2011-09-12 15:40:00,228.33,,United Kingdom
566492,POST,POSTAGE,1,2011-09-13 10:34:00,18.0,12679.0,France
566562,M,Manual,12,2011-09-13 12:18:00,0.42,17365.0,United Kingdom
566566,DOT,DOTCOM POSTAGE,1,2011-09-13 12:32:00,85.58,14096.0,United Kingdom
566577,DOT,DOTCOM POSTAGE,1,2011-09-13 13:29:00,484.17,,United Kingdom
C566578,M,Manual,-1,2011-09-13 13:33:00,92.93,,United Kingdom
C566579,M,Manual,-1,2011-09-13 13:34:00,6.59,,United Kingdom
566586,POST,POSTAGE,1,2011-09-13 14:23:00,18.0,12619.0,Germany
566598,POST,POSTAGE,1,2011-09-13 15:35:00,40.0,12664.0,Finland
566602,DOT,DOTCOM POSTAGE,1,2011-09-13 16:05:00,226.37,,United Kingdom
566603,DOT,DOTCOM POSTAGE,1,2011-09-13 16:12:00,122.65,,United Kingdom
566736,POST,POSTAGE,2,2011-09-14 14:19:00,18.0,12726.0,France
566739,POST,POSTAGE,3,2011-09-14 14:30:00,18.0,12566.0,Germany
566757,DOT,DOTCOM POSTAGE,1,2011-09-14 15:54:00,141.19,,United Kingdom
566773,POST,POSTAGE,2,2011-09-15 09:43:00,40.0,12444.0,Norway
566787,DOT,DOTCOM POSTAGE,1,2011-09-15 10:31:00,800.63,,United Kingdom
566865,POST,POSTAGE,1,2011-09-15 12:53:00,15.0,14735.0,United Kingdom
566916,POST,POSTAGE,4,2011-09-15 14:25:00,40.0,12457.0,Switzerland
566918,POST,POSTAGE,1,2011-09-15 14:50:00,18.0,12722.0,France
C566925,M,Manual,-1,2011-09-15 15:18:00,1829.84,12748.0,United Kingdom
566927,M,Manual,1,2011-09-15 15:20:00,2033.1,17846.0,United Kingdom
566949,DOT,DOTCOM POSTAGE,1,2011-09-15 16:32:00,178.84,,United Kingdom
566952,DOT,DOTCOM POSTAGE,1,2011-09-15 16:37:00,239.91,,United Kingdom
566984,POST,POSTAGE,3,2011-09-16 10:39:00,18.0,12471.0,Germany
566985,DOT,DOTCOM POSTAGE,1,2011-09-16 10:42:00,594.0,,United Kingdom
566987,POST,POSTAGE,4,2011-09-16 10:56:00,18.0,12476.0,Germany
C567130,M,Manual,-1,2011-09-16 14:11:00,1039.73,,United Kingdom
567134,POST,POSTAGE,1,2011-09-16 14:20:00,18.0,12600.0,Germany
C567136,BANK CHARGES,Bank Charges,-1,2011-09-16 14:27:00,366.27,,United Kingdom
C567155,M,Manual,-1,2011-09-16 16:52:00,345.03,17728.0,United Kingdom
567183,M,Manual,1,2011-09-18 15:32:00,1.65,14769.0,United Kingdom
567191,POST,POSTAGE,3,2011-09-19 09:15:00,18.0,12562.0,France
567196,POST,POSTAGE,2,2011-09-19 10:09:00,15.0,12379.0,Belgium
C567289,POST,POSTAGE,-1,2011-09-19 11:50:00,4.41,17612.0,United Kingdom
567293,POST,POSTAGE,5,2011-09-19 12:01:00,18.0,12640.0,France
567296,POST,POSTAGE,1,2011-09-19 12:19:00,18.0,12682.0,France
567298,POST,POSTAGE,5,2011-09-19 12:29:00,18.0,12497.0,Germany
567300,POST,POSTAGE,3,2011-09-19 12:36:00,18.0,12724.0,France
567305,POST,POSTAGE,2,2011-09-19 13:28:00,18.0,12621.0,Germany
567336,POST,POSTAGE,4,2011-09-19 14:56:00,18.0,12621.0,Germany
567340,POST,POSTAGE,4,2011-09-19 15:02:00,28.0,12540.0,Spain
567342,POST,POSTAGE,1,2011-09-19 15:04:00,10.0,16235.0,United Kingdom
C567352,M,Manual,-1,2011-09-19 16:13:00,2653.95,,Hong Kong
567353,M,Manual,1,2011-09-19 16:14:00,2653.95,,Hong Kong
567424,M,Manual,2,2011-09-20 11:16:00,0.19,16369.0,United Kingdom
567424,M,Manual,2,2011-09-20 11:16:00,0.85,16369.0,United Kingdom
567460,M,Manual,3,2011-09-20 12:30:00,0.19,15888.0,United Kingdom
567460,M,Manual,6,2011-09-20 12:30:00,0.85,15888.0,United Kingdom
567462,M,Manual,60,2011-09-20 12:35:00,0.08,14446.0,United Kingdom
C567479,M,Manual,-1,2011-09-20 13:37:00,232.57,,United Kingdom
567485,M,Manual,60,2011-09-20 13:52:00,0.08,15026.0,United Kingdom
567505,POST,POSTAGE,2,2011-09-20 14:34:00,40.0,12352.0,Norway
567507,DOT,DOTCOM POSTAGE,1,2011-09-20 14:46:00,1092.21,,United Kingdom
C567518,M,Manual,-1,2011-09-20 16:28:00,5.95,,EIRE
567530,POST,POSTAGE,3,2011-09-21 09:33:00,15.0,12390.0,Belgium
567552,POST,POSTAGE,3,2011-09-21 10:40:00,18.0,12583.0,France
567578,POST,POSTAGE,2,2011-09-21 10:47:00,18.0,12701.0,Germany
567618,POST,POSTAGE,1,2011-09-21 12:26:00,18.0,12721.0,France
C567627,M,Manual,-1,2011-09-21 13:01:00,10.65,17511.0,United Kingdom
567653,POST,POSTAGE,5,2011-09-21 14:35:00,28.0,12550.0,Spain
567656,DOT,DOTCOM POSTAGE,1,2011-09-21 14:40:00,878.55,14096.0,United Kingdom
567665,DOT,DOTCOM POSTAGE,1,2011-09-21 15:22:00,148.55,,United Kingdom
567666,POST,POSTAGE,4,2011-09-21 15:23:00,18.0,12520.0,Germany
567667,DOT,DOTCOM POSTAGE,1,2011-09-21 15:24:00,213.79,,United Kingdom
567668,DOT,DOTCOM POSTAGE,1,2011-09-21 15:29:00,234.94,,United Kingdom
567670,DOT,DOTCOM POSTAGE,1,2011-09-21 15:32:00,220.5,,United Kingdom
567671,DOT,DOTCOM POSTAGE,1,2011-09-21 15:34:00,248.51,,United Kingdom
567673,DOT,DOTCOM POSTAGE,1,2011-09-21 15:43:00,224.26,,United Kingdom
C567682,M,Manual,-13,2011-09-21 16:28:00,0.79,17997.0,United Kingdom
C567682,M,Manual,-9,2011-09-21 16:28:00,0.79,17997.0,United Kingdom
C567713,M,Manual,-3,2011-09-22 10:10:00,1.0,,United Kingdom
567756,POST,POSTAGE,3,2011-09-22 10:52:00,18.0,12678.0,France
567793,POST,POSTAGE,4,2011-09-22 11:40:00,18.0,12657.0,France
567795,POST,POSTAGE,6,2011-09-22 11:44:00,15.0,14646.0,Netherlands
567824,POST,POSTAGE,1,2011-09-22 13:00:00,37.5,12739.0,United Arab Emirates
567866,M,Manual,5,2011-09-22 14:13:00,0.8,16669.0,United Kingdom
C567867,M,Manual,-5,2011-09-22 14:18:00,0.8,16669.0,United Kingdom
567869,M,Manual,5,2011-09-22 14:18:00,0.08,16669.0,United Kingdom
567897,POST,POSTAGE,1,2011-09-22 16:07:00,15.0,12364.0,Belgium
567901,DOT,DOTCOM POSTAGE,1,2011-09-22 16:28:00,175.6,,United Kingdom
C567903,M,Manual,-120,2011-09-22 16:29:00,0.03,16422.0,United Kingdom
567904,POST,POSTAGE,2,2011-09-22 16:34:00,18.0,12609.0,Germany
567910,POST,POSTAGE,1,2011-09-22 16:58:00,18.0,12437.0,France
567912,M,Manual,29,2011-09-22 17:07:00,0.06,15555.0,United Kingdom
567914,POST,POSTAGE,1,2011-09-22 17:14:00,18.0,12647.0,Germany
567915,POST,POSTAGE,3,2011-09-22 17:15:00,18.0,12579.0,France
C567916,POST,POSTAGE,-1,2011-09-22 17:19:00,18.0,12579.0,France
567924,POST,POSTAGE,1,2011-09-22 17:25:00,18.0,12471.0,Germany
567928,POST,POSTAGE,3,2011-09-22 17:31:00,18.0,12380.0,Belgium
567938,POST,POSTAGE,2,2011-09-22 18:14:00,40.0,12704.0,Finland
567958,POST,POSTAGE,2,2011-09-23 09:00:00,18.0,12619.0,Germany
567959,POST,POSTAGE,4,2011-09-23 09:13:00,18.0,12516.0,Germany
567968,POST,POSTAGE,3,2011-09-23 09:44:00,28.0,12546.0,Spain
C567997,M,Manual,-1,2011-09-23 11:31:00,14.95,13097.0,United Kingdom
568001,POST,POSTAGE,1,2011-09-23 11:35:00,28.0,12540.0,Spain
568040,POST,POSTAGE,4,2011-09-23 12:09:00,18.0,12681.0,France
568050,M,Manual,1,2011-09-23 12:38:00,1.5,15901.0,United Kingdom
568050,M,Manual,6,2011-09-23 12:38:00,0.08,15901.0,United Kingdom
568056,POST,POSTAGE,5,2011-09-23 12:55:00,18.0,12705.0,Germany
568057,DOT,DOTCOM POSTAGE,1,2011-09-23 12:56:00,698.5,,United Kingdom
568103,POST,POSTAGE,3,2011-09-23 15:45:00,18.0,12518.0,Germany
568132,M,Manual,3,2011-09-23 16:22:00,1.25,15549.0,United Kingdom
568134,DOT,DOTCOM POSTAGE,1,2011-09-23 17:02:00,218.75,,United Kingdom
568135,DOT,DOTCOM POSTAGE,1,2011-09-23 17:04:00,201.82,,United Kingdom
C568138,M,Manual,-144,2011-09-25 10:43:00,0.36,16689.0,United Kingdom
568172,POST,POSTAGE,1,2011-09-25 13:13:00,40.0,12348.0,Finland
568176,POST,POSTAGE,1,2011-09-25 13:25:00,18.0,12685.0,France
568179,POST,POSTAGE,3,2011-09-25 13:39:00,28.0,12545.0,Spain
568208,POST,POSTAGE,2,2011-09-25 15:35:00,28.0,12783.0,Portugal
568223,POST,POSTAGE,2,2011-09-26 10:16:00,15.0,12412.0,Denmark
C568240,POST,POSTAGE,-1,2011-09-26 12:04:00,4.5,17172.0,United Kingdom
568346,DOT,DOTCOM POSTAGE,1,2011-09-26 15:28:00,688.08,14096.0,United Kingdom
568350,POST,POSTAGE,2,2011-09-26 15:35:00,18.0,12612.0,Germany
568375,BANK CHARGES,Bank Charges,1,2011-09-26 17:01:00,15.0,13405.0,United Kingdom
568375,BANK CHARGES,Bank Charges,1,2011-09-26 17:01:00,0.001,13405.0,United Kingdom
568384,M,Manual,1,2011-09-27 09:46:00,0.0,12748.0,United Kingdom
568398,POST,POSTAGE,1,2011-09-27 10:26:00,5.0,14543.0,United Kingdom
C568410,POST,POSTAGE,-1,2011-09-27 10:42:00,80.0,12748.0,United Kingdom
568411,DOT,DOTCOM POSTAGE,1,2011-09-27 10:52:00,837.46,,United Kingdom
568472,POST,POSTAGE,2,2011-09-27 11:50:00,18.0,12517.0,Germany
568514,POST,POSTAGE,1,2011-09-27 12:44:00,1.36,,United Kingdom
568518,POST,POSTAGE,1,2011-09-27 12:53:00,18.0,12680.0,France
568554,POST,POSTAGE,1,2011-09-27 15:31:00,28.0,12455.0,Spain
568567,DOT,DOTCOM POSTAGE,1,2011-09-27 18:41:00,227.99,,United Kingdom
568645,POST,POSTAGE,3,2011-09-28 11:38:00,18.0,12656.0,France
C568646,POST,POSTAGE,-1,2011-09-28 11:45:00,3.38,13430.0,United Kingdom
568650,POST,POSTAGE,8,2011-09-28 11:56:00,40.0,13505.0,Switzerland
568651,POST,POSTAGE,4,2011-09-28 12:04:00,15.0,12362.0,Belgium
568674,POST,POSTAGE,2,2011-09-28 13:30:00,18.0,12708.0,Germany
568699,POST,POSTAGE,1,2011-09-28 14:58:00,40.0,12352.0,Norway
568703,M,Manual,183,2011-09-28 15:21:00,0.08,12748.0,United Kingdom
568716,DOT,DOTCOM POSTAGE,1,2011-09-28 16:13:00,160.9,,United Kingdom
568719,DOT,DOTCOM POSTAGE,1,2011-09-28 16:19:00,236.91,,United Kingdom
568721,DOT,DOTCOM POSTAGE,1,2011-09-28 16:24:00,225.68,,United Kingdom
568798,POST,POSTAGE,3,2011-09-29 10:23:00,18.0,12615.0,France
C568799,M,Manual,-2,2011-09-29 10:34:00,90.0,17450.0,United Kingdom
C568799,M,Manual,-1,2011-09-29 10:34:00,2.88,17450.0,United Kingdom
568872,POST,POSTAGE,2,2011-09-29 12:12:00,15.0,12372.0,Denmark
568914,POST,POSTAGE,1,2011-09-29 13:53:00,1.36,,United Kingdom
568949,DOT,DOTCOM POSTAGE,1,2011-09-29 15:13:00,182.25,,United Kingdom
568950,POST,POSTAGE,2,2011-09-29 15:25:00,40.0,12458.0,Switzerland
568953,POST,POSTAGE,1,2011-09-29 15:31:00,18.0,12728.0,France
568988,POST,POSTAGE,2,2011-09-29 16:38:00,18.0,12718.0,France
568994,POST,POSTAGE,2,2011-09-29 16:52:00,18.0,12598.0,France
569001,POST,POSTAGE,1,2011-09-29 17:52:00,18.0,12703.0,Germany
569017,POST,POSTAGE,2,2011-09-30 09:22:00,18.0,13813.0,Germany
569018,POST,POSTAGE,1,2011-09-30 09:25:00,40.0,12676.0,Sweden
569033,POST,POSTAGE,1,2011-09-30 10:40:00,6.0,15611.0,United Kingdom
569089,M,Manual,3,2011-09-30 12:03:00,1.0,13764.0,United Kingdom
C569115,POST,POSTAGE,-1,2011-09-30 12:51:00,7.62,13426.0,United Kingdom
569120,POST,POSTAGE,2,2011-09-30 12:58:00,18.0,12583.0,France
569122,POST,POSTAGE,3,2011-09-30 13:06:00,18.0,12694.0,France
569137,DOT,DOTCOM POSTAGE,1,2011-09-30 14:45:00,639.83,,United Kingdom
569202,DOT,DOTCOM POSTAGE,1,2011-09-30 17:22:00,244.51,,United Kingdom
569246,DOT,DOTCOM POSTAGE,1,2011-10-03 09:57:00,490.25,14096.0,United Kingdom
569332,POST,POSTAGE,2,2011-10-03 13:46:00,18.0,12637.0,France
569360,M,Manual,1,2011-10-03 14:59:00,9.95,14653.0,United Kingdom
569364,M,Manual,12,2011-10-03 15:10:00,1.0,13167.0,United Kingdom
569372,DOT,DOTCOM POSTAGE,1,2011-10-03 16:04:00,250.68,,United Kingdom
569374,DOT,DOTCOM POSTAGE,1,2011-10-03 16:14:00,197.83,,United Kingdom
569382,M,Manual,1,2011-10-03 16:44:00,3155.95,15502.0,United Kingdom
569389,M,Manual,1,2011-10-03 16:51:00,152.78,15502.0,United Kingdom
569389,M,Manual,1,2011-10-03 16:51:00,32.22,15502.0,United Kingdom
569389,M,Manual,1,2011-10-03 16:51:00,120.0,15502.0,United Kingdom
C569390,M,Manual,-1,2011-10-03 16:53:00,152.78,15502.0,United Kingdom
C569390,M,Manual,-1,2011-10-03 16:53:00,32.22,15502.0,United Kingdom
C569390,M,Manual,-1,2011-10-03 16:53:00,120.0,15502.0,United Kingdom
569402,POST,POSTAGE,1,2011-10-04 09:00:00,18.0,12413.0,France
569415,DOT,DOTCOM POSTAGE,1,2011-10-04 10:14:00,492.46,,United Kingdom
569496,POST,POSTAGE,2,2011-10-04 13:45:00,15.0,12395.0,Belgium
569522,POST,POSTAGE,1,2011-10-04 14:41:00,40.0,12664.0,Finland
569530,M,Manual,12,2011-10-04 14:58:00,0.08,17957.0,United Kingdom
569533,M,Manual,1,2011-10-04 15:21:00,7.95,16374.0,United Kingdom
569544,DOT,DOTCOM POSTAGE,1,2011-10-04 16:33:00,213.33,,United Kingdom
569545,DOT,DOTCOM POSTAGE,1,2011-10-04 16:37:00,252.16,,United Kingdom
569562,POST,POSTAGE,3,2011-10-05 09:43:00,18.0,12720.0,Germany
569563,POST,POSTAGE,8,2011-10-05 09:46:00,18.0,12481.0,Germany
569568,POST,POSTAGE,5,2011-10-05 09:57:00,18.0,12700.0,France
569639,POST,POSTAGE,1,2011-10-05 12:24:00,240.0,12471.0,Germany
569665,POST,POSTAGE,1,2011-10-05 13:34:00,15.0,12789.0,Netherlands
569686,POST,POSTAGE,2,2011-10-05 14:50:00,18.0,12719.0,France
569700,DOT,DOTCOM POSTAGE,1,2011-10-05 15:56:00,195.37,,United Kingdom
569719,POST,POSTAGE,8,2011-10-06 09:10:00,15.0,14646.0,Netherlands
569721,POST,POSTAGE,1,2011-10-06 09:28:00,18.0,12628.0,Germany
569727,POST,POSTAGE,2,2011-10-06 09:37:00,18.0,12500.0,Germany
C569733,POST,POSTAGE,-1,2011-10-06 09:57:00,18.0,12500.0,Germany
569735,POST,POSTAGE,2,2011-10-06 10:34:00,15.0,14646.0,Netherlands
569816,POST,POSTAGE,4,2011-10-06 11:58:00,0.55,,United Kingdom
569844,POST,POSTAGE,7,2011-10-06 13:30:00,18.0,12626.0,Germany
569861,POST,POSTAGE,3,2011-10-06 14:37:00,18.0,13816.0,Germany
569860,POST,POSTAGE,1,2011-10-06 14:37:00,18.0,13812.0,Germany
569866,M,Manual,2,2011-10-06 14:50:00,1.25,12757.0,Portugal
569867,POST,POSTAGE,2,2011-10-06 14:54:00,18.0,12569.0,Germany
569893,POST,POSTAGE,6,2011-10-06 15:51:00,18.0,12627.0,Germany
569898,DOT,DOTCOM POSTAGE,1,2011-10-06 16:08:00,297.66,,United Kingdom
569901,M,Manual,1,2011-10-06 16:20:00,1.25,12923.0,United Kingdom
569904,POST,POSTAGE,3,2011-10-06 16:27:00,15.0,13023.0,United Kingdom
569907,POST,POSTAGE,1,2011-10-06 16:41:00,18.0,12569.0,Germany
C569982,M,Manual,-1,2011-10-06 19:39:00,218.72,15365.0,United Kingdom
569997,POST,POSTAGE,9,2011-10-07 08:08:00,18.0,12394.0,Denmark
569998,POST,POSTAGE,2,2011-10-07 08:12:00,28.0,12540.0,Spain
570007,POST,POSTAGE,3,2011-10-07 09:26:00,18.0,12519.0,Germany
570020,POST,POSTAGE,1,2011-10-07 10:18:00,18.0,12684.0,France
570026,POST,POSTAGE,1,2011-10-07 10:37:00,40.0,12781.0,Czech Republic
570082,POST,POSTAGE,7,2011-10-07 11:19:00,18.0,12524.0,Germany
570095,POST,POSTAGE,2,2011-10-07 11:57:00,18.0,12528.0,Germany
570187,DOT,DOTCOM POSTAGE,1,2011-10-07 15:09:00,255.81,,United Kingdom
570189,POST,POSTAGE,1,2011-10-07 15:15:00,18.0,12492.0,Germany
570191,POST,POSTAGE,1,2011-10-07 15:23:00,15.0,12778.0,Netherlands
570202,POST,POSTAGE,1,2011-10-07 16:21:00,6.32,,United Kingdom
570258,DOT,DOTCOM POSTAGE,1,2011-10-10 09:56:00,930.04,,United Kingdom
570267,POST,POSTAGE,1,2011-10-10 10:13:00,18.0,12682.0,France
C570279,M,Manual,-3,2011-10-10 11:06:00,8.0,13694.0,United Kingdom
C570301,M,Manual,-1,2011-10-10 12:04:00,682.05,16900.0,United Kingdom
570333,M,Manual,6,2011-10-10 12:19:00,0.39,18126.0,United Kingdom
570409,POST,POSTAGE,2,2011-10-10 13:03:00,18.0,12682.0,France
570417,POST,POSTAGE,1,2011-10-10 13:31:00,3.82,,United Kingdom
570446,POST,POSTAGE,2,2011-10-10 14:49:00,15.0,12431.0,Belgium
570448,M,Manual,3,2011-10-10 14:55:00,1.0,13224.0,United Kingdom
570452,POST,POSTAGE,2,2011-10-10 15:15:00,18.0,12427.0,Germany
C570453,M,Manual,-1,2011-10-10 15:19:00,821.9,,United Kingdom
C570454,BANK CHARGES,Bank Charges,-1,2011-10-10 15:21:00,472.77,,United Kingdom
C570463,BANK CHARGES,Bank Charges,-1,2011-10-10 15:59:00,49.65,,United Kingdom
570465,DOT,DOTCOM POSTAGE,1,2011-10-10 16:02:00,188.46,,United Kingdom
C570468,M,Manual,-1,2011-10-10 16:32:00,238.78,,United Kingdom
570475,M,Manual,12,2011-10-10 16:47:00,0.42,,United Kingdom
570479,M,Manual,1,2011-10-10 16:58:00,1.25,17589.0,United Kingdom
570488,DOT,DOTCOM POSTAGE,1,2011-10-10 17:12:00,635.01,14096.0,United Kingdom
570499,POST,POSTAGE,5,2011-10-11 09:19:00,28.0,12772.0,Portugal
570637,POST,POSTAGE,2,2011-10-11 12:34:00,18.0,12530.0,Germany
570640,POST,POSTAGE,2,2011-10-11 12:38:00,18.0,12474.0,Germany
C570654,POST,POSTAGE,-1,2011-10-11 13:55:00,14.95,,United Kingdom
C570654,M,Manual,-1,2011-10-11 13:55:00,58.29,,United Kingdom
570666,POST,POSTAGE,1,2011-10-11 14:24:00,18.0,13919.0,Denmark
570667,POST,POSTAGE,2,2011-10-11 14:33:00,15.0,12362.0,Belgium
570681,POST,POSTAGE,1,2011-10-11 15:45:00,6.0,12381.0,Norway
570685,M,Manual,18,2011-10-11 16:25:00,1.0,13208.0,United Kingdom
570688,DOT,DOTCOM POSTAGE,1,2011-10-11 16:29:00,199.04,,United Kingdom
570690,DOT,DOTCOM POSTAGE,1,2011-10-11 16:37:00,199.81,,United Kingdom
C570704,M,Manual,-18,2011-10-12 09:54:00,1.0,13208.0,United Kingdom
570705,M,Manual,18,2011-10-12 09:54:00,0.36,13208.0,United Kingdom
C570708,M,Manual,-600,2011-10-12 10:11:00,0.19,12908.0,United Kingdom
570714,POST,POSTAGE,2,2011-10-12 10:20:00,40.0,13520.0,Switzerland
570718,POST,POSTAGE,2,2011-10-12 10:36:00,18.0,12518.0,Germany
570725,POST,POSTAGE,1,2011-10-12 11:30:00,4.5,12381.0,Norway
570754,POST,POSTAGE,1,2011-10-12 11:40:00,18.0,12633.0,Germany
570769,POST,POSTAGE,2,2011-10-12 11:43:00,18.0,12664.0,Finland
C570775,POST,POSTAGE,-1,2011-10-12 11:45:00,18.0,12664.0,Finland
570784,POST,POSTAGE,1,2011-10-12 11:49:00,18.0,12569.0,Germany
570793,POST,POSTAGE,8,2011-10-12 12:08:00,40.0,12444.0,Norway
570798,POST,POSTAGE,2,2011-10-12 12:30:00,18.0,12679.0,France
570823,POST,POSTAGE,1,2011-10-12 12:54:00,18.0,12691.0,France
570841,POST,POSTAGE,2,2011-10-12 14:18:00,18.0,12553.0,France
570851,POST,POSTAGE,1,2011-10-12 14:46:00,18.0,12583.0,France
570871,DOT,DOTCOM POSTAGE,1,2011-10-12 16:36:00,218.93,,United Kingdom
570872,DOT,DOTCOM POSTAGE,1,2011-10-12 16:40:00,214.32,,United Kingdom
570875,POST,POSTAGE,4,2011-10-12 17:00:00,40.0,12667.0,Finland
570879,POST,POSTAGE,2,2011-10-13 08:42:00,18.0,12685.0,France
570881,POST,POSTAGE,2,2011-10-13 09:30:00,18.0,12498.0,Germany
571030,POST,POSTAGE,7,2011-10-13 12:26:00,15.0,12876.0,Belgium
571035,M,Manual,1,2011-10-13 12:50:00,0.0,12446.0,RSA
571053,POST,POSTAGE,4,2011-10-13 13:53:00,40.0,12631.0,Finland
571061,DOT,DOTCOM POSTAGE,1,2011-10-13 14:33:00,852.25,,United Kingdom
571065,POST,POSTAGE,7,2011-10-13 14:59:00,18.0,12613.0,Germany
571082,DOT,DOTCOM POSTAGE,1,2011-10-13 15:25:00,213.13,,United Kingdom
571106,M,Manual,1,2011-10-13 16:14:00,1.0,14976.0,United Kingdom
571111,POST,POSTAGE,1,2011-10-13 16:37:00,15.0,14976.0,United Kingdom
571179,M,Manual,1,2011-10-14 10:42:00,40.0,15482.0,United Kingdom
571187,POST,POSTAGE,3,2011-10-14 11:39:00,18.0,12380.0,Belgium
571188,POST,POSTAGE,4,2011-10-14 11:42:00,28.0,12783.0,Portugal
571190,M,Manual,4,2011-10-14 11:43:00,0.12,17771.0,United Kingdom
571191,POST,POSTAGE,1,2011-10-14 11:44:00,15.0,17404.0,Sweden
571215,POST,POSTAGE,3,2011-10-14 12:57:00,18.0,13810.0,Germany
C571220,M,Manual,-1,2011-10-14 13:35:00,599.5,13810.0,Germany
571223,M,Manual,1,2011-10-14 13:36:00,599.5,13810.0,Germany
571240,POST,POSTAGE,2,2011-10-14 14:55:00,18.0,12562.0,France
571257,DOT,DOTCOM POSTAGE,1,2011-10-14 17:17:00,271.18,,United Kingdom
571289,M,Manual,1,2011-10-16 15:27:00,0.39,15113.0,United Kingdom
571304,POST,POSTAGE,4,2011-10-17 09:37:00,18.0,12526.0,Germany
571305,DOT,DOTCOM POSTAGE,1,2011-10-17 09:55:00,657.29,,United Kingdom
571308,POST,POSTAGE,3,2011-10-17 10:10:00,18.0,12475.0,Germany
571312,POST,POSTAGE,4,2011-10-17 10:42:00,18.0,12474.0,Germany
571324,M,Manual,1,2011-10-17 11:08:00,283.02,12783.0,Portugal
C571325,M,Manual,-1,2011-10-17 11:09:00,339.02,12783.0,Portugal
571326,M,Manual,1,2011-10-17 11:11:00,339.02,12783.0,Portugal
C571327,M,Manual,-1,2011-10-17 11:12:00,283.02,12783.0,Portugal
571328,POST,POSTAGE,7,2011-10-17 11:27:00,18.0,12473.0,Germany
571441,DOT,DOTCOM POSTAGE,1,2011-10-17 13:31:00,743.62,14096.0,United Kingdom
571445,POST,POSTAGE,2,2011-10-17 13:44:00,18.0,12463.0,Belgium
571465,M,Manual,1,2011-10-17 14:29:00,0.85,14830.0,United Kingdom
C571501,M,Manual,-1,2011-10-17 15:14:00,153.13,,United Kingdom
571508,DOT,DOTCOM POSTAGE,1,2011-10-17 15:27:00,195.06,,United Kingdom
571556,POST,POSTAGE,2,2011-10-18 09:24:00,18.0,12662.0,Germany
C571625,POST,POSTAGE,-1,2011-10-18 10:59:00,4.41,16140.0,United Kingdom
C571634,M,Manual,-1,2011-10-18 11:34:00,79.2,16029.0,United Kingdom
C571639,M,Manual,-1,2011-10-18 12:01:00,120.58,15498.0,United Kingdom
571658,POST,POSTAGE,3,2011-10-18 12:48:00,18.0,12621.0,Germany
571665,POST,POSTAGE,3,2011-10-18 12:59:00,28.0,12540.0,Spain
571697,POST,POSTAGE,3,2011-10-18 14:49:00,15.0,12759.0,Netherlands
571705,POST,POSTAGE,3,2011-10-18 15:22:00,40.0,12360.0,Austria
C571707,M,Manual,-2,2011-10-18 15:33:00,0.42,14056.0,United Kingdom
571713,DOT,DOTCOM POSTAGE,1,2011-10-18 16:58:00,243.87,,United Kingdom
571714,DOT,DOTCOM POSTAGE,1,2011-10-18 17:00:00,127.89,,United Kingdom
571716,DOT,DOTCOM POSTAGE,1,2011-10-18 17:05:00,206.38,,United Kingdom
571724,POST,POSTAGE,3,2011-10-19 08:20:00,18.0,12572.0,Germany
571729,POST,POSTAGE,1,2011-10-19 09:43:00,18.0,12500.0,Germany
C571750,M,Manual,-1,2011-10-19 11:16:00,3949.32,12744.0,Singapore
C571750,M,Manual,-1,2011-10-19 11:16:00,2118.74,12744.0,Singapore
571751,M,Manual,1,2011-10-19 11:18:00,3949.32,12744.0,Singapore
571751,M,Manual,1,2011-10-19 11:18:00,2118.74,12744.0,Singapore
571797,DOT,DOTCOM POSTAGE,1,2011-10-19 11:41:00,868.21,,United Kingdom
571824,POST,POSTAGE,6,2011-10-19 11:49:00,18.0,12472.0,Germany
571851,POST,POSTAGE,4,2011-10-19 13:02:00,28.0,12596.0,Spain
571883,M,Manual,6,2011-10-19 13:58:00,0.39,14704.0,United Kingdom
571900,BANK CHARGES,Bank Charges,1,2011-10-19 14:26:00,15.0,13263.0,United Kingdom
571904,POST,POSTAGE,1,2011-10-19 14:41:00,18.0,12522.0,Germany
571909,M,Manual,1,2011-10-19 15:08:00,4.95,15006.0,United Kingdom
571923,POST,POSTAGE,2,2011-10-19 16:24:00,18.0,12685.0,France
571931,DOT,DOTCOM POSTAGE,1,2011-10-19 16:59:00,230.59,,United Kingdom
572054,POST,POSTAGE,2,2011-10-20 12:31:00,18.0,12642.0,Germany
572056,POST,POSTAGE,1,2011-10-20 12:40:00,35.0,17402.0,United Kingdom
572060,POST,POSTAGE,1,2011-10-20 12:52:00,18.0,12569.0,Germany
572061,POST,POSTAGE,2,2011-10-20 12:53:00,18.0,12474.0,Germany
572072,POST,POSTAGE,1,2011-10-20 13:40:00,1.36,,United Kingdom
572087,POST,POSTAGE,6,2011-10-20 14:30:00,18.0,12683.0,France
572103,M,Manual,1,2011-10-20 15:57:00,1.25,17571.0,United Kingdom
572133,POST,POSTAGE,2,2011-10-21 10:11:00,18.0,12407.0,Belgium
572184,POST,POSTAGE,2,2011-10-21 10:51:00,18.0,12403.0,Denmark
C572187,POST,POSTAGE,-1,2011-10-21 11:00:00,18.0,12403.0,Denmark
572233,POST,POSTAGE,7,2011-10-21 14:41:00,15.0,14646.0,Netherlands
572241,POST,POSTAGE,1,2011-10-21 15:20:00,18.0,12712.0,Germany
572293,M,Manual,1,2011-10-23 13:02:00,50.0,12748.0,United Kingdom
572316,M,Manual,1,2011-10-23 16:13:00,0.38,17836.0,United Kingdom
572344,M,Manual,456,2011-10-24 10:43:00,1.5,14607.0,United Kingdom
572344,M,Manual,48,2011-10-24 10:43:00,1.5,14607.0,United Kingdom
572344,M,Manual,48,2011-10-24 10:43:00,1.5,14607.0,United Kingdom
572344,M,Manual,48,2011-10-24 10:43:00,1.5,14607.0,United Kingdom
572344,M,Manual,48,2011-10-24 10:43:00,1.5,14607.0,United Kingdom
572344,M,Manual,48,2011-10-24 10:43:00,1.5,14607.0,United Kingdom
572344,M,Manual,48,2011-10-24 10:43:00,1.5,14607.0,United Kingdom
C572346,BANK CHARGES,Bank Charges,-1,2011-10-24 10:58:00,49.65,,United Kingdom
C572398,POST,POSTAGE,-1,2011-10-24 11:55:00,11.85,,United Kingdom
C572398,M,Manual,-1,2011-10-24 11:55:00,162.2,,United Kingdom
572423,M,Manual,1,2011-10-24 12:02:00,464.9,16742.0,United Kingdom
C572422,POST,POSTAGE,-1,2011-10-24 12:02:00,35.65,,United Kingdom
C572422,M,Manual,-1,2011-10-24 12:02:00,183.16,,United Kingdom
C572428,M,Manual,-1,2011-10-24 12:03:00,464.9,17949.0,United Kingdom
C572441,POST,POSTAGE,-1,2011-10-24 12:08:00,20.47,,United Kingdom
C572441,M,Manual,-1,2011-10-24 12:08:00,177.04,,United Kingdom
572442,POST,POSTAGE,2,2011-10-24 12:09:00,28.0,12546.0,Spain
C572444,POST,POSTAGE,-1,2011-10-24 12:12:00,15.53,,United Kingdom
C572444,M,Manual,-1,2011-10-24 12:12:00,235.54,,United Kingdom
C572445,POST,POSTAGE,-1,2011-10-24 12:20:00,31.6,,United Kingdom
C572445,M,Manual,-1,2011-10-24 12:20:00,186.21,,United Kingdom
C572446,POST,POSTAGE,-1,2011-10-24 12:23:00,70.21,,United Kingdom
C572446,M,Manual,-1,2011-10-24 12:23:00,302.04,,United Kingdom
C572448,POST,POSTAGE,-1,2011-10-24 12:28:00,69.72,,United Kingdom
C572448,M,Manual,-1,2011-10-24 12:28:00,259.79,,United Kingdom
C572450,POST,POSTAGE,-1,2011-10-24 12:35:00,29.28,,United Kingdom
C572450,M,Manual,-1,2011-10-24 12:35:00,248.87,,United Kingdom
C572455,POST,POSTAGE,-1,2011-10-24 12:41:00,30.53,,United Kingdom
C572455,M,Manual,-1,2011-10-24 12:41:00,265.7,,United Kingdom
C572456,POST,POSTAGE,-1,2011-10-24 12:44:00,22.56,,United Kingdom
C572456,M,Manual,-1,2011-10-24 12:44:00,181.75,,United Kingdom
C572467,POST,POSTAGE,-1,2011-10-24 13:29:00,42.05,,United Kingdom
C572467,M,Manual,-1,2011-10-24 13:29:00,276.08,,United Kingdom
C572470,POST,POSTAGE,-1,2011-10-24 13:32:00,26.0,,United Kingdom
C572470,M,Manual,-1,2011-10-24 13:32:00,233.25,,United Kingdom
572540,DOT,DOTCOM POSTAGE,1,2011-10-24 16:17:00,743.96,,United Kingdom
572549,DOT,DOTCOM POSTAGE,1,2011-10-24 17:03:00,235.98,,United Kingdom
572550,DOT,DOTCOM POSTAGE,1,2011-10-24 17:06:00,215.13,,United Kingdom
572552,DOT,DOTCOM POSTAGE,1,2011-10-24 17:07:00,638.3,14096.0,United Kingdom
572553,DOT,DOTCOM POSTAGE,1,2011-10-24 17:09:00,276.48,,United Kingdom
572560,POST,POSTAGE,8,2011-10-25 08:45:00,18.0,12476.0,Germany
572567,POST,POSTAGE,5,2011-10-25 10:27:00,40.0,12398.0,Switzerland
572656,M,Manual,288,2011-10-25 12:22:00,1.5,14607.0,United Kingdom
C572659,M,Manual,-1,2011-10-25 12:30:00,80.0,14527.0,United Kingdom
572665,POST,POSTAGE,1,2011-10-25 13:02:00,4.48,,United Kingdom
572682,M,Manual,72,2011-10-25 13:52:00,0.39,17928.0,United Kingdom
572696,M,Manual,1,2011-10-25 14:23:00,250.0,17857.0,United Kingdom
572758,DOT,DOTCOM POSTAGE,1,2011-10-25 18:39:00,246.54,,United Kingdom
572770,POST,POSTAGE,9,2011-10-26 10:16:00,40.0,12371.0,Switzerland
572832,M,Manual,1,2011-10-26 11:40:00,1.0,16454.0,United Kingdom
572886,POST,POSTAGE,3,2011-10-26 13:46:00,28.0,12448.0,Spain
572887,POST,POSTAGE,4,2011-10-26 13:47:00,15.0,12362.0,Belgium
572894,POST,POSTAGE,1,2011-10-26 14:39:00,18.0,12569.0,Germany
572895,POST,POSTAGE,1,2011-10-26 14:39:00,18.0,12569.0,Germany
572896,POST,POSTAGE,4,2011-10-26 14:41:00,40.0,12456.0,Switzerland
572897,DOT,DOTCOM POSTAGE,1,2011-10-26 14:42:00,1016.58,,United Kingdom
572934,POST,POSTAGE,4,2011-10-27 10:18:00,40.0,12610.0,Italy
572964,POST,POSTAGE,3,2011-10-27 10:41:00,40.0,12630.0,Finland
572986,POST,POSTAGE,3,2011-10-27 10:51:00,18.0,12681.0,France
572992,POST,POSTAGE,2,2011-10-27 10:57:00,18.0,12681.0,France
573036,POST,POSTAGE,2,2011-10-27 13:44:00,18.0,12437.0,France
573077,M,Manual,1,2011-10-27 14:13:00,4161.06,12536.0,France
C573079,M,Manual,-2,2011-10-27 14:15:00,4161.06,12536.0,France
573080,M,Manual,1,2011-10-27 14:20:00,4161.06,12536.0,France
573106,POST,POSTAGE,1,2011-10-27 15:05:00,18.0,12626.0,Germany
573108,POST,POSTAGE,1,2011-10-27 15:09:00,40.0,12430.0,Norway
573136,POST,POSTAGE,2,2011-10-27 17:00:00,18.0,12709.0,Germany
573137,DOT,DOTCOM POSTAGE,1,2011-10-27 17:15:00,188.89,,United Kingdom
573153,POST,POSTAGE,3,2011-10-28 07:39:00,145.0,12678.0,France
C573172,M,Manual,-1,2011-10-28 10:02:00,0.5,16966.0,United Kingdom
573173,POST,POSTAGE,4,2011-10-28 10:10:00,15.0,12362.0,Belgium
C573253,POST,POSTAGE,-1,2011-10-28 12:14:00,3.95,17552.0,United Kingdom
C573257,POST,POSTAGE,-1,2011-10-28 12:19:00,6.42,14297.0,United Kingdom
C573268,M,Manual,-1,2011-10-28 12:50:00,907.0,12748.0,United Kingdom
573284,POST,POSTAGE,1,2011-10-28 14:27:00,18.0,13812.0,Germany
573289,POST,POSTAGE,4,2011-10-28 14:44:00,18.0,12705.0,Germany
573307,POST,POSTAGE,1,2011-10-28 16:24:00,11.27,,United Kingdom
573310,DOT,DOTCOM POSTAGE,1,2011-10-28 16:44:00,6.63,,United Kingdom
573311,M,Manual,8,2011-10-28 16:45:00,0.39,14071.0,United Kingdom
573313,DOT,DOTCOM POSTAGE,1,2011-10-28 16:46:00,3.29,,United Kingdom
573328,M,Manual,3,2011-10-30 11:09:00,0.39,16601.0,United Kingdom
573333,POST,POSTAGE,2,2011-10-30 11:34:00,40.0,12483.0,Sweden
573340,M,Manual,3,2011-10-30 11:55:00,0.79,14159.0,United Kingdom
573345,M,Manual,25,2011-10-30 12:14:00,0.2,17609.0,United Kingdom
573362,POST,POSTAGE,10,2011-10-30 13:06:00,28.0,12597.0,Spain
573401,POST,POSTAGE,2,2011-10-30 15:43:00,15.0,12364.0,Belgium
573402,POST,POSTAGE,1,2011-10-30 15:44:00,18.0,12494.0,France
573417,POST,POSTAGE,1,2011-10-31 08:56:00,18.0,12581.0,Germany
573430,POST,POSTAGE,3,2011-10-31 10:38:00,18.0,13813.0,Germany
573553,DOT,DOTCOM POSTAGE,1,2011-10-31 13:48:00,757.63,,United Kingdom
573576,DOT,DOTCOM POSTAGE,1,2011-10-31 14:09:00,901.58,14096.0,United Kingdom
573580,DOT,DOTCOM POSTAGE,1,2011-10-31 14:21:00,254.42,,United Kingdom
573585,DOT,DOTCOM POSTAGE,1,2011-10-31 14:41:00,2019.05,,United Kingdom
573586,BANK CHARGES,Bank Charges,1,2011-10-31 14:48:00,15.0,14704.0,United Kingdom
573588,POST,POSTAGE,1,2011-10-31 15:01:00,40.0,12588.0,Finland
573589,POST,POSTAGE,1,2011-10-31 15:11:00,0.55,,United Kingdom
573601,DOT,DOTCOM POSTAGE,1,2011-10-31 15:24:00,511.25,,United Kingdom
573629,POST,POSTAGE,1,2011-10-31 15:30:00,18.0,12522.0,Germany
573633,DOT,DOTCOM POSTAGE,1,2011-10-31 15:48:00,98.79,,United Kingdom
573656,POST,POSTAGE,3,2011-10-31 16:02:00,15.0,12417.0,Belgium
573669,POST,POSTAGE,1,2011-10-31 16:49:00,2.46,,United Kingdom
573768,POST,POSTAGE,3,2011-11-01 10:02:00,40.0,12552.0,Italy
573867,POST,POSTAGE,2,2011-11-01 12:12:00,18.0,12674.0,France
573868,POST,POSTAGE,2,2011-11-01 12:18:00,18.0,12491.0,France
573891,POST,POSTAGE,5,2011-11-01 13:56:00,18.0,12682.0,France
C574031,POST,POSTAGE,-1,2011-11-02 12:36:00,5.5,13394.0,United Kingdom
574068,POST,POSTAGE,3,2011-11-02 14:51:00,18.0,12490.0,France
574071,POST,POSTAGE,1,2011-11-02 14:57:00,18.0,12654.0,Germany
574074,DOT,DOTCOM POSTAGE,1,2011-11-02 15:33:00,371.65,,United Kingdom
574076,DOT,DOTCOM POSTAGE,1,2011-11-02 15:38:00,378.02,,United Kingdom
574097,POST,POSTAGE,5,2011-11-03 09:56:00,18.0,12471.0,Germany
574104,POST,POSTAGE,3,2011-11-03 10:45:00,18.0,12615.0,France
574252,POST,POSTAGE,2,2011-11-03 13:24:00,18.0,12437.0,France
574252,M,Manual,1,2011-11-03 13:24:00,0.0,12437.0,France
C574254,M,Manual,-1,2011-11-03 13:44:00,64.11,15527.0,United Kingdom
574255,POST,POSTAGE,1,2011-11-03 13:44:00,18.0,12569.0,Germany
574270,DOT,DOTCOM POSTAGE,1,2011-11-03 14:28:00,3.29,,United Kingdom
574275,POST,POSTAGE,2,2011-11-03 14:37:00,40.0,12352.0,Norway
574277,M,Manual,832,2011-11-03 14:42:00,0.25,17857.0,United Kingdom
574298,DOT,DOTCOM POSTAGE,1,2011-11-03 15:56:00,286.88,,United Kingdom
574301,POST,POSTAGE,2,2011-11-03 16:15:00,28.0,12544.0,Spain
574317,M,Manual,6,2011-11-03 18:49:00,0.39,17078.0,United Kingdom
574329,POST,POSTAGE,4,2011-11-04 09:07:00,15.0,12362.0,Belgium
574332,POST,POSTAGE,3,2011-11-04 09:24:00,18.0,12664.0,Finland
574336,POST,POSTAGE,6,2011-11-04 09:52:00,15.0,12397.0,Belgium
C574344,POST,POSTAGE,-1,2011-11-04 10:18:00,262.73,12415.0,Australia
574442,POST,POSTAGE,5,2011-11-04 11:40:00,40.0,12704.0,Finland
C574447,POST,POSTAGE,-2,2011-11-04 11:44:00,40.0,12704.0,Finland
574474,M,Manual,4,2011-11-04 12:05:00,0.85,17979.0,United Kingdom
574506,M,Manual,1,2011-11-04 13:24:00,3.95,12577.0,France
C574524,M,Manual,-1,2011-11-04 13:53:00,12.75,17841.0,United Kingdom
574546,BANK CHARGES,Bank Charges,1,2011-11-04 14:59:00,15.0,13651.0,United Kingdom
574561,DOT,DOTCOM POSTAGE,1,2011-11-04 15:52:00,368.62,,United Kingdom
574653,POST,POSTAGE,2,2011-11-06 11:30:00,18.0,12619.0,Germany
574679,POST,POSTAGE,3,2011-11-06 12:38:00,18.0,12645.0,Germany
574690,POST,POSTAGE,4,2011-11-06 13:11:00,40.0,12638.0,Sweden
574694,POST,POSTAGE,2,2011-11-06 13:36:00,40.0,12381.0,Norway
574713,POST,POSTAGE,1,2011-11-06 14:26:00,18.0,12628.0,Germany
574722,M,Manual,16,2011-11-06 14:45:00,0.19,14502.0,United Kingdom
574741,M,Manual,6,2011-11-06 16:13:00,1.45,15993.0,United Kingdom
574838,POST,POSTAGE,5,2011-11-07 11:37:00,28.0,12484.0,Spain
574844,POST,POSTAGE,1,2011-11-07 11:57:00,28.0,12783.0,Portugal
574856,DOT,DOTCOM POSTAGE,1,2011-11-07 12:06:00,1126.29,,United Kingdom
574862,POST,POSTAGE,5,2011-11-07 12:27:00,15.0,12408.0,Belgium
C574865,POST,POSTAGE,-1,2011-11-07 12:30:00,15.0,12408.0,Belgium
574869,POST,POSTAGE,1,2011-11-07 12:44:00,18.0,12708.0,Germany
C574875,POST,POSTAGE,-1,2011-11-07 13:06:00,4.41,16416.0,United Kingdom
574885,POST,POSTAGE,1,2011-11-07 14:01:00,18.0,12472.0,Germany
574950,DOT,DOTCOM POSTAGE,1,2011-11-08 09:29:00,401.8,,United Kingdom
C575013,M,Manual,-96,2011-11-08 11:23:00,0.19,16253.0,United Kingdom
575034,M,Manual,1,2011-11-08 11:38:00,7.95,15573.0,United Kingdom
575043,M,Manual,1,2011-11-08 12:06:00,4.95,13047.0,United Kingdom
C575047,M,Manual,-1,2011-11-08 12:10:00,14.95,13047.0,United Kingdom
575049,POST,POSTAGE,3,2011-11-08 12:13:00,18.0,12721.0,France
575059,M,Manual,30,2011-11-08 12:25:00,0.39,14071.0,United Kingdom
575067,POST,POSTAGE,2,2011-11-08 12:45:00,18.0,12583.0,France
575138,DOT,DOTCOM POSTAGE,1,2011-11-08 15:24:00,1483.21,,United Kingdom
575144,POST,POSTAGE,3,2011-11-08 15:38:00,28.0,12540.0,Spain
575151,POST,POSTAGE,1,2011-11-08 16:12:00,15.0,12395.0,Belgium
575154,POST,POSTAGE,2,2011-11-08 16:15:00,18.0,12395.0,Belgium
575176,DOT,DOTCOM POSTAGE,1,2011-11-08 18:29:00,428.78,,United Kingdom
575177,DOT,DOTCOM POSTAGE,1,2011-11-08 18:41:00,375.71,,United Kingdom
575193,POST,POSTAGE,5,2011-11-09 09:34:00,18.0,12681.0,France
C575257,M,Manual,-4,2011-11-09 11:59:00,10.95,13623.0,United Kingdom
575304,M,Manual,1,2011-11-09 12:38:00,1.25,17841.0,United Kingdom
575326,POST,POSTAGE,2,2011-11-09 13:47:00,18.0,12532.0,France
575328,M,Manual,1200,2011-11-09 13:48:00,0.25,17857.0,United Kingdom
575352,POST,POSTAGE,3,2011-11-09 14:56:00,18.0,12504.0,Germany
575477,DOT,DOTCOM POSTAGE,1,2011-11-09 16:14:00,533.59,,United Kingdom
575498,POST,POSTAGE,1,2011-11-10 09:52:00,18.0,12708.0,Germany
575505,POST,,800,2011-11-10 10:29:00,0.0,,United Kingdom
575514,POST,POSTAGE,3,2011-11-10 10:40:00,28.0,12541.0,Spain
575519,POST,POSTAGE,2,2011-11-10 10:53:00,18.0,12682.0,France
575581,POST,POSTAGE,1,2011-11-10 11:53:00,18.0,12659.0,France
575584,POST,POSTAGE,1,2011-11-10 11:55:00,18.0,12682.0,France
575607,DOT,DOTCOM POSTAGE,1,2011-11-10 12:37:00,908.16,14096.0,United Kingdom
575629,POST,POSTAGE,1,2011-11-10 13:34:00,18.0,12599.0,France
575632,M,Manual,1,2011-11-10 13:44:00,40.46,12473.0,Germany
575632,M,Manual,1,2011-11-10 13:44:00,424.06,12473.0,Germany
575632,M,Manual,1,2011-11-10 13:44:00,549.34,12473.0,Germany
C575635,M,Manual,-1,2011-11-10 13:45:00,424.06,12473.0,Germany
C575635,M,Manual,-1,2011-11-10 13:45:00,549.34,12473.0,Germany
575636,M,Manual,1,2011-11-10 13:46:00,40.46,12473.0,Germany
C575638,M,Manual,-1,2011-11-10 13:48:00,40.46,12473.0,Germany
575671,POST,POSTAGE,3,2011-11-10 15:03:00,18.0,12670.0,France
575709,POST,POSTAGE,2,2011-11-10 17:27:00,15.0,14646.0,Netherlands
575713,POST,POSTAGE,2,2011-11-10 17:49:00,18.0,13817.0,Germany
575732,POST,POSTAGE,2,2011-11-11 08:19:00,18.0,12712.0,Germany
575733,POST,POSTAGE,1,2011-11-11 08:33:00,18.0,13810.0,Germany
575734,POST,POSTAGE,2,2011-11-11 08:39:00,40.0,12384.0,Switzerland
575736,POST,POSTAGE,1,2011-11-11 08:47:00,40.0,12697.0,Sweden
575739,DOT,DOTCOM POSTAGE,1,2011-11-11 09:05:00,469.2,,United Kingdom
575747,POST,POSTAGE,3,2011-11-11 10:19:00,18.0,12589.0,France
575750,POST,POSTAGE,3,2011-11-11 10:29:00,18.0,12600.0,Germany
575787,POST,POSTAGE,3,2011-11-11 11:18:00,18.0,12518.0,Germany
575845,POST,POSTAGE,1,2011-11-11 12:07:00,18.0,12598.0,France
575848,M,Manual,1,2011-11-11 12:10:00,10.0,14178.0,United Kingdom
575875,DOT,DOTCOM POSTAGE,1,2011-11-11 13:06:00,571.9,,United Kingdom
575880,POST,POSTAGE,3,2011-11-11 13:35:00,18.0,12726.0,France
575881,POST,POSTAGE,1,2011-11-11 13:39:00,1.34,,United Kingdom
575884,POST,POSTAGE,3,2011-11-11 13:46:00,18.0,12685.0,France
575888,POST,POSTAGE,3,2011-11-11 14:04:00,18.0,12517.0,Germany
575896,POST,POSTAGE,8,2011-11-11 14:52:00,18.0,12480.0,Germany
575901,POST,POSTAGE,1,2011-11-11 15:19:00,1.69,,United Kingdom
575904,M,Manual,1,2011-11-11 15:28:00,7.95,18014.0,United Kingdom
575916,POST,POSTAGE,1,2011-11-11 16:49:00,18.0,12691.0,France
575930,DOT,DOTCOM POSTAGE,1,2011-11-11 17:58:00,454.35,,United Kingdom
575947,DOT,DOTCOM POSTAGE,1,2011-11-13 11:50:00,1211.17,,United Kingdom
575952,M,Manual,1,2011-11-13 11:55:00,0.29,16015.0,United Kingdom
576082,POST,POSTAGE,2,2011-11-14 08:22:00,40.0,12428.0,Finland
576087,POST,POSTAGE,4,2011-11-14 08:31:00,18.0,12689.0,France
576213,M,Manual,1,2011-11-14 12:47:00,1.25,18117.0,United Kingdom
576222,POST,POSTAGE,2,2011-11-14 13:02:00,18.0,12490.0,France
C576233,M,Manual,-1,2011-11-14 13:26:00,326.1,,Hong Kong
576234,M,Manual,1,2011-11-14 13:27:00,326.1,,Hong Kong
576245,POST,POSTAGE,3,2011-11-14 13:40:00,18.0,12553.0,France
576269,POST,POSTAGE,2,2011-11-14 14:23:00,28.0,12762.0,Portugal
576322,POST,POSTAGE,2,2011-11-14 15:03:00,18.0,12642.0,Germany
576327,POST,POSTAGE,2,2011-11-14 15:19:00,18.0,12476.0,Germany
576329,DOT,DOTCOM POSTAGE,1,2011-11-14 15:22:00,518.98,,United Kingdom
576339,DOT,DOTCOM POSTAGE,1,2011-11-14 15:27:00,1500.36,14096.0,United Kingdom
576345,POST,POSTAGE,3,2011-11-14 15:37:00,40.0,12374.0,Austria
576349,M,Manual,1,2011-11-14 15:41:00,2.1,16519.0,United Kingdom
576373,POST,POSTAGE,4,2011-11-15 08:43:00,18.0,12640.0,France
576389,M,Manual,1,2011-11-15 10:05:00,850.5,12748.0,United Kingdom
576390,POST,POSTAGE,1,2011-11-15 10:13:00,18.0,12569.0,Germany
576399,POST,POSTAGE,2,2011-11-15 10:50:00,18.0,12684.0,France
C576402,POST,POSTAGE,-1,2011-11-15 10:54:00,7.62,13026.0,United Kingdom
576519,POST,POSTAGE,1,2011-11-15 12:25:00,40.0,12676.0,Sweden
576553,M,Manual,6,2011-11-15 12:57:00,2.55,14666.0,United Kingdom
576607,POST,POSTAGE,4,2011-11-15 15:42:00,18.0,12474.0,Germany
576617,DOT,DOTCOM POSTAGE,1,2011-11-15 16:57:00,596.9,,United Kingdom
576618,DOT,DOTCOM POSTAGE,1,2011-11-15 17:00:00,584.94,,United Kingdom
576629,POST,POSTAGE,3,2011-11-16 08:37:00,18.0,12621.0,Germany
576630,POST,POSTAGE,1,2011-11-16 08:38:00,18.0,13816.0,Germany
576644,DOT,DOTCOM POSTAGE,1,2011-11-16 10:01:00,1556.08,,United Kingdom
576657,POST,POSTAGE,3,2011-11-16 11:03:00,18.0,12720.0,Germany
576664,POST,POSTAGE,1,2011-11-16 11:41:00,15.0,14646.0,Netherlands
576669,POST,POSTAGE,1,2011-11-16 11:52:00,18.0,12640.0,France
576787,POST,POSTAGE,4,2011-11-16 13:54:00,18.0,13815.0,Germany
576789,POST,POSTAGE,1,2011-11-16 13:56:00,18.0,12569.0,Germany
576790,POST,POSTAGE,1,2011-11-16 13:59:00,18.0,12569.0,Germany
C576816,POST,POSTAGE,-1,2011-11-16 14:24:00,18.0,12569.0,Germany
576837,DOT,DOTCOM POSTAGE,1,2011-11-16 15:16:00,710.95,,United Kingdom
576840,DOT,DOTCOM POSTAGE,1,2011-11-16 15:23:00,690.21,,United Kingdom
576863,POST,POSTAGE,2,2011-11-16 16:06:00,18.0,12626.0,Germany
576869,POST,POSTAGE,1,2011-11-16 16:20:00,18.0,12500.0,Germany
576890,POST,POSTAGE,2,2011-11-16 17:25:00,18.0,12662.0,Germany
576893,POST,POSTAGE,1,2011-11-17 08:29:00,18.0,12481.0,Germany
576894,POST,POSTAGE,2,2011-11-17 08:35:00,18.0,12681.0,France
576897,POST,POSTAGE,7,2011-11-17 08:41:00,65.0,17828.0,Malta
C576898,POST,POSTAGE,-2,2011-11-17 08:47:00,65.0,17828.0,Malta
576907,POST,POSTAGE,1,2011-11-17 09:34:00,40.0,12610.0,Italy
576909,POST,POSTAGE,8,2011-11-17 09:49:00,18.0,12471.0,Germany
576927,POST,POSTAGE,6,2011-11-17 11:02:00,18.0,12567.0,France
576941,POST,POSTAGE,5,2011-11-17 11:34:00,18.0,12562.0,France
577027,POST,POSTAGE,5,2011-11-17 12:56:00,18.0,12647.0,Germany
577029,M,Manual,30,2011-11-17 12:59:00,1.0,15563.0,United Kingdom
577046,POST,POSTAGE,7,2011-11-17 13:46:00,18.0,12449.0,Belgium
577058,M,Manual,2,2011-11-17 14:29:00,0.29,18122.0,United Kingdom
C577066,M,Manual,-30,2011-11-17 14:49:00,1.0,15563.0,United Kingdom
577067,POST,POSTAGE,2,2011-11-17 14:49:00,40.0,12704.0,Finland
577068,M,Manual,30,2011-11-17 14:50:00,0.3,15563.0,United Kingdom
C577070,POST,POSTAGE,-1,2011-11-17 14:54:00,40.0,12704.0,Finland
577078,DOT,DOTCOM POSTAGE,1,2011-11-17 15:17:00,695.08,,United Kingdom
577087,POST,POSTAGE,2,2011-11-17 15:55:00,15.0,12464.0,Belgium
577121,POST,POSTAGE,4,2011-11-17 18:29:00,18.0,12681.0,France
577125,POST,POSTAGE,2,2011-11-17 18:43:00,28.0,12445.0,Spain
577135,POST,POSTAGE,2,2011-11-18 08:56:00,18.0,12427.0,Germany
577152,POST,POSTAGE,2,2011-11-18 09:53:00,18.0,14277.0,France
C577164,POST,POSTAGE,-1,2011-11-18 10:28:00,4.41,16678.0,United Kingdom
577168,POST,POSTAGE,7,2011-11-18 10:42:00,18.0,12603.0,Germany
577168,M,Manual,1,2011-11-18 10:42:00,0.0,12603.0,Germany
577178,POST,POSTAGE,1,2011-11-18 11:10:00,40.0,12618.0,Italy
577180,POST,POSTAGE,8,2011-11-18 11:27:00,18.0,12380.0,Belgium
577295,POST,POSTAGE,3,2011-11-18 12:46:00,18.0,12682.0,France
577299,POST,POSTAGE,1,2011-11-18 12:52:00,18.0,12498.0,Germany
577314,POST,POSTAGE,6,2011-11-18 13:23:00,40.0,12444.0,Norway
577316,POST,POSTAGE,7,2011-11-18 13:30:00,28.0,12578.0,Italy
577326,POST,POSTAGE,2,2011-11-18 14:08:00,15.0,14646.0,Netherlands
C577342,BANK CHARGES,Bank Charges,-1,2011-11-18 15:11:00,490.06,,United Kingdom
C577343,BANK CHARGES,Bank Charges,-1,2011-11-18 15:13:00,27.21,,United Kingdom
577344,POST,POSTAGE,1,2011-11-18 15:14:00,18.0,12437.0,France
C577346,M,Manual,-1,2011-11-18 15:25:00,530.25,,United Kingdom
C577348,M,Manual,-1,2011-11-18 15:30:00,1149.98,,United Kingdom
C577353,POST,POSTAGE,-1,2011-11-18 15:45:00,4.0,12781.0,Czech Republic
577358,DOT,DOTCOM POSTAGE,1,2011-11-18 15:59:00,579.21,,United Kingdom
577406,POST,POSTAGE,1,2011-11-20 10:36:00,18.0,12702.0,Germany
577474,POST,POSTAGE,3,2011-11-20 11:30:00,18.0,12778.0,Netherlands
577476,POST,POSTAGE,3,2011-11-20 11:31:00,28.0,12540.0,Spain
C577481,POST,POSTAGE,-1,2011-11-20 11:39:00,18.0,12778.0,Netherlands
577523,POST,POSTAGE,1,2011-11-20 13:33:00,28.0,12597.0,Spain
577531,DOT,DOTCOM POSTAGE,1,2011-11-20 13:58:00,1236.75,,United Kingdom
577551,POST,POSTAGE,2,2011-11-20 15:21:00,15.0,12395.0,Belgium
577606,POST,POSTAGE,3,2011-11-21 09:11:00,28.0,12462.0,Spain
577609,POST,POSTAGE,1,2011-11-21 09:51:00,300.0,12349.0,Italy
577615,POST,POSTAGE,3,2011-11-21 10:22:00,18.0,12658.0,Germany
577618,POST,POSTAGE,4,2011-11-21 10:27:00,28.0,12795.0,Portugal
577687,POST,POSTAGE,3,2011-11-21 11:16:00,18.0,12583.0,France
577695,M,Manual,1,2011-11-21 11:55:00,0.42,15645.0,United Kingdom
577696,M,Manual,1,2011-11-21 11:57:00,0.0,16406.0,United Kingdom
577768,DOT,DOTCOM POSTAGE,1,2011-11-21 15:18:00,523.77,,United Kingdom
577773,M,Manual,3,2011-11-21 15:57:00,2.55,16712.0,United Kingdom
577856,POST,POSTAGE,4,2011-11-22 11:19:00,18.0,12490.0,France
C577892,POST,POSTAGE,-1,2011-11-22 11:43:00,3.25,16191.0,United Kingdom
577893,M,Manual,1,2011-11-22 11:47:00,1.25,17073.0,United Kingdom
577906,M,Manual,76,2011-11-22 11:51:00,0.29,13268.0,United Kingdom
577938,M,Manual,2,2011-11-22 12:07:00,1.25,15525.0,United Kingdom
578017,M,Manual,1,2011-11-22 13:07:00,1.5,13569.0,United Kingdom
578033,POST,POSTAGE,4,2011-11-22 13:42:00,18.0,12656.0,France
578034,POST,POSTAGE,5,2011-11-22 13:47:00,15.0,14646.0,Netherlands
578036,M,Manual,2,2011-11-22 14:04:00,0.08,16474.0,United Kingdom
578041,M,Manual,3,2011-11-22 14:23:00,1.25,17338.0,United Kingdom
578043,POST,POSTAGE,2,2011-11-22 14:39:00,18.0,12474.0,Germany
578060,M,Manual,1600,2011-11-22 15:22:00,0.25,17857.0,United Kingdom
578065,DOT,DOTCOM POSTAGE,1,2011-11-22 15:41:00,455.75,,United Kingdom
578067,DOT,DOTCOM POSTAGE,1,2011-11-22 15:43:00,416.48,,United Kingdom
C578073,M,Manual,-36,2011-11-22 16:02:00,0.32,18139.0,United Kingdom
C578073,M,Manual,-36,2011-11-22 16:02:00,0.56,18139.0,United Kingdom
578074,M,Manual,1,2011-11-22 16:06:00,1.25,17590.0,United Kingdom
C578076,M,Manual,-24,2011-11-22 16:18:00,0.56,18139.0,United Kingdom
578082,POST,POSTAGE,1,2011-11-22 16:33:00,15.0,12775.0,Netherlands
578084,POST,POSTAGE,2,2011-11-22 16:34:00,15.0,12465.0,Belgium
578089,POST,POSTAGE,4,2011-11-22 17:02:00,40.0,12483.0,Sweden
C578090,POST,POSTAGE,-2,2011-11-22 17:03:00,40.0,12483.0,Sweden
578099,POST,POSTAGE,2,2011-11-23 08:05:00,1.0,12452.0,Switzerland
C578122,POST,POSTAGE,-2,2011-11-23 10:27:00,1.0,12452.0,Switzerland
578123,POST,POSTAGE,2,2011-11-23 10:28:00,40.0,12452.0,Switzerland
578126,POST,POSTAGE,1,2011-11-23 10:32:00,4.95,16900.0,United Kingdom
578149,DOT,DOTCOM POSTAGE,1,2011-11-23 11:11:00,2275.54,,United Kingdom
578270,DOT,DOTCOM POSTAGE,1,2011-11-23 13:39:00,1270.06,14096.0,United Kingdom
578295,POST,POSTAGE,2,2011-11-23 14:39:00,18.0,12569.0,Germany
578298,POST,POSTAGE,3,2011-11-23 14:52:00,18.0,12619.0,Germany
578300,POST,POSTAGE,1,2011-11-23 15:02:00,40.0,12664.0,Finland
578333,POST,POSTAGE,2,2011-11-24 08:50:00,18.0,12471.0,Germany
578339,POST,POSTAGE,1,2011-11-24 09:07:00,28.0,12421.0,Spain
578344,DOT,DOTCOM POSTAGE,1,2011-11-24 09:21:00,793.33,,United Kingdom
578347,DOT,DOTCOM POSTAGE,1,2011-11-24 09:26:00,644.28,,United Kingdom
578348,POST,POSTAGE,2,2011-11-24 09:34:00,18.0,12494.0,France
578425,POST,POSTAGE,4,2011-11-24 12:01:00,18.0,12705.0,Germany
578463,POST,POSTAGE,2,2011-11-24 12:30:00,28.0,12757.0,Portugal
578469,POST,POSTAGE,4,2011-11-24 12:36:00,18.0,12471.0,Germany
578472,POST,POSTAGE,9,2011-11-24 12:40:00,18.0,12476.0,Germany
578509,POST,POSTAGE,1,2011-11-24 13:17:00,18.0,12705.0,Germany
578547,POST,POSTAGE,3,2011-11-24 15:02:00,18.0,12720.0,Germany
578698,POST,POSTAGE,2,2011-11-25 10:20:00,18.0,12620.0,France
578736,POST,POSTAGE,8,2011-11-25 11:33:00,18.0,12681.0,France
C578743,POST,POSTAGE,-3,2011-11-25 11:35:00,18.0,12681.0,France
578757,M,Manual,2,2011-11-25 11:41:00,0.85,12748.0,United Kingdom
C578784,POST,POSTAGE,-1,2011-11-25 12:01:00,7.6,13081.0,United Kingdom
578811,POST,POSTAGE,8,2011-11-25 13:28:00,40.0,12438.0,Norway
578827,DOT,DOTCOM POSTAGE,1,2011-11-25 14:25:00,634.39,,United Kingdom
578828,DOT,DOTCOM POSTAGE,1,2011-11-25 14:29:00,3.29,,United Kingdom
578833,DOT,DOTCOM POSTAGE,1,2011-11-25 15:23:00,2028.25,,United Kingdom
578835,POST,POSTAGE,1,2011-11-25 15:44:00,18.0,12682.0,France
578844,DOT,DOTCOM POSTAGE,1,2011-11-25 16:14:00,545.25,,United Kingdom
578941,M,Manual,6,2011-11-27 13:26:00,0.39,16024.0,United Kingdom
578941,M,Manual,14,2011-11-27 13:26:00,0.21,16024.0,United Kingdom
578996,M,Manual,1,2011-11-27 16:02:00,1.0,13991.0,United Kingdom
C579018,POST,POSTAGE,-1,2011-11-28 10:14:00,7.0,16678.0,United Kingdom
C579092,POST,POSTAGE,-1,2011-11-28 10:50:00,4.41,16900.0,United Kingdom
579094,POST,POSTAGE,8,2011-11-28 10:56:00,18.0,12668.0,Germany
579137,BANK CHARGES,Bank Charges,1,2011-11-28 12:51:00,15.0,14704.0,United Kingdom
579153,POST,POSTAGE,1,2011-11-28 13:26:00,18.0,12660.0,France
579152,POST,POSTAGE,3,2011-11-28 13:26:00,18.0,12479.0,Germany
579187,DOT,DOTCOM POSTAGE,1,2011-11-28 15:31:00,634.54,,United Kingdom
579190,POST,POSTAGE,4,2011-11-28 15:35:00,18.0,12657.0,France
C579192,POST,POSTAGE,-4,2011-11-28 15:43:00,18.0,12657.0,France
579193,POST,POSTAGE,4,2011-11-28 15:47:00,18.0,12657.0,France
579196,DOT,DOTCOM POSTAGE,1,2011-11-28 15:54:00,1526.76,14096.0,United Kingdom
579259,POST,POSTAGE,1,2011-11-29 08:40:00,40.0,12451.0,Switzerland
579276,POST,POSTAGE,1,2011-11-29 10:10:00,18.0,12654.0,Germany
579281,POST,POSTAGE,1,2011-11-29 10:36:00,40.0,12375.0,Finland
579297,DOT,DOTCOM POSTAGE,1,2011-11-29 11:23:00,1563.0,,United Kingdom
579345,POST,POSTAGE,4,2011-11-29 11:46:00,18.0,12727.0,France
C579366,POST,POSTAGE,-1,2011-11-29 11:56:00,9.72,14205.0,United Kingdom
579393,POST,POSTAGE,3,2011-11-29 12:07:00,18.0,12627.0,Germany
579416,POST,POSTAGE,5,2011-11-29 13:00:00,18.0,12471.0,Germany
579441,POST,POSTAGE,4,2011-11-29 13:33:00,15.0,12464.0,Belgium
579471,DOT,DOTCOM POSTAGE,1,2011-11-29 15:08:00,892.5,,United Kingdom
579492,POST,POSTAGE,3,2011-11-29 15:23:00,18.0,12670.0,France
579508,DOT,DOTCOM POSTAGE,1,2011-11-29 16:33:00,732.69,,United Kingdom
579512,DOT,DOTCOM POSTAGE,1,2011-11-29 16:47:00,620.22,,United Kingdom
579528,POST,POSTAGE,1,2011-11-30 08:44:00,15.0,12787.0,Netherlands
579529,POST,POSTAGE,3,2011-11-30 08:50:00,18.0,12488.0,France
C579532,POST,POSTAGE,-1,2011-11-30 09:21:00,18.0,12494.0,France
579550,POST,POSTAGE,3,2011-11-30 10:48:00,40.0,12630.0,Finland
579694,DOT,DOTCOM POSTAGE,1,2011-11-30 14:11:00,1119.63,,United Kingdom
579708,POST,POSTAGE,4,2011-11-30 14:16:00,18.0,12682.0,France
579711,M,Manual,1,2011-11-30 14:17:00,1.25,15060.0,United Kingdom
579747,POST,POSTAGE,3,2011-11-30 14:40:00,18.0,12528.0,Germany
579751,DOT,DOTCOM POSTAGE,1,2011-11-30 14:46:00,307.17,,United Kingdom
579777,DOT,DOTCOM POSTAGE,1,2011-11-30 15:13:00,888.42,,United Kingdom
579786,POST,POSTAGE,2,2011-11-30 15:31:00,18.0,12524.0,Germany
579787,DOT,DOTCOM POSTAGE,1,2011-11-30 15:33:00,988.0,,United Kingdom
579790,POST,POSTAGE,2,2011-11-30 15:38:00,28.0,12784.0,Portugal
579792,POST,POSTAGE,5,2011-11-30 15:43:00,18.0,12714.0,France
579870,POST,POSTAGE,2,2011-11-30 16:47:00,18.0,12437.0,France
579901,POST,POSTAGE,3,2011-12-01 08:35:00,18.0,12569.0,Germany
579927,POST,POSTAGE,3,2011-12-01 09:20:00,18.0,12572.0,Germany
580027,M,Manual,1,2011-12-01 12:01:00,10.0,14178.0,United Kingdom
580054,M,Manual,8,2011-12-01 13:08:00,0.08,18122.0,United Kingdom
580115,DOT,DOTCOM POSTAGE,1,2011-12-01 16:22:00,1042.84,,United Kingdom
580120,POST,POSTAGE,1,2011-12-01 16:38:00,18.0,12553.0,France
580123,POST,POSTAGE,2,2011-12-01 17:07:00,40.0,12664.0,Finland
580126,POST,POSTAGE,3,2011-12-01 17:20:00,18.0,12562.0,France
580144,POST,POSTAGE,1,2011-12-02 09:53:00,18.0,12684.0,France
580148,DOT,DOTCOM POSTAGE,1,2011-12-02 10:08:00,274.25,,United Kingdom
580152,POST,POSTAGE,1,2011-12-02 10:22:00,15.0,12364.0,Belgium
580153,POST,POSTAGE,5,2011-12-02 10:23:00,28.0,12762.0,Portugal
580154,POST,POSTAGE,1,2011-12-02 10:24:00,18.0,12569.0,Germany
580160,POST,POSTAGE,7,2011-12-02 10:47:00,18.0,12700.0,France
C580161,POST,POSTAGE,-2,2011-12-02 10:49:00,18.0,12700.0,France
C580263,M,Manual,-4,2011-12-02 12:43:00,9.95,12536.0,France
C580263,M,Manual,-16,2011-12-02 12:43:00,0.29,12536.0,France
580265,POST,POSTAGE,1,2011-12-02 12:47:00,40.0,12587.0,Finland
580281,POST,POSTAGE,1,2011-12-02 13:15:00,40.0,12704.0,Finland
580366,DOT,DOTCOM POSTAGE,1,2011-12-02 16:38:00,0.0,,United Kingdom
580367,DOT,DOTCOM POSTAGE,1,2011-12-02 16:39:00,888.06,,United Kingdom
580509,POST,POSTAGE,2,2011-12-04 13:45:00,18.0,12719.0,France
C580510,M,Manual,-1,2011-12-04 13:48:00,1.25,14456.0,United Kingdom
580511,POST,POSTAGE,4,2011-12-04 13:54:00,18.0,12560.0,Germany
580512,POST,POSTAGE,2,2011-12-04 13:55:00,18.0,12673.0,Germany
580531,POST,POSTAGE,1,2011-12-04 15:47:00,18.0,12569.0,Germany
580534,POST,POSTAGE,1,2011-12-04 16:02:00,18.0,12724.0,France
580536,POST,POSTAGE,3,2011-12-04 16:07:00,18.0,12490.0,France
580545,POST,POSTAGE,1,2011-12-05 09:16:00,28.0,12782.0,Portugal
580548,POST,POSTAGE,1,2011-12-05 09:41:00,18.0,12569.0,Germany
580610,DOT,DOTCOM POSTAGE,1,2011-12-05 11:48:00,2196.67,,United Kingdom
580611,M,Manual,1,2011-12-05 11:49:00,0.85,12748.0,United Kingdom
580612,DOT,DOTCOM POSTAGE,1,2011-12-05 11:58:00,2114.0,,United Kingdom
580638,POST,POSTAGE,1,2011-12-05 12:44:00,40.0,12381.0,Norway
580645,M,Manual,1,2011-12-05 13:11:00,219.5,17857.0,United Kingdom
580646,M,Manual,800,2011-12-05 13:13:00,0.25,17857.0,United Kingdom
580648,POST,POSTAGE,1,2011-12-05 13:15:00,18.0,12628.0,Germany
580705,POST,POSTAGE,5,2011-12-05 16:28:00,1.0,12683.0,France
580706,POST,POSTAGE,5,2011-12-05 16:31:00,17.0,12683.0,France
580716,POST,POSTAGE,1,2011-12-05 16:48:00,18.0,12367.0,Denmark
580727,DOT,DOTCOM POSTAGE,1,2011-12-05 17:17:00,1599.26,14096.0,United Kingdom
580729,DOT,DOTCOM POSTAGE,1,2011-12-05 17:24:00,1172.1,,United Kingdom
580730,DOT,DOTCOM POSTAGE,1,2011-12-05 17:28:00,845.23,,United Kingdom
580734,POST,POSTAGE,4,2011-12-06 08:46:00,28.0,12766.0,Portugal
580736,POST,POSTAGE,2,2011-12-06 08:55:00,18.0,12716.0,France
580752,POST,POSTAGE,3,2011-12-06 09:56:00,45.0,12478.0,Greece
580753,POST,POSTAGE,3,2011-12-06 10:00:00,18.0,12682.0,France
580756,POST,POSTAGE,1,2011-12-06 10:19:00,18.0,12723.0,France
580884,M,Manual,1,2011-12-06 12:21:00,0.85,15907.0,United Kingdom
580955,POST,POSTAGE,1,2011-12-06 14:22:00,28.0,12442.0,Spain
580956,M,Manual,4,2011-12-06 14:23:00,1.25,17841.0,United Kingdom
C580957,POST,POSTAGE,-1,2011-12-06 14:23:00,4.5,12839.0,United Kingdom
580965,POST,POSTAGE,3,2011-12-06 14:52:00,15.0,12417.0,Belgium
580976,POST,POSTAGE,1,2011-12-06 15:29:00,5.29,,United Kingdom
580979,POST,POSTAGE,3,2011-12-06 15:40:00,18.0,12362.0,Belgium
580983,DOT,DOTCOM POSTAGE,1,2011-12-06 16:26:00,736.38,,United Kingdom
580986,POST,POSTAGE,4,2011-12-06 16:34:00,18.0,12650.0,France
581000,POST,POSTAGE,5,2011-12-07 08:03:00,18.0,12720.0,Germany
581001,POST,POSTAGE,3,2011-12-07 08:07:00,18.0,12583.0,France
C581009,M,Manual,-1,2011-12-07 09:15:00,125.0,16971.0,United Kingdom
581023,DOT,DOTCOM POSTAGE,1,2011-12-07 10:35:00,1861.46,,United Kingdom
581127,BANK CHARGES,Bank Charges,1,2011-12-07 12:45:00,15.0,16271.0,United Kingdom
C581145,M,Manual,-1,2011-12-07 13:48:00,9.95,17490.0,United Kingdom
581171,POST,POSTAGE,2,2011-12-07 15:02:00,18.0,12615.0,France
581179,POST,POSTAGE,1,2011-12-07 15:43:00,240.0,12471.0,Germany
581182,POST,POSTAGE,4,2011-12-07 15:56:00,28.0,12783.0,Portugal
581184,POST,POSTAGE,2,2011-12-07 16:24:00,18.0,12569.0,Germany
581183,POST,POSTAGE,4,2011-12-07 16:24:00,18.0,12569.0,Germany
581217,DOT,DOTCOM POSTAGE,1,2011-12-08 09:20:00,863.8,,United Kingdom
581219,DOT,DOTCOM POSTAGE,1,2011-12-08 09:28:00,1008.96,,United Kingdom
581232,POST,POSTAGE,4,2011-12-08 10:26:00,40.0,12358.0,Austria
581238,DOT,DOTCOM POSTAGE,1,2011-12-08 10:53:00,1683.75,,United Kingdom
581266,POST,POSTAGE,5,2011-12-08 11:25:00,18.0,12621.0,Germany
581279,POST,POSTAGE,3,2011-12-08 11:35:00,18.0,12437.0,France
581405,M,Manual,3,2011-12-08 13:50:00,0.42,13521.0,United Kingdom
581439,DOT,DOTCOM POSTAGE,1,2011-12-08 16:30:00,938.59,,United Kingdom
581492,DOT,DOTCOM POSTAGE,1,2011-12-09 10:03:00,933.17,,United Kingdom
581493,POST,POSTAGE,1,2011-12-09 10:10:00,15.0,12423.0,Belgium
581494,POST,POSTAGE,2,2011-12-09 10:13:00,18.0,12518.0,Germany
581498,DOT,DOTCOM POSTAGE,1,2011-12-09 10:26:00,1714.17,,United Kingdom
C581499,M,Manual,-1,2011-12-09 10:28:00,224.69,15498.0,United Kingdom
581570,POST,POSTAGE,1,2011-12-09 11:59:00,18.0,12662.0,Germany
581574,POST,POSTAGE,2,2011-12-09 12:09:00,18.0,12526.0,Germany
581578,POST,POSTAGE,3,2011-12-09 12:16:00,18.0,12713.0,Germany
581587,POST,POSTAGE,1,2011-12-09 12:50:00,18.0,12680.0,France
